key,11,12,13
#,Name,Impression,Description
offset,0,4,8
int32,str,str,str
2162688,梭鱼埠头,某位商人所见的风景。向下望去，三艘红帆军舰列队停泊，彰显着利姆萨·罗敏萨作为海之都的深厚实力。,军用埠头，利姆萨·罗敏萨引以为傲的旗舰舰队“黑涡舰队”在此停泊。一般市民是禁止进入的，不过，可以从视野好的地方看到旗舰凯旋号及整个舰队的英姿。
2162689,阿斯塔利西亚号海盗船,某个海盗所见的景色。喝酒之后就会情绪高涨，便会非常嚣张地到不好惹的家伙们的地盘上去张望。结果第二天醒来时发现自己被吊起来了。,三大海盗之首的海盗团“断罪党”拥有的大型帆船。虽然表面上对外宣称这是一艘外国籍的商务船，但其实每个人心里都清楚，那是大海盗希尔菲厄的私有船。船内则是各路海盗们的社交场所。
2162690,海词石窟的纪念碑,某位水手所见的风景。其在出海打渔之前固定会做的仪式，在远离阳光的洞穴中为逝去的同伴们祈祷。悄然的雨声，为祈祷伴上了一曲安稳的镇魂歌。,船员们的纪念碑。纪念碑上刻有传说会运送灵魂的黑尾鸥，以及一首镇魂歌：“我是支撑船只的波浪，我是指引海员的微风。我是夜晚的星星，我是早晨的天空。我生于大海之中，亦将逝于大海之中。”
2162691,天梯,某位运货人所见的风景。辛苦劳动的工作中抽空看看美景可以说是最好的休息。蓝天下的气球真是美妙。,第七灵灾时，天地巨变导致这里的地形发生了极大的变化。为了跨越这新生的横断崖，利姆萨·罗敏萨的运货人共同搭建起了能够运送货物的升降机。除升降机外，有时他们还会使用气球上下传递物资。
2162692,拉撒格兰东路,某位警备兵所见的风景。灰色的天空有如灰色的心情，只有登高远望前人开拓出的道路，回顾开拓者的辛劳，才能让心绪得到舒展。,连接中拉诺西亚和拉诺西亚低地、并通往东拉诺西亚的一条道路。这条路是以一位精灵族的冒险者“拉撒格兰”的名字命名。在人们迁入到这个岛屿的早期时候，他曾与建国船加拉迪翁号的领航员德内维尔一起，在岛上探索并记录下地形的结构。
2162693,砂盐滩,某位捕鱼人所见的风景。在放浪神的守护下，低垂的钓竿探索着水中的鱼群。每次看到眼前这些盐柱都让人回想起5年前的惨剧。,灵灾之时，坠落的卫月碎片贯穿了沙滩的地脉，使得大量的以太喷出形成偏属性水晶。也因此使得海水中的盐分结晶化，形成了巨大的盐柱。
2162694,赤血雄鸡农场的田地,某位农夫所见的风景。农夫每天都要起得很早，每天早起之后都有一项必做的事：站在大门之上，望向晨雾中的田地。虽然简单却能振奋一天的心情。,由一名园艺工建立的实验农场。这里不仅栽培农作物，也会饲养一些渡渡鸟和羊羔之类的家禽和家畜。农场的名字也颇有来历，当初人们为了取乐而让白鸡和红鸡相斗，可最终却由于斗争惨烈而使两只鸡浑身上下都染成了血红色。
2162695,酿酒师灯塔,某位灯塔看守人所见的风景。蓝色的天空，蓝色的大海。引导船只的灯光熄灭之后，喝上一大口小麦酒，放眼张望辽阔的大海，简直人生一大乐事。,在雨燕塔坍塌之后，人们建造了这座新的灯塔来指引航船。因为这里主要指引的是出入小麦酒港的船只，所以人们给其冠上了酿酒师的名号。在灯塔上可以一览为警戒水神利维亚桑海啸而设置的缓冲带。
2162696,制革匠行会,某位制革匠所见的风景。小的时候经常在行会内寻找特别的立足点，能够居高临下俯视工匠的工作也别有一番乐趣。尤其是在阴天的午后，屋子高处的风稍微有些凉飕飕的。,格里达尼亚的制革匠在整个艾欧泽亚都颇有名气，他们组成的工作室每天都在沉迷于对森林的恩惠进行加工。飞·乌尔工作室是其中尤为著名的一家工作室，技术不够的行会成员甚至没有资格冠上这个品牌，他们提供的商品一直都是供不应求。
2162697,碧企鹅瀑布,某个少年所见的风景。小瀑布的潺潺流水最能引起少年的兴趣。在假装睡了之后偷偷从家中溜出来，经过别人都不知道的秘密路线登到大人都无法触及的高点，成就感油然而生。,据说很久以前，人们在这个活水涌流形成的小瀑布试养过碧企鹅这种鸟类，瀑布的名字也由此而来。第六星历末期，贤者路易索瓦造访格里达尼亚时喜欢来此进行思索，也让这里更加有名。
2162698,弯枝牧场,某个牧童所见的风景。气球上的莫古力仿佛很享受阳光的照射。这样的天气实在是让人想要坐下休息片刻啊。,由“莫古力礼峰”经营的牧场，致力于让陆行鸟能够安定地进行繁殖，为此还专门从该项手艺的发源地伊修加德招来了饲养员。印有莫古力图案的气球是这里最显著的标志。
2162699,十二神大圣堂,某位园艺工所见的风景。阳光下的泉水闪闪发光，庭院中充满了庄严的感觉。在如此环境下，相信即使是毫无信仰的人，也会诚心献上一份祈祷吧。,在大冰雪时代之后，人们饱受饥饿和病痛的折磨，这座大圣堂就是当时的人们希冀得到所有十二神的加护而建造的。在第七灵灾后的困难时代，为了再次得到神的加护，格里达尼亚的人民们对这里进行了修缮。
2162700,妖精暂留地,某位博物学家所见的风景。为了更多了解妖精族在空中飞行时是什么样的感受而爬到了树屋的屋顶上。映入眼中的，则是黑暗中的灯火通明。,在妖精族内部也并没有对召唤雷神拉姆达成一致，暂留地的妖精们就是反对召唤的一派，他们离开了妖精领，来到这附近搭建起了一个暂时居住的村落。这里的住房是植物的枝叶和果实被施加了魔法后变化而成的，悬挂于树木之上，造型非常奇妙。因为妖精族可以飞行，所以房屋上完全没有设立梯子。
2162701,御道,某位近卫骑士所见的景色。漫长的夜巡结束了，回到三块银板上与同僚敬礼交接。天色渐明，该回宿舍去好好睡一觉了。,乌尔达哈政府层的步行道。通向皇宫正门的这条道路上，有近卫兵团“银胄团”的骑士看守在两侧。在王权强大的时期，路上聚满了为拜见王族而来的民众。可现今，这条路也不过就是富裕阶层的人拿来散步用的道路罢了。
2162702,黄金广场,某位杂技演员所见的景色。小气的市民不见到腾云驾雾的真功夫是不会投钱的，华丽地跳上通风庭院东侧的路灯上，俯视这些来往的家伙们吧。,黄金广场在乌尔达哈的中心部，广场中间配有喷水池，广大市民都可以在这里乘凉歇息。虽然黄金广场曾是王族舞会专用的场所，可是近年来国家经济困难难以维护，所以广场的管理权也就移交给了普通市民。
2162703,贸易城邦乌尔达哈,某位冒险者所见的风景。站在丰饶神井的篷子上遥望沙之都，天上的星光与城中的灯光遥相呼应，真不愧于“荒野的宝石”这一美名。,屹立在荒凉沙漠萨纳兰的贸易城邦。高大的城墙内，无数圆形屋顶的建筑物坐落其中。这个光景曾治愈过无数旅途劳累的旅行者。城市因贸易的缘故非常富裕，因此享有“荒野的宝石”这一美名。
2162704,希拉狄哈遗迹,某位冒险者所见的风景。满天浓雾干扰了前行的路线，一不小心从悬崖上跌落，出现在眼前的竟然是昔日王国的废墟，真是令人胆战心惊。,古都希拉狄哈的遗迹。约400年前，这座城市因败北于乌尔达哈而灭亡，时过百年，已被埋入沙中。乌尔达哈迁都之后，与埋在沙中的希拉狄哈有一部分重叠。
2162705,古菩猩猩的遗骸,某位园艺工所见的风景。慈悲的雨水降临到干涸的大地之上，令美丽的鲜花重新盛开。这一定是在慰藉这头生物的遗骸吧。,被有很多罕见花草所簇拥的古菩猩猩遗骸。在灵灾之时，陷入恐慌的古菩猩猩从库尔札斯山上跑了下来，在穿过黑衣森林的时候，粘上了很多奇花异草的种子，然后在这里筋疲力竭。
2162706,消逝王都,某位冒险者所见的风景。讨伐任务结束后，站在已经倒塌的建筑物上向上望去，低垂的云层下，古老的废墟依旧挺立在岩石后面。,火墙周边的地面因为卫月碎片的坠落而产生了巨大的裂痕。在裂痕之下显露出的是壮丽的遗迹。经研究表明，这里很可能是贝拉哈迪亚后期塔塔梅夫一世的墓地。
2162707,跨天桥,某位商人所见的景色，从沙之都走向森之都的路，途中在石桥停泊一晚，第二天清晨所见的古老王像庄重而威严。,跨天桥是萨纳兰与黑衣森林相互往来用的石桥。作为格里达尼亚重要的贸易道路，由铜刃团兰花联队旗下的防御部队驻守。另外，这里对调查消逝王都的学者们来说也是重要的地点。
2162708,轻声谷,听某位农夫所说的传闻。举办酒宴的好地方，飞溅的水花闪着晶莹的光芒，即使在阳光下也令人感到清凉舒爽。,在源自奥·哥摩罗的尼姆河常年的侵蚀下形成的溪谷。无数细小的瀑布与潺潺流水共同演奏出清澈的交响乐。由于溪谷遮蔽了阳光，所以这里成为了酒宴避暑的好地方，也因此受当地人喜爱。
2162709,盛夏农庄,从酒馆听到的传闻。海贼们虽然放弃了原本的行当，可是一沾酒就又会回到从前那种动手打架的样子，这时候还是登上坡道看戏比较好。,依照梅尔维布提督推行的迁入政策而开发的村落。目前由一些金盆洗手的海盗和资深农夫协力开拓。依靠无赖川丰富的水资源恩惠，使得拉诺西亚香橙的栽培取得了很大成功。
2162710,灰舰风车群,听某位商人所说的传闻。原本是为了避雨而躲在了小屋里，可是蛮族却突然出现了，没办法只好慌慌张张地跑到房顶上伺机逃跑。,这里的风车主要用来研磨赤血雄鸡农场的小麦和对羊毛进行缩绒。风车的扇叶都是利用的帆布，远远看去给人一种舰队的感觉。
2162711,隐秘瀑布,听某位女性所说的传闻。坐在椅子上的客人的视线甚至比天上的太阳更加火热。,由永恒川的流水形成的瀑布。富豪格格鲁玖在瀑布潭所在的海岸准备了住宿设施，用来接待贵宾。或许还有专属的舞女进行的特别招待。
2162712,白鸥塔,听某位佣兵所说的传闻。雨天的时候视野很不好，所以为了警惕来自大海的威胁，一定要站到高处进行监视。,由拉诺西亚特有的白色火山岩建成的小塔。既能够作为灯塔，提示靠近的船只已航行到深度较浅的海域；同时也能够作为监视塔，监视着鱼人族以及海盗的动向。塔的周围栖息着大量白色海鸥，白鸥塔因此得名。
2162713,小麦酒港的利姆莱茵像,听某位酿造师所说的传闻。载满酒桶的船只总是会慢悠悠地驶出港口。而送行的人们则会对美丽的女神献上祈祷。,对于长期航海的船只来说，小麦酒港是补充必要物资的重要海港。在其中心部，竖立着航海女神利姆莱茵的雕像。这座由鲁加族著名雕刻家雕刻而成的美丽女神像，至今仍在守护着出行的航船。
2162714,船舶墓场,听某位灯塔看守所说的传闻。散乱的漂浮物总是散发着令人毛骨悚然的气息。太阳落山之后千万不要到那里去。,在海上遇难的船只随着洋流漂到了这里，久而久之便成为了遇难船沉眠的墓场。根据当地人的传言，很多船都是受到传说中的魔物“塞壬”的魅惑而遇难的。
2162715,骷髅谷营地,从酒馆听到的传闻。为了保持警戒，防卫据点总是会选在视野良好的地方，不过一般人很少有勇气走进去。,黑涡团的军事据点。起初为了警告南下的地灵族，曾将地灵族头骨排列在山谷间，因而命名骷髅谷。如今，骷髅谷营地则是作为防御二分石地一带的鱼人族的重要据点，发挥着无可替代的作用。
2162716,南北防波堤,从酒馆听到的传闻。为了寻找重要的设备而爬到了篷子顶上，没想到意外地还挺结实。,黑涡团的防御壁。建造在被鱼人族占领的二分石地与骷髅谷的边界间。因为鱼人族的攻势经常被比做“海浪”，所以这座高大的墙壁也就得到了防波堤的名字。现在的防波堤仍然在坚守其职责，抵挡着鱼人族一波又一波的猛攻。
2162717,石绿湖营地,从酒馆听到的传闻。泡澡泡晕了的时候，出来到高处吹吹凉风会有些缓解的效果。而且吹风的时候能够看到的景色也是人间绝品。,受到灵灾的影响，石绿湖水位大幅下降，原本潜藏在湖底的古代尼姆遗迹也得以重见天日。人们见有温水涌出，于是将这里建设成了面向伤兵的温泉疗养地。同时也建起了面向一般人的温酒疗养院。
2162718,撒拉奥斯的遗骸,听某位博物学家所说的传闻。要感受其辉煌的过去，一定要在晴朗的日子攀到其身躯的最高处。,露出地表的巨大古代生物化石。与曾经女神利姆莱茵解放的海蛇撒拉奥斯有渊源，所以被称作撒拉奥斯的遗骸。另外，在这附近发现的海洋生物化石，也揭示了这座岛屿曾经处于海底深处。
2162719,吉吉卢恩交易站,从酒馆听到的传闻。为了躲避魔贝的追赶，爬到了彻夜发光的灯上。可是等到准备下来的时候却需要相当的勇气。,卢恩族的商人吉吉卢恩经营的交易站。与他的兄弟梅梅卢恩经营的交易站是竞争关系。至于为什么要在人烟稀少的地方开店，那就不得而知了。
2162720,尼姆浮游遗迹,听某位冒险者所说的传闻。漂浮在空中的神秘遗迹令人难以忘怀，水晶所发出光辉犹如地上的繁星。,古代尼姆城邦的遗迹。在第五星历时代，尼姆文明曾在威尔布兰德岛繁荣一时。由于地脉的以太偏属性水晶化，导致风属性的力量强化，使得一部分遗迹漂浮起来。这个景观可以说是如梦似幻。
2162721,瞭望阵营地,从酒馆听到的传闻。为了防备运输路线上的意外，可以躲在墙上那些植物中进行监视。,在拉诺西亚外地设立的黑涡团营地。由海盗兵组成的“红燕陆战队”镇守于此，在高台上时刻监视着地灵族的动向。同时，从这里向南望去，尼姆时代的“放浪神古神殿”遗迹风光也尽收眼底。
2162722,武伽玛罗武装矿山,听某位士兵所说的传闻。白天对敌人据点发动强袭作战时，他登上了最高的熔炉，给了敌人一个下马威。,地灵族开拓的武装矿山。周边有丰富的硫磺资源，渗出的地下水和工业废水相互交融，形成了独特的光景。凭借人口剧增带来的劳动力增加，使得扩张作业稳步进行。
2162723,隐者庵,听某位冒险者所说的传闻。一个不喜欢他人的怪人总是不在自己的房子里。即使随便进去坐坐也没问题。,遥望着北方奥·哥摩罗山的山间小屋。由于火山地带温泉丰富，主人在房屋边上还做出了一个天然的温泉浴池。不过小屋的主人几乎很少在家，可能是个喜欢在外面漂泊的人吧。
2162724,魔女咖啡馆和大水车,从酒馆听到的传闻。在为离开的人送行之时，让人印象最深的便是壮大的水车在不断地回转。,魔女咖啡馆的名字据说是得自一种叫做魔女草的植物。在这家咖啡馆的旁边就是全艾欧泽亚最大的木造水车——“斐加加大水车”。这座水车向刻木匠行会的工房输送动力，回转起来会发出很有韵律的声音。
2162725,枪术师行会,听某位卫兵所说的传闻。因为有人告诉他可以去偷学一些技巧，于是他便找了一个自认为的最佳位置，可是却被训斥了。,枪术师行会是由著名枪术师米斯塔尔所创设。维持格里达尼亚治安的鬼哭队现在也驻扎在这里，在道场里可以看到鬼哭队士兵和枪术师行会的成员们一起努力练习的场景。
2162726,烤饼练兵所,听某位卫兵所说的传闻。要找到不见了的部下其实很简单，跑到残桩的最高处往下看就可以了。,双蛇党为训练新兵而设立的练兵所。这里的训练场设立在黑衣森林独有的巨大树木“天柱树”的树桩上。树桩的切面很像是扁平的圆形烤饼，练兵所也因此得到了这个奇妙的名字。
2162727,静语庄园,听某位冒险者所说的传闻。被妖异所追赶拼命逃跑，等回过神来时已经身处一棵大树的树根上了。回头看去，从窗户中映出的灯光令人毛骨悚然。,原本是幻术皇的御用宅邸。二代以前的幻术皇认为这里过于奢华而决定搬出，之后这里就被交给了名门达尔坦库尔家。静语庄园中“静语”一词指的是人类和元灵之间那种不用语言的交流方式。
2162728,长老树,听某位幻术师所说的传闻。天气晴朗的日子里，为了倾听元灵的声音，他会走入森林深处一棵巨大的古树下面。,黑衣森林中最为年长的古树。据格里达尼亚的法师们介绍，森林大元灵就是栖息在这棵大树之中。由于树龄已经超过了一千年，所以人们对这棵树的果实也十分重视，将其命名为“千年果实”。
2162729,虹桥瀑布,听某位幻术师所说的传闻。流水与阳光所交织成的幻想之桥，那是人类与元灵紧密融合的证据。,流淌在黑衣森林中的东叶脉水流形成的瀑布。在阳光的照射下会映现出美丽的彩虹，于是当地人便亲切地给了这个瀑布一个“虹桥”的爱称。穿过瀑布的洞窟可以到达“再生的残桩”。
2162730,摇篮树,某位博物学家所见的风景。即使种族不同，保护后代延续生命的意志是共通的，在那些光芒里蕴含着这个种族的未来。,妖精的种子需要在被称作“摇篮”的茧里进行成长，而能够孕育出“摇篮”的则只有这棵大树。没有这棵树，妖精族就无法繁衍，这棵树的重要性由此可见一斑。周围生长的月芽可以发出淡淡的如同月光一般的光，仿佛是在守护着这棵大树。
2162731,巴斯卡隆酒家,听某个醉汉所说的传闻。醉酒后的第二天，醒来时发现自己被丢在了暴雨之中。可是无论如何都想不起来到底是怎么到这里来的了。,曾经当过哨兵的巴斯卡隆经营的酒馆。因为巴斯卡隆胸怀宽大，不论是冒险者还是驻扎在附近的不法之徒，都能在这里相安无事地对饮。这家酒馆已经成为了某种意义上的避风塘，在这里没有纷争。
2162732,森南飞艇坪,从酒馆听到的传闻。那些抛弃了这个设施的家伙一定想不到这里居然会变成现在的样子。,高风飞行社建设的货运飞艇坪。不过在帝国军入侵后，由于空中的安全问题无法得到保障，这里便被关闭了。现在已经成为了当地的偷猎者们交易货品的黑市所在地。
2162733,兀尔德恩惠地,听某位幻术师所说的传闻。神圣的森林中，有一个角落会发出淡淡的光芒，时隐时现的雾气使那里的气氛变得更加神秘。,蕴含着丰富以太的清澈泉眼。据圣典中记载，圣女兀尔德被恶神奥丁斩杀于此，此处因此被称为“兀尔德恩惠地”，但这个传说的真实性无从考证。
2162734,石场水车,听某位猎人所说的传闻。山好水好不如自己的家好。除掉烟囱口的灰尘时向下一望，这才是令人感到温馨的家园。,南部林区中的辅城，在当初建设森之都格里达尼亚时，这里曾经是加工石材的水车场。现如今已经不再经营这项行业，变为了森林猎人们所聚集的场所。
2162735,鸟人军采伐所,听某位哨兵所说的传闻。他总能听到森林里传来这样的怒号：“砍下来的木材是用来生活的，不是用来跳到尖上去玩的。”,侵入黑衣森林的鸟人族采伐部队砍伐树木的场所。鸟人族从他们在塞尔法特尔溪谷的根据地派出装甲气球，经由库尔札斯的风扬殖民地前来此地搬运木材。
2162736,陨石背阴地,听某位卫兵所说的传闻。月牙形的异物刺向天空。压倒一切的存在感令所有人都为之震撼。,在第七灵灾之时，卫月中封印古代蛮神的拘束具掉落在了这里。这些巨大的圆环能够抑制蛮神的力量，将那黑色的蛮神封印了诸多个世纪。可是现在，我们只能看到破损后的遗骸了。
2162737,桤木泉,听某位开山工所说的传闻。每前进一步都需要莫大的勇气，沿着树根走到极限的尽头，会有一番新的感悟。,这里过去是一片与“桤木泉”这个名字相符的、生长有无数桤木的繁茂森林，但第七灵灾让这里发生了巨大的变化。卫月的碎片坠落在这里，巨大的冲击给大地造成的创伤至今仍未恢复。
2162738,帝国海上基地,听某位士兵所说的传闻。在侦察的途中，偶然从高处看到了夕阳中的补给基地，那种感受令人浑身发冷。,建造在罗塔诺海上的帝国海上基地，是加雷马帝国的物资中转基地，用于进行海上补给。由帝国第十四军团的第十步兵大队驻守。
2162739,黄昏湾的罗罗力特像,从酒馆听到的传闻。只有比富豪更有钱的大富豪才能做出这种事。虽说可能会对财运有所帮助吧。,黄昏湾是乌尔达哈的海上关口。中央广场的铜像，是按照阿尔迪纳德商会的罗罗力特会长的形象建造的。虽然罗罗力特对港口投入了大量资金进行建设这点很让人称道，不过还是有些人认为这座雕像的容貌有些过度美化了。
2162740,黑尘驿站,听某位铁道员所说的传闻。检修设备很是辛苦，经常要半夜三更爬到高处去检查小小的地方。,原本是铜刃团的驻地，因艾玛吉娜矿山公司建设铁道的关系，在这里增设了驿站的功能。为了炼制采掘出来的矿石，这里设置了最新的高热炉，为乌尔达哈经济建设作出了巨大的贡献。
2162741,纳尔之门,从酒馆听到的传闻。既没有工作也没有钱，甚至连酒都喝不起，只能无所事事地度日，在布蓬上面看看荒野的风景。,乌尔达哈的主门之一。得名自掌管生者世界的纳尔神。由于乌尔达哈是一座贸易城邦，所以主门建设得特别宽大，能够允许两辆载满商品的陆行鸟篷车并行通过。
2162742,火墙,从酒馆听到的传闻。想要看到举世无双的美景，就一定要到水晶上面眺望。,卫月坠落时的碎片贯穿了大地，使得地脉中的以太大量流出。这些以太结晶化，形成火炎形状的偏属性水晶。这可以说是第七灵灾带来的壮烈景观之一。
2162743,黄金集市,听某位采矿工所说的传闻。越是偏僻的角落，就越有一劳永逸的可能。在日晒三竿的时候，爬到高高的栏杆上，寻找新的矿脉。,乌尔达哈的辅城。曾经作为贸易中转地非常热闹，后因与东方贸易的中断，导致这里变得非常冷清。传闻周边一带有着品质优良的秘银矿床，人们也很期待通过矿业能够振兴这里。
2162744,札尔神祠,听某位圣职者所说的传闻。只需静静地祈祷，便可获得来生的利益。如暴雨般的忏悔之泪定能挽救人的灵魂。,供奉双子神中的札尔神的神祠。札尔掌管着死后的世界，向其上供可以保佑来生的财富。为了进行节食祈祷，这里还设有纳尔札尔教团祈祷时用的设施。过去曾有很多前来巡礼参拜的人，可是近些年来人数下降了不少。
2162745,纳尔神祠,听某位圣职者所说的传闻。只有隆重地祈祷，才能获得现世的利益。向在雾中彷徨的灵魂进行布施，便能够拯救他们吧。,供奉双子神中的纳尔神的神祠。由于纳尔所掌管的是现世的利益，所以人们都认为诚心参拜后会有好事发生在自己身上。可是富裕阶层的人仅仅靠购买密尔瓦内斯礼拜堂贩卖的护身符即可满足，所以几乎没有人来参拜神祠。
2162746,不悔战阵,听某位士兵所说的传闻。荒野的风甚至能够切割岩石。风化的岩柱之上是专注监视敌军战阵的好位置。,蜥蜴人军的战阵。名字中的“不悔”表明了蜥蜴人战士永不退却的精神。他们把蛮神伊弗利特焚烧过的南萨纳兰赞拉克地区当做圣地。在历史上，蜥蜴人族和乌尔达哈也有过很多冲突。
2162747,工艺神击,听某位采矿工所说的传闻。虽然强烈的日照与高热的地面会让人很快便精疲力竭，但是古代亚拉戈遗迹的吸引力，就犹如宝山一样会令人无法自拔。,艾玛吉娜矿山公司为了从沙漠之中挖掘出古亚拉戈时代遗迹而设置的大型挖掘机。原本是希望这台机器能够像工艺神的大锤一样打出无比强悍的一击，可惜由于耐热性不是很好，总是会出现这样那样的问题。
2162748,喀恩埋没圣堂,从酒馆听到的传闻。想要研究当年的构造时，通过倾斜的墙面登上高处会比较快。,古代贝拉哈迪亚城邦时代的遗迹。这里曾是贝拉哈迪亚祭拜太阳女神阿泽玛的神殿，历代国王为了展示自己的权力，曾多次改造神殿。
2162749,牛魔里程,听某位士兵所说的传闻。在因为一点点热浪就停止训练的都是蠢货。真正的男子汉，要将坚韧的毅力和刚强的肉体结合到一起。,为了对抗东阿尔迪纳德商会的庞大资本，中小规模的旅行商人们组成了一个名为“商队互助会”的组织，这里便是组织交易所之一。此处交易所建立在第七灵灾之后，是为了与危险的撒沟厉沙漠方面进行贸易而专门建立的。
2162750,东侧监视塔,听某位士兵所说的传闻。站岗时最大的敌人便是自己的睡意。当头脑有些不清醒时，走到旗帜的尖端敬一次礼，睡意应该就会消散了。,用于监视帝国南方堡的监视塔。帝国南方堡由加雷马帝国第十四军团建造，是确保魔导兵器燃料资源供应的采掘据点。恒辉队驻守此监视塔，不分日夜地监视着采掘据点的状况。
2162751,青磷水输送管,听某位士兵所说的传闻。整备格子铁门非常花时间，晴天的时候视野还好说，可是一旦不小心将铁门放了下去就会出大事了。,向精炼所输送青磷水的管道。现在在艾欧泽亚需要利用青磷水的装置越来越多，从飞空艇到各种机械，燃料的需求量明显增大。为此艾玛吉娜矿山公司也花费了巨资来增加设备。
2162752,蓝雾,听某位工作员所说的传闻。即使到现在也没有适应那种蓝色的雾气，不过雾散天晴的时候，翘掉工作到高处遥望溪谷真的是一种不错的享受。,北萨纳兰的溪谷地带是在艾欧泽亚数一数二的青磷水储存地。在获取青磷水的时候产生的气体，使得周边被蓝雾笼罩，也因此成为了此地的景点。
2162753,劳班缓冲地,听某位士兵所说的传闻。即使云层密布之时，卫月的爪痕也依旧摄人心魄。站岗放哨时一定要针对那里仔细检查。,趁着第七灵灾混乱之际，帝国军向北萨纳兰发起了进攻，然而恒辉队的劳班局长却在战力处于劣势的状况下依旧奋战到底，终于成功守住了青磷精炼所。战后，两阵营之间的中间地带便被称作劳班缓冲地。
2162754,艾玛吉娜秘银废矿,听某位冒险者所说的传闻。之前曾被一群可疑的家伙抓到过，后来在大雾的掩护下，通过围栏柱子坏掉的地方逃了出来。,在20年前左右被放弃的废矿。这里的秘银矿脉曾经非常丰富，是为艾玛吉娜矿山公司带来“秘银热”的重要舞台，可惜后来矿脉逐渐枯竭，最终被放弃了。现在，这里则变成了邪教集团“最后之民”的秘密基地。
2162755,剑峰,听某位技术工所说的传闻。整备作业经常要忙到太阳落山，完全没有欣赏周围景色的空闲。,矗立于库尔札斯中央高地的高峰。据正教的圣典记载，战争女神哈罗妮挥剑刺入天空，从而将天界与地面彻底隔离。不过由于卫月的碎片刺入了山间，使得这把利剑的剑刃有些变形了。
2162756,阿德内尔占星台,从酒馆听到的传闻。一不小心从高处掉了下来，本以为死定了，却被吊灯救了一条命，真是九死一生。,配备有全艾欧泽亚最大天体望远镜的占星台。在观测天体运动的同时也承担着预测龙族动向的工作。据说占星台的名字来源于伊修加德历史上最伟大的占星学家。
2162757,龙族遗骸,听某位骑兵所说的传闻。每次看到那条尸体时，无论天气多么寒冷，都会立刻想到用弩炮贯穿巨龙的瞬间，顿时就会热血沸腾了。,被白云崖前哨的对龙弩炮打下的龙族的遗骸。在库尔札斯的严寒气候中结冰，基本没有腐烂。远远看去还以为是一只龙在雪中沉睡。
2162758,皇都伊修加德,听某位骑兵所说的传闻。故乡的城堡耸立在苍天之下，遥遥望去，心头的信念会变得更加坚定，无论前方的战斗多么严峻，我们也不能舍弃保家卫国的决心。,伊修加德是一座宗教城邦。为了防范龙族的袭击，城墙不但分为多个等级，上面还布有多重魔法屏障，同时成群的高耸尖塔上都设有对龙弩炮。因为伊修加德正教的教皇居住于此，所以此地也被称为皇都。
2162759,巨石丘,听某位骑兵所说的传闻。就算是巨大无比的赤色岩石，在这里也能看到其完整的全貌。,剑峰山麓的广阔山丘，过去有很多巨大的岩石点缀于此，因此得名“巨石丘”。灵灾之后，原本覆盖于卫月外壳上的暗物质附着在这片山丘上，形成了一种新的奇妙岩石。
2162760,战争神秘石,听某位骑兵所说的传闻。站在神圣的秘石之前能够感受到来自天空的视线。浑身都会紧张得无法自控。,显现出战争神哈罗妮的神印的神圣之石。对尊崇哈罗妮为主神的伊修加德正教来说，这块秘石所在的洞穴是重要的圣地。因此，他们在这里建造了秘石塔，严加看守。
2162761,披雪大冰壁,听某位调查员所说的传闻。可能只有留在这边的人才会认为那里是西方的尽头吧。即使是晴朗的日光，也无法令冻结的泪水融化。,第七灵灾引发的属性变动，使得库尔札斯地区以异常的速度变成了冰天雪地。仅仅5年的时间，奔流江和双子池的水便被冰结，形成了擎天的大冰壁。同时通往库尔札斯西部的陆路也被隔断了。
2162762,巨龙首营地,听某位骑兵所说的传闻。每次上屋顶除雪都是重体力劳动，不过视野开阔倒是很不错的回报。让白色的屋顶变回原本的绿色是我们持续不断的任务。,守卫皇都伊修加德的据点。名门福尔唐家的骑兵团驻守于此，对龙族和异端者、还有来自东方的入侵者鸟人族保持着警戒。据点的名字来自于附近的一块酷似龙头的巨大岩石。
2162763,钢卫塔,从酒馆听到的传闻。想要知道钢卫塔的情况，需要从塔的下方小心翼翼地观察。,对龙城塞，但现在已被破坏。这座塔原本和西方的石卫塔遥相呼应，共同构成了伊修加德的防卫双壁。但在黄龙斯瓦拉率领的龙族攻势下化作了一片废墟，现在只留下了一部分的外墙。
2162764,帝国中央堡,听某位逃兵所说的传闻。基地的内部设有转运站，每天都能看到很多物资进进出出。,加雷马帝国军的资源采掘据点。当初奈尔率领第七军团在这里建立起了帝国军新堡，灵灾之后新堡被第十四军团改造成了现在的中央堡。在基地内部还铺有运送矿石的铁路，以及“魔列车”的停车场。
2162765,水晶塔,听某位冒险者所说的传闻。从草木都结晶化了的地方，能够看到一座水晶组成的擎天柱。,在第七灵灾中突然出现在地表上的水晶巨塔。根据学术组织圣寇伊纳克财团的调查，这座塔本来是古代亚拉戈文明制造的能量收集装置，曾被称作“希尔科斯塔”。
2162766,早霜顶,听某位冒险者所说的传闻。大规模结晶化现象使得这片地区变成了青蓝色。站到水晶上的视野非常不错。,飞空战舰阿格里俄斯号的坠落导致这片地区出现了大规模的结晶化现象。甚至草木都变成了结晶的形态，在这里行走会听到脚下传来的咔嚓咔嚓声，仿佛走在寒霜之上。
2162767,密约之塔,从酒馆听到的传闻。阿格里俄斯号很值得一看，不过湖边很危险，爬到树上才能够安心眺望。,加雷马帝国军的飞空战舰阿格里俄斯号坠落于此，舰首向下没入了湖中，宛如一尊巨塔。古时起就守护着银泪湖的尘世幻龙的尸体则缠在这艘战舰上面。
2162768,隼巢,位于库尔札斯西部高地的某处。<hex:02100103>放眼望去，所见之景将被后世传颂。<hex:02100103>,位于库尔札斯西部高地的由哨兵的营房发展而来的山村。因第七灵灾后气候急剧变冷导致多数居民被冻死，伤亡惨重。曾经为了戒备龙族袭击，村中有驯鹰人常驻并饲养了许多白隼，村名由此而来。
2162769,交汇河营地,位于库尔札斯西部高地的某处。<hex:02100103>放眼望去，所见之景将被后世传颂。<hex:02100103>,伊修加德的骑兵团曾经驻扎的露营地。曾经是配备了以太之光的据点，但灵灾后被废弃了。因坐落于库尔札斯河和奔流江的交汇处，名字中也体现了河流交汇之处的意思。
2162770,卧龙岛,位于库尔札斯西部高地的某处。<hex:02100103>放眼望去，所见之景将被后世传颂。<hex:02100103>,坐落在已冻结成冰的灰烬池上的岛屿。传说为了镇压强大的龙族，教皇厅的法术团用魔法将其催眠，不知何时其周身被灰烬覆盖化作岩石，最终成为了一座岛屿。
2162771,暮卫塔,位于库尔札斯西部高地的某处。<hex:02100103>放眼望去，所见之景将被后世传颂。<hex:02100103>,伊修加德的对龙要塞暮卫塔。尤埃尔默里克指挥官曾率领狄兰达尔家的骑兵团在此驻扎，但在灵灾时城墙的一部分崩塌了。之后因气候急剧变冷导致暮卫塔被冰封锁，如今已经成为了魔物的巢穴。
2162772,戈尔加涅牧场,位于库尔札斯西部高地的某处。<hex:02100103>放眼望去，所见之景将被后世传颂。<hex:02100103>,侍奉于狄兰达尔家的骑士戈尔加涅建造的牧场。据说他作为狄兰达尔家长男的武术老师为培养爱徒倾注了心血，在爱徒失踪后万念俱灰决定引退，之后建造了这座牧场。
2162773,铁杉村,位于库尔札斯西部高地的某处。<hex:02100103>放眼望去，所见之景将被后世传颂。<hex:02100103>,位于库尔札斯西部高地的废村。从前是以周边林业为生的樵夫们居住的村落，灵灾后因气候急剧变冷而人去楼空。“铁杉村”的村名源于此地区特有的铁杉。
2162774,大脚雪人居所,位于库尔札斯西部高地的某处。<hex:02100103>放眼望去，所见之景将被后世传颂。<hex:02100103>,大脚雪人的居所。由于漏斗形的山崖可以抵御寒风侵袭，大脚雪人便自然而然地聚集到了这里。不过似乎至今还没有强大的头领出现，虽然聚集在一起但并不团结，依旧保持个体的自由行动。
2162775,唯一脑窟穴,位于龙堡参天高地的某处。<hex:02100103>放眼望去，所见之景将被后世传颂。,优秀的狩猎民族骨颌族居住的村落。其中遍布由分泌液与土的混合物建造而成的像是蚁穴的房屋。据说建筑物中焚烧了特殊的香草，从烟囱中飘出的烟有驱赶龙族的效果。
2162776,不洁村落,位于龙堡参天高地的某处。<hex:02100103>放眼望去，所见之景将被后世传颂。,疑似城市的遗迹。伊修加德教皇厅称这是异端者势力建造的不洁村落，毁灭于战神哈罗妮降下的神罚。至于事实是否如教皇厅所言如今还没有定论。
2162777,不洁三塔,位于龙堡参天高地的某处。<hex:02100103>放眼望去，所见之景将被后世传颂。,被伊修加德正教视为魔女们建造的异端之塔。其中配备了可供人类和龙族停泊的设备，建筑风格极为罕见。现在已经成为了龙族的居所。
2162778,悲叹飞泉,位于龙堡参天高地的某处。<hex:02100103>放眼望去，所见之景将被后世传颂。,曾是坐落于索姆阿尔灵峰山脚的巨大古代建筑物。如今已被破坏并被河流吞没，是魔物和野兽的珍贵水源。龙族为了捕捉魔物和野兽也会在此出没。
2162779,光轮祭坛,位于龙堡参天高地的某处。<hex:02100103>在此处献上祈祷，所见之景将被后世传颂。,位于流淌着岩浆的彻悟岩窟底端的祭坛。摆放着依照龙族和人类女性雕刻而成的雕像，但人类女性雕像似乎在很久以前就遭到了破坏。从此垂直向上望去，可以看到浮在空中的索姆阿尔灵峰底部。
2162780,尾羽集落,位于龙堡参天高地的某处。<hex:02100103>放眼望去，所见之景将被后世传颂。,猎人们的村落，他们为了捕捉野生陆行鸟而来到了秘境——陆行鸟之森。七天树繁茂的树冠挡住了盘旋在上空的龙族的视线，所以人类可以在此处生活。
2162781,索姆阿尔灵峰,位于龙堡参天高地的某处。<hex:02100103>放眼望去，所见之景将被后世传颂。,坐落于西阿巴拉提亚山脉的艾欧泽亚最高峰。知晓死期的龙族会来到这里，是龙族的终焉之地，也被称为圣地。由巨大的水晶构成，从山腰到山顶都浮在空中，有种极致的美感。
2162782,莫古力之家,位于翻云雾海的某处。<hex:02100103>放眼望去，所见之景将被后世传颂。,坐落于艾欧泽亚最高峰索姆阿尔灵峰峰顶的莫古力族的村落。虽然翻云雾海算是龙族的领地，但当地的莫古力族与圣龙赫拉斯瓦尔格立下了盟约，所以可以在此地生活。
2162783,龙巢神殿,位于翻云雾海的某处。<hex:02100103>放眼望去，所见之景将被后世传颂。,邪龙尼德霍格居住的龙巢。在邪龙的魔力的作用下，周边被雷云覆盖无法轻易接近。尼德霍格在结束了数十年至一百年为周期的活动进入休眠期时，似乎会在此处沉睡。
2162784,惋惜之晶遗迹,位于翻云雾海的某处。<hex:02100103>放眼望去，所见之景将被后世传颂。,名字中带有一股哀伤之意的遗迹。被破坏的建筑物有一半被水晶埋没。从结晶量可以推测出，很可能曾有拥有七大天龙级别魔力的生命在此消逝……
2162785,天极白垩宫,位于翻云雾海的某处。<hex:02100103>放眼望去，所见之景将被后世传颂。,坐落于圣龙赫拉斯瓦尔格领地的壮丽的宫殿。和圣龙立下盟约的云海莫古力族会对此地进行维护，但还是敌不过千年的时光，建筑渐渐风化。即便如此，这座建筑依旧拥有着震撼人心的美丽。
2162786,人王像,位于翻云雾海的某处。<hex:02100103>在此处献上祈祷，所见之景将被后世传颂。,坐落在绿茵岛相邻浮岛上的巨大的人物雕像。莫古力族似乎将此像的原型当做地上人类之王，将其称为人王像。不过如今记录早已丢失，不知此像究竟象征何人。
2162787,书信之家,位于翻云雾海的某处。<hex:02100103>放眼望去，所见之景将被后世传颂。,疑似很久很久以前人类与龙族合作建造的建筑物，如今大半已化为瓦砾。因为建筑物中到处刻有文字，所以当地的莫古力族将其称为书信之家。据说千年前的遗物如今仍然遗落在那里。
2162788,飞龙港,位于翻云雾海的某处。<hex:02100103>放眼望去，所见之景将被后世传颂。,莫古力族传说中的空中港口，有许多人为了骑乘双足飞龙而来。建筑物十分坚固，如今依然残留了一部分，但居住在那里的龙族几乎全是会袭击人类的邪龙眷属。
2162789,云顶营地,位于阿巴拉提亚云海的某处。<hex:02100103>放眼望去，所见之景将被后世传颂。,艾因哈特家的蔷薇骑兵团驻扎的据点。为了从高空监视龙族而建立在浮岛上的营地。配备了新造飞空艇捍卫者号，但因为故障不断而毫无战斗力。
2162790,候鸟云巢,位于阿巴拉提亚云海的某处。<hex:02100103>在此小憩，所见之景将被后世传颂。,"有一些候鸟会随着季节变化往来于近东地域与艾欧泽亚,为了躲避严寒,那些怪鸟在这里搭建了巢穴,它们在此产卵、养育后代。在雏鸟们学会飞行后便会离开巢穴向东飞去。"
2162791,沃仙曦染,位于阿巴拉提亚云海的某处。<hex:02100103>放眼望去，所见之景将被后世传颂。,在水属性水晶的作用下由大气中的水分聚集而成的泉水。骑兵们发现这美丽的泉水后，觉得就如同吟游诗人传颂的传说中的美景圣地“沃仙曦染”一般美丽，便以此为名称呼下去。
2162792,魔窟离岛,位于阿巴拉提亚云海的某处。<hex:02100103>放眼望去，所见之景将被后世传颂。,魔窟离岛的名字在瓦努语中有着高处的声音的意思。岛上留有一座刻有莫古力族喜欢的图案的石碑，但岛上并没有莫古力族的踪影。不知这里究竟拥有着怎样的历史。
2162793,落羽大房,位于阿巴拉提亚云海的某处。<hex:02100103>放眼望去，所见之景将被后世传颂。,瓦努族的圣地之一，据讲述传说的人所说，这里曾飘落下云神俾斯麦的羽毛。如今温杜族长老的宅邸建立在此地作为其权利的象征。
2162794,瓦纳温杜集落,位于阿巴拉提亚云海的某处。<hex:02100103>放眼望去，所见之景将被后世传颂。,瓦努族主要氏族温杜族的根据地。“瓦纳”在瓦努语中有“高处”的意思。当地居民认为越高的地方越容易将自己的声音传达给云神，所以高海拔的地方对他们来说有着重要的意义。
2162795,亨格坩埚,位于阿巴拉提亚云海的某处。<hex:02100103>放眼望去，所见之景将被后世传颂。,位于阿巴拉提亚云海东部有着奇怪形状的浮岛。在发现了这座浮岛的伊修加德骑士眼中，这座浮岛形状和库尔札斯地区的童谣中的魔女亨格所用的坩埚很像，便将其命名为亨格坩埚。现在是巨嘴鸟的栖息地。
2162796,宗匠大工房,位于龙堡内陆低地的某处。<hex:02100103>放眼望去，所见之景将被后世传颂。,曾是聚集了萨雷安工匠的大工房。此地曾经生产过以太之光。但是如今被企图独占知识的哥布林族科学家组织青蓝之手占领，似乎他们正在将此地改造成要塞。
2162797,萨雷安治学区,位于龙堡内陆低地的某处。<hex:02100103>放眼望去，所见之景将被后世传颂。,萨雷安辖区中沙利亚克河西岸的地区。曾经有许多研究员和学者聚集在此地区。圣茉夏娜植物园等研究以及教育机关也集中在此。曾经充满了学术城邦的气息。
2162798,先贤伟业纪念碑,位于龙堡内陆低地的某处。<hex:02100103>放眼望去，所见之景将被后世传颂。,为了纪念那些逝去的将知识传承下去的先人们，为了铭记他们的伟业而建造的大石碑。上面铭刻了知识之都萨雷安的格言“知识不求人”以及历代大贤人的名字。
2162799,知识神水瓶,位于龙堡内陆低地的某处。<hex:02100103>放眼望去，所见之景将被后世传颂。,沙利亚克河的大瀑布。阿巴拉提亚山脉的积雪溶化后成为了地下水，与山下无数的支流汇合流入低地形成一条大河。其名字由知识神沙利亚克拥有的可以生成知识之水的魔法水瓶而来。
2162800,迦巴勒幻想图书馆,位于龙堡内陆低地的某处。<hex:02100103>放眼望去，所见之景将被后世传颂。,殖民城市萨雷安为保管各地集聚的知识而建造的大图书馆。在大撤退时重要的资料都被带回了北洋的祖国，不过现在地下的禁书库中依旧保管着少量书籍。
2162801,奥恩原生林,位于龙堡内陆低地的某处。<hex:02100103>放眼望去，所见之景将被后世传颂。,延伸在龙堡内陆低地北部的原生林。水量丰富的沙利亚克河滋润着当地的土地，保留了原汁原味的自然生态。如果想不经由龙堡参天高地前往萨雷安，就需要沿河而上穿过这片原生林。
2162802,圣茉夏娜植物园,位于龙堡内陆低地的某处。<hex:02100103>放眼望去，所见之景将被后世传颂。,萨雷安人建立的植物园的遗址。内部的温室中栽培着从世界各地采集而来的植物和草木纲的魔物，人们在此进行各种各样的学术研究。不过植物园在大撤退时被废弃，现在没有任何人在管理。
2162803,飞空战舰格拉提翁号,位于魔大陆阿济兹拉的某处。<hex:02100103>放眼望去，所见之景将被后世传颂。,加雷马帝国第六军团的旗舰。是与飞空战舰阿格里俄斯号同型号的战舰。受到冰神希瓦的拼死攻击后，舰载青磷炉被带有魔力的冰包裹住而陷入了无法航行的状态。
2162804,无限回廊,位于魔大陆阿济兹拉的某处。<hex:02100103>放眼望去，所见之景将被后世传颂。,古代亚拉戈帝国的博物战舰。为将这千年大帝国的遗产永远地保存下来而建造了这艘战舰。据说其内部保留着从日用品到最新军用兵器等各种物品，甚至还有极其危险的魔科学产物。
2162805,对偶处刑台,位于魔大陆阿济兹拉的某处。<hex:02100103>放眼望去，所见之景将被后世传颂。,被囚禁的七大天龙之中的暗龙提亚马特。过去曾与光龙巴哈姆特一起在南方大陆生活，但在和亚拉戈帝国军的战斗中败北。至今依然在后悔将因反抗而死的光龙作为蛮神召唤出来。
2162806,魔科学研究所,位于魔大陆阿济兹拉的某处。<hex:02100103>放眼望去，所见之景将被后世传颂。,古代亚拉戈帝国的研究设施。曾在这里进行过封锁龙族行动的拘束装置的开发以及对蛮神封印系统的研究。也曾进行过对蛮神兵器的研究，研究所内部潜伏着许多被废弃的实验体。
2162807,螺旋港,位于魔大陆阿济兹拉的某处。<hex:02100103>放眼望去，所见之景将被后世传颂。,阿济兹拉配备的巨大港湾设施。由导航系统的解说得知，似乎是可以容纳诸神黄昏级拘束舰等级的巨大舰艇的港湾设施。据说过去在设施中存在着更多的对接环。
2162808,隔离实验岛,位于魔大陆阿济兹拉的某处。<hex:02100103>放眼望去，所见之景将被后世传颂。,位于魔大陆阿济兹拉一角的浮岛。整座浮岛就是一个隔离未能达到魔科学部安全基准的危险合成生物的设施。根据记录可知，这里似乎曾经是进行作物品种改良的农业研究所。
2162809,重组实验室,位于魔大陆阿济兹拉的某处。<hex:02100103>放眼望去，所见之景将被后世传颂。,亚拉戈帝国魔科学部旗下的研究设施，进行了各种合成生物的开发。根据导航系统的解说可以得知，这里以进行非常安全且独特的实验而备受好评，但却让人禁不住对此番言论深表怀疑。
2162810,征龙像,位于库尔札斯西部高地的某处。<hex:02100103>在此处勉励自己，所见之景将被后世传颂。<hex:02100103>,为称颂初代苍天之龙骑士——征龙将哈尔德拉斯而建造的巨大石像，是由女雕刻家佩瑟勒耗费晚年30余年的时间制造而成的杰作。其艺术技巧和历史价值之高，直到其建成后150余年的今天，依然无出其右。
2162811,黑铁大桥,位于库尔札斯西部高地的某处。<hex:02100103>放眼望去，所见之景将被后世传颂。<hex:02100103>,作为连结皇都和暮卫塔的补给通路，由泽梅尔家建造而成的石吊桥。桥身以即使被龙族的吐息所灼烧也不会断裂的黑铁锁链为材料，因此而得名“黑铁大桥”。
2162812,龙涎,位于库尔札斯西部高地的某处。<hex:02100103>于此处静坐，所见之景将被后世传颂。,传说是因为龙族所喷吐的灼热吐息而形成的温泉。在寒冷化逐渐加剧的如今，纯天然温泉已是十分稀少，所以常有野生生物为取暖而来到这里。此外，该温泉的疗效也受到了骑兵们的青睐。
2162813,板岩连峰,位于库尔札斯西部高地的某处。<hex:02100103>在此地展示自己的存在，所见之景将被后世传颂。<hex:02100103>,此地由于可以采集到优质的粘板岩，故而得名“板岩连峰”。3年前，计划在此地筑起炮台阵地的泽梅尔家骑兵团与意图阻止的毒龙库耶列布希曾在此地展开过一场壮烈的激斗。
2162814,宽慰河,位于龙堡参天高地的某处。<hex:02100103>放眼望去，所见之景将被后世传颂。<hex:02100103>,据当地猎人的说法，为了祭奠成为龙族牺牲品的野兽们，才将这条河命名为“宽慰之河”。而异端者们却主张说这里是用来抚慰曾经人类与龙族的诀别的场所。
2162815,自由脑窟穴,位于龙堡参天高地的某处。<hex:02100103>放眼望去，所见之景将被后世传颂。<hex:02100103>,由通称“离群一族”的少数派骨颌族所建立的小型集落。“自由脑”指的即是精神没有连结在一起的骨颌族。他们与精神互相连接的“同心一族”不同，个体之间有着各自的个性。
2162816,悄声小道,位于龙堡参天高地的某处。<hex:02100103>放眼望去，所见之景将被后世传颂。,古代道路的遗址，由于年久失修，过去由石材铺设而成的道路半数已经化为了沙地路。由于踩在沙地路上发出的沙沙声会惊动猎物，尾羽集落的猎人们才将此地命名为“悄声小道”。
2162817,龙人路,位于龙堡参天高地的某处。<hex:02100103>放眼望去，所见之景将被后世传颂。,通往不洁三塔的大道。过去曾被叫做“德拉·艾拉”，在龙族的语言中意为“龙与人的街道”，代表着人类与龙族的共同繁荣。而在两种族已然决裂的现如今，这个名称已经失去了意义。
2162818,无名的龙雕像,位于翻云雾海的某处。<hex:02100103>在此处献上祈祷，所见之景将被后世传颂。,静静耸立于翻云雾海一角的石像。建造该石像的原委和经过至今不明，只有一行以古伊修加德文字写在其基部的铭文仍然隐约可见：“纪念雄壮的苍蓝之翼”。
2162819,人王遗迹,位于翻云雾海的某处。<hex:02100103>放眼望去，所见之景将被后世传颂。,邪龙尼德霍格被人类所背叛，在狂怒之下造成巨大破坏的遗迹。居住于云海的莫古力族认为这里是“地上人类之王”居住过的遗址，至于是真是假就不得而知了。
2162820,最高大的树,位于翻云雾海的某处。<hex:02100103>放眼望去，所见之景将被后世传颂。,莫古力族认为这棵古树是翻云雾海所有树木的“父亲”。据推测，其树龄至少超过1000年，早在人类与龙族的争斗开始前就一直守护着这片云海了。
2162821,寒风岛,位于阿巴拉提亚云海的某处。<hex:02100103>放眼望去，所见之景将被后世传颂。,位于尊杜集落西北方的小型浮岛，瓦努族讲述传说的人称其为“乘云起风之岛”。在过去人类和瓦努族有交流的时候，蔷薇骑兵团的骑兵根据瓦努族的叫法，将该岛命名为“寒风岛”。
2162822,破碎脊骨,位于阿巴拉提亚云海的某处。<hex:02100103>放眼望去，所见之景将被后世传颂。,受到北方强烈季节风的侵蚀作用而形成的外形奇特的浮岛。由于看上去像是怪物的骨骼一般令人毛骨悚然，因此在伊修加德骑兵之间都称呼此岛为“破碎的脊骨”。
2162823,起源岛,位于阿巴拉提亚云海的某处。<hex:02100103>放眼望去，所见之景将被后世传颂。,蔷薇骑兵团的骑兵玛丽埃勒在前往云顶营地赴任时，在飞空艇甲板上从上空发现的一座心形浮岛。她怀抱着“希望这里能成为‘恋人间爱的起源之地’”的想法，将该岛命名为“起源岛”。
2162824,沙利亚克大瀑布,位于龙堡内陆低地的某处。<hex:02100103>放眼望去，所见之景将被后世传颂。,沙利亚克河流向北方的奥恩原生林途中形成的宏伟瀑布。过去在学生之间曾经非常流行一种“极限游近大瀑布”的试胆比赛，但很快就因过于危险而被明令禁止了。
2162825,硕学之路,位于龙堡内陆低地的某处。<hex:02100103>放眼望去，所见之景将被后世传颂。,通往迦巴勒幻想图书馆的巨大石桥。受到第七灵灾时发生的地壳变动影响而坍塌，现在已是残垣断壁。而在过去，曾有众多司书、学生以及研究者通过这座桥往来于图书馆。
2162826,小刀石柱群,位于龙堡内陆低地的某处。<hex:02100103>放眼望去，所见之景将被后世传颂。,像小刀般尖锐的石柱林立的石柱群。起初由于地名过于直白，在萨雷安的学士之间引起了激烈的争论。结果由于提案像当地的石柱数量一样多，最终也没能改名。
2162827,水晶增殖炉,位于魔大陆阿济兹拉的某处。<hex:02100103>放眼望去，所见之景将被后世传颂。,旨在利用三斗神的能力，将合成生物的生命能量结晶化，从而增殖水晶的幻之永久机关。这里曾经进行过用生产出的水晶进而培养合成生物，通过循环来获得无限力量的研究。
2162828,生体培养局,位于魔大陆阿济兹拉的某处。<hex:02100103>放眼望去，所见之景将被后世传颂。,亚拉戈帝国魔科学部旗下的合成生物培养设施。该设施接收魔科学研究所等各地研究机关的各种“独创性的委托”，培养各种各样的实验生物。与作为其附属设施的人工诱变所相邻接。
2162829,古代大教堂,位于魔大陆阿济兹拉的某处。<hex:02100103>放眼望去，所见之景将被后世传颂。,南方大陆“美拉西迪亚”风格的古代大教堂。似乎是南方大陆的树状种族为了祭祀三斗神之一的魔神萨菲洛特而建造的。亚拉戈人为了研究信仰和蛮神之间的关联，而将该教堂迁移了过来。
2162830,威罗迪纳基地,位于基拉巴尼亚边区的某处。<hex:02100103>放眼望去，所见之景将被后世传颂。,加雷马帝国设在威罗迪纳大桥上的物资中转基地，位于威罗迪纳河之上。连接着军事设施众多的山区与封锁了艾欧泽亚的巴埃萨长城。中央那座巨大的塔是飞空艇的系留塔。
2162831,幻我园,位于基拉巴尼亚边区的某处。<hex:02100103>放眼望去，所见之景将被后世传颂。,约300年前由拉尔戈星导教高僧海伊马特开拓的僧园。“幻我”这个词由古代玛哈语而来，意思是“自己的幻景”，这就表示了这里是直面自己的幻影从而磨炼身心的地方。
2162832,开宗堂,位于基拉巴尼亚边区的某处。<hex:02100103>放眼望去，所见之景将被后世传颂。,很久很久以前，一个想要接近破坏神拉尔戈的男子开始了用拳头击打岩石山的修行，几十年后，他终于将岩山石击出了一个大洞。这位无名修炼者就是星导教的第一位武僧，而这里也被后人当成了教义的开创之地，并建造了这个祠堂。
2162833,帝国东方堡,位于基拉巴尼亚边区的某处。<hex:02100103>放眼望去，所见之景将被后世传颂。,加雷马帝国建立的据点。原本是巴埃萨长城的建设据点，在第七灵灾后盖乌斯再次侵略艾欧泽亚的时候，被提升为了扩建后的帝国堡。现在位于双蛇党的管辖之下。
2162834,昏暗林,位于基拉巴尼亚边区的某处。<hex:02100103>放眼望去，所见之景将被后世传颂。,位于东境混交林南部的大片阴暗的森林。在提蒙河流淌而来的河水与各处涌出的地下水的影响下，森林中常年弥漫着湿漉漉的雾气。因此，无论白天还是夜晚都十分昏暗。
2162835,天母寝宫,位于基拉巴尼亚边区的某处。<hex:02100103>放眼望去，所见之景将被后世传颂。,阿难陀族建筑的泥城。据说地下有供奉美神吉祥天女的地下神殿，因此人们才会将这里命名为阿难陀语的“天母寝宫”。现在则被主流派的伽黎亚派占据着。
2162836,对等石,位于基拉巴尼亚边区的某处。<hex:02100103>放眼望去，所见之景将被后世传颂。,梅氏的逐日之民们居住的村落。为了能够将猎物和入侵者尽收眼底，他们将村落建在了可以展望整个地盘的岩石山之上。在帝国的支配下，猎户们逐渐被视为野蛮者，处境十分艰辛。
2162837,藏泪丘,位于基拉巴尼亚山区的某处。<hex:02100103>放眼望去，所见之景将被后世传颂。,悼念死者的地方。背后有飞流直下的瀑布，隆隆的声音响彻云霄，可以掩盖哭声；飞溅的水珠迎面扑来，可以隐藏泪水。但是在帝国长年的支配下，宗教活动全部被禁止，人们甚至无法自由地祭奠死者。
2162838,寒炉村,位于基拉巴尼亚山区的某处。<hex:02100103>放眼望去，所见之景将被后世传颂。,伫立在基拉巴尼亚山区深山之处的贫寒村落。因为土地贫瘠收成不好，自古以来靠年轻人外出当佣兵赚钱勉强维持生计。也是阿拉米格的猛牛——劳班·阿尔丁出生的故乡。
2162839,纽恩克雷夫的方舟,位于基拉巴尼亚山区的某处。<hex:02100103>放眼望去，所见之景将被后世传颂。,在大洪水袭击艾欧泽亚的第六灵灾发生时，北洋出身的纽恩克雷夫为了拯救人们建造了这只方舟。它救起了一个个遭遇海啸漂浮在海上的人们后，整条船都被魔法传送走了，最终漂到了这个地方。
2162840,阿拉加纳,位于基拉巴尼亚山区的某处。<hex:02100103>放眼望去，所见之景将被后世传颂。,位于基拉巴尼亚山区北部的村落。过去因采矿业而繁荣一时，连装饰阿拉米格王宫的美丽石材都是由这个村落的凿石匠凿下来的。然而，现在却面对着产业衰退的危机。
2162841,御制监望塔,位于基拉巴尼亚山区的某处。<hex:02100103>放眼望去，所见之景将被后世传颂。,加雷马帝国军的巨大监视塔。主塔是为了监视其行省基拉巴尼亚而最先建造的，之后又加入了为了再次侵略艾欧泽亚而增建的通讯塔以及为了启动究极神兵而增建的能量塔。
2162842,赎罪之腕,位于基拉巴尼亚山区的某处。<hex:02100103>放眼望去，所见之景将被后世传颂。,只要修身养性，就可以赎清罪孽。在拉尔戈星导教的这则教义下，人们建造了这个地方来让犯罪者赎罪。据说只要在这间寺院进行七年的严酷修行，无论犯过多么深重的罪都会得到破坏神的宽恕。
2162843,赤红神塔,位于基拉巴尼亚山区的某处。<hex:02100103>放眼望去，所见之景将被后世传颂。,在第六灵灾末期至第六星历初期建造的遗迹。据说是由来自无限城与玛哈，这两个过去曾经对立的魔法城邦的魔法师们为了平息灵灾造成的混乱气候而建造的，类似于地脉镇石的建筑。
2162844,启程回廊,位于基拉巴尼亚山区的某处。<hex:02100103>放眼望去，所见之景将被后世传颂。,据说很久以前，在拉尔戈星导教的总部结束了修行的武僧在这条回廊进行了启程的仪式。当时包括星导寺的参拜者在内，有很多人造访这里，曾经热闹一时。但在废王泰奥德里克的命令下，现在早已被烧成了一片废墟。
2162845,要塞城邦阿拉米格,位于基拉巴尼亚湖区的某处。<hex:02100103>放眼望去，所见之景将被后世传颂。,第六星历1135年，统一了基拉巴尼亚地区的霸王安兹海尔姆为了迎击从伊尔萨巴德大陆流入的势力而建造的要塞城邦。在加雷马帝国的统治之下，行省总督府被设置在了这里，这也是帝国支配的象征。
2162846,阿拉米格人居住区,位于基拉巴尼亚湖区的某处。<hex:02100103>放眼望去，所见之景将被后世传颂。,要塞城邦阿拉米格南部的居住区。为了配合人口的增长而最新扩建的区域，因此距离王宫十分遥远，从建立起就被当成了苦力街。在帝国的统治下，似乎已经变成了没有市民权的人居住的地方。
2162847,望云塔,位于基拉巴尼亚湖区的某处。<hex:02100103>放眼望去，所见之景将被后世传颂。,为了监视云海而设置在城邦与北洲伊尔萨巴德大陆之间的塔。一旦发现入侵者，就会从塔的顶层放出带火的箭，通知城邦有危险。但是，在帝国的支配下却从来没有使用过。
2162848,圣礼拜台,位于基拉巴尼亚湖区的某处。<hex:02100103>献上祈祷，所见之景将被后世传颂。,为了参拜矗立在盐湖的破坏神拉尔戈像而设的礼拜台。只要登上最顶层，就可以在破坏神面前献上祈祷。在废王泰奥德里克的统治下，也是一个被当作刑场使用的恶名昭彰的地方。
2162849,地下水路,位于基拉巴尼亚湖区的某处。<hex:02100103>放眼望去，所见之景将被后世传颂。,为了将盐湖的水引入阿拉米格城市内而开辟的水路。人们将在这里取到的盐水蒸馏成淡水后加以饮用。因为帝国安设了魔导式水道的缘故，现在几乎没有人再来这里了。
2162850,天营门,位于基拉巴尼亚湖区的某处。<hex:02100103>放眼望去，所见之景将被后世传颂。,是帝国白山堡的正门（天营门），正确地说是正门的一部分。在帝国侵略之前，这里是通往阿拉米格的主干道的关口，前往近东地区的商队络绎不绝。
2162851,赤诚组营房前,位于黄金港的某处。<hex:02100103>放眼望去，所见之景将被后世传颂。,维护黄金港治安的组织——赤诚组的营房前。在正对广场的茶屋里能看到不当班的赤诚组成员。另外，抬头望去还能看到宏伟的黄金阁天守，因此这里也是一个著名的景点。
2162852,望海楼,位于黄金港的某处。<hex:02100103>于此处静坐，所见之景将被后世传颂。,以眺望大海的温泉——“望海泉”为招牌的黄金港温泉旅馆。远东之国的公共浴池大多是男女混浴，任何人都可以裸身进入。可是在有着众多异国人的黄金港泡温泉时，则需要穿上类似泳衣的衣服。
2162853,小金街,位于黄金港的某处。<hex:02100103>放眼望去，所见之景将被后世传颂。,在遍地生财的商业港口“黄金港”中象征着赚取零钱的商店街。这里聚集着各种各样的店铺，从出售由异国商船运来的进口货的店铺到将远东之国的特产出售给异国商人的店铺应有尽有。另外，剧场“无地鼓座”也是这里的名产之一。
2162854,小金街后巷,位于黄金港的某处。<hex:02100103>放眼望去，所见之景将被后世传颂。,小金街的后巷。这里可以看到东方特有的拱型太鼓桥——黄昏桥，还可以将国立的造船厂——黄金船库与建在其上的飞空艇搭乘点等堪称黄金港名胜的地点一览无余。
2162855,潮风亭,位于黄金港的某处。<hex:02100103>放眼望去，所见之景将被后世传颂。,黄金港最大的酒馆。这里不仅有当地的商人和港湾的劳动者，还有很多异国人。据说这里的特产是从远东之国的紫州运来的米酒与使用新鲜的海产烹饪的各种东方菜肴。
2162856,碧玉水,位于红玉海的某处。<hex:02100103>放眼望去，所见之景将被后世传颂。,由碧甲甲人族建立的海底村落。甲人族虽然可以长时间屏气，但毕竟不能像鱼人族那样用鳃呼吸。因此，他们在漫长的历史中研究出了一种魔法性技术，可以将巨大的气泡固定在水中。
2162857,冲之岩,位于红玉海的某处。<hex:02100103>放眼望去，所见之景将被后世传颂。,漂浮在红玉海上的小岛之一。北侧有着巨大的珊瑚群，还有占领了红玉海的海贼众建立的据点。另外，据远东之国的博物学者所说，这个岛是由狱之盖的喷石而形成的。
2162858,天之御柱,位于红玉海的某处。<hex:02100103>放眼望去，所见之景将被后世传颂。,通天的巨大石塔。在流传于东方地域的神话中，这里是由孕育国土的神明建造的，但真相却不得而知。历史上虽然曾经是禁忌之地，但在战乱期却被不惧神明的海贼众登陆，他们还在这里建立了据点痉挛寨。
2162859,酒杯岛,位于红玉海的某处。<hex:02100103>放眼望去，所见之景将被后世传颂。,据说这个岛是海贼众最初举杯结为兄弟的地方。对海贼众来说，这是个堪称发祥地的特别之地。即便是现在，他们还会在岛上设置监视据点，监视来往于红玉海的船只。
2162860,绝鬼岛,位于红玉海的某处。<hex:02100103>放眼望去，所见之景将被后世传颂。,红甲族的据点。因为这里是居住着杀人恶鬼的岛，所以红甲族将其命名为“绝鬼岛”，但不知从何时起，连甲人族都开始这样称呼这个岛了。另外，这里过去虽然是座岛，但却通过熔岩与大陆本土连接在一起，所以严格说来并不算岛屿。
2162861,渔村,位于红玉海的某处。<hex:02100103>放眼望去，所见之景将被后世传颂。,位于奥萨德次大陆东岸的村落，村名意味着这个村子是靠渔业建立起来的。海贼众过去曾在这里设置了一个小屋，用来向渡过红玉海的人们征收保护费。
2162862,岩燕庙,位于延夏的某处。<hex:02100103>放眼望去，所见之景将被后世传颂。,用来供奉岩燕这位伟大武将的灵庙，是他让战火纷飞的延夏实现了统一。岸壁上的巨大石像是以岩燕为原型雕刻的。另外，他不仅是一名剑豪，还是一位著名的术士，据说创立多玛式风水术的始祖就是他。
2162863,帝国河畔堡,位于延夏的某处。<hex:02100103>放眼望去，所见之景将被后世传颂。,25年前帝国军用来当攻占多玛的前哨基地而设立的据点。在控制了多玛之后也曾把这里当成占领统治的据点短时间利用过，但近年来，由于多玛城的重建工程持续推进，中流部分已经被遗弃，这里几乎没人再使用了。
2162864,茨菰村,位于延夏的某处。<hex:02100103>放眼望去，所见之景将被后世传颂。,位于延夏的玄水连山的山村。古语“茨菰”的意思是生长在水田等地的一种草，表示这个村子从很久以前就是个种稻的米仓。村民们一直在帝国的残酷统治下保护着这片水田。
2162865,七彩沟,位于延夏的某处。<hex:02100103>放眼望去，所见之景将被后世传颂。,流淌着七色水的神奇泉眼。人们认为是因为这里充满了露出地面的优质水晶矿床，在属性之力的作用下才形成了这么美丽的景色。不过，也有传说说这是由天女架起的彩虹之桥而来的。
2162866,多玛城,位于延夏的某处。<hex:02100103>放眼望去，所见之景将被后世传颂。,支配延夏的多玛国的城池。是为了管理既是物流大动脉又是周边地区水源的无二江，而利用突出江面的石山而搭建的。在帝国的支配下，这里被当成了行省的总督府，同时还扩展了军事功能。
2162867,大龙月门,位于延夏的某处。<hex:02100103>放眼望去，所见之景将被后世传颂。,为了管理前往无二江的江船而建造的巨大水门。利用了天然的岩石山建造的大龙壁中央，镶嵌着一道满月型的门。帝国军为了加强对河川的支配，在这里增设了魔导结界发生器。
2162868,弓束官邸,位于延夏的某处。<hex:02100103>放眼望去，所见之景将被后世传颂。,管理着无二江中流城市的地方官的宅邸。地方官由代代侍奉多玛国主一族的名门弓束家当家担任。多玛叛乱的时候这里被烧成了废墟，现在则成了鲶鱼精们的栖息地。
2162869,乔尔艾恩石环,位于太阳神草原的某处。<hex:02100103>放眼望去，所见之景将被后世传颂。,位于巴儿达木霸道附近的石柱群。石柱上刻着游牧民们的古老歌谣。另外，石柱看上去像是随便分布的，但据说每当有风从这里吹过，就会听到类似于古老旋律的声音。
2162870,朵塔儿水洲,位于太阳神草原的某处。<hex:02100103>放眼望去，所见之景将被后世传颂。,游牧的暮晖之民朵塔儿部生活的地方。“水洲”意味着这里是一个涌水之处，也是干燥的月神沙漠中极为珍贵的绿洲。在南部的沙漠地带旅行的时候，需要在这里进行最后的补水。
2162871,暮晖王座,位于太阳神草原的某处。<hex:02100103>放眼望去，所见之景将被后世传颂。,象征着第一位敖龙族女性“暮晖之母”的巨大石像。意味着这里是月神创造暮晖之母的地方。可是带着沙尘的风不断吹向这里，使得石像渐渐风化，现在已经快要被埋入沙地之中了。
2162872,重逢集市,位于太阳神草原的某处。<hex:02100103>放眼望去，所见之景将被后世传颂。,暮晖之民中的凯苏提尔部建立的交易所。“重逢”这个名字象征着分裂成了50多个部落的暮晖之民希望能够在这唯一的地方重新变回一个部落的心愿。现在已经有很多居住在草原的部落加入其中，还有异国的商人也会造访。
2162873,恰佳遗骨堂,位于太阳神草原的某处。<hex:02100103>献上祈祷，所见之景将被后世传颂。,安置暮晖之民圣人恰佳的遗骨的地方，据说他曾经英勇对抗巨大的龙，从而保护了人们与家畜。在那达慕大战中胜利的部落会在战后来到这里献上供品，这个传统仪式一直流传至今。
2162874,晨曦王座,位于太阳神草原的某处。<hex:02100103>放眼望去，所见之景将被后世传颂。,传说中太阳神创造第一位敖龙族男性“晨曦之父”的圣地。经过了历代的强大部落的统治与重建，现在太阳湖上已经建起了巨大的台座，还有一座耸入云霄的巨大宫殿。
2162875,破坏神像,位于神拳痕的某处。<hex:02100103>放眼望去，所见之景将被后世传颂。,破坏与彗星之神拉尔戈的神像。是由星导教的僧侣与信徒们花费了数百年的时光，一点一点地雕凿山岩建造而成的。因其过于巨大，相传就连火烧星导寺的泰奥德里克王也拿它没办法。
2162876,血雨的训诫,位于神拳痕的某处。<hex:02100103>放眼望去，所见之景将被后世传颂。,破坏神像脚下的石碑。上面刻有星导教高僧所留下的话：“七狱门开七天堕泪 血雨狂潮动荡 破坏神拳所及之处 众生皆留痕伤”。
2162877,呵欠洞,位于基拉巴尼亚边区的某处。<hex:02100103>在夜间放眼望去，所见之景将被后世传颂。,欧米茄和神龙的大战所留下的痕迹。神龙如同呵欠一般张大嘴，放出的光芒在地面上留下了这个大洞，因此称为呵欠洞。如果那道光的轨道再稍微偏一点的话，恐怕梅氏的村子就要不保了吧。
2162878,阿拉基利,位于基拉巴尼亚山区的某处。<hex:02100103>放眼望去，所见之景将被后世传颂。,基拉巴尼亚山区的驿站。位于从阿拉米格通往乌尔达哈与格里达尼亚两个地区的交通要道，曾也是与东方进行陆路贸易的重要的中转站。在帝国的统治下，则主要以驻扎在军事据点内的兵将们为买家进行交易。
2162879,御制监望塔2,位于基拉巴尼亚山区的某处。<hex:02100103>放眼望去，所见之景将被后世传颂。,加雷马帝国军巨大的监视塔。名称的含义为皇帝的监视塔。位于崇山峻岭所环绕的山区的中央，不断监视着帝国支配下的村落。对于阿拉米格的人民们来说，它就是压迫与暴政的象征。
2162880,沉没的破坏神像,位于基拉巴尼亚湖区的某处。<hex:02100103>放眼望去，所见之景将被后世传颂。,作为拉尔戈星导教被指定为阿拉米格国教的纪念而被供奉起来的破坏神石像。在阿拉米格最后的王泰奥德里克与星导教对立之时，它被直属于王的近卫队所破坏， 沉入到了盐湖之中。
2162881,阿拉米格人居住区2,位于基拉巴尼亚湖区的某处。<hex:02100103>放眼望去，所见之景将被后世传颂。,要塞城邦阿拉米格南部的居住区。在帝国的统治下，这里被指定为没有市民权的“安”阶级的人们的居住区，根据对他们的“游荡民”这一蔑称，这里在当时被称为游荡民居住区。而这一歧视性的称呼，如今也成了过去。
2162882,瑞光像,位于黄金港的某处。<hex:02100103>放眼望去，所见之景将被后世传颂。,以武边瑞光为原型的铜像。他作为在黄金港所在的岛屿“紫州”南部建立末之国的武将而为人所熟知。只是，黄金港本身为幕府直辖领地，因此不属于末之国。
2162883,乐座街,位于黄金港的某处。<hex:02100103>放眼望去，所见之景将被后世传颂。,根据远东之国幕府的特例，与商业有关的限制被大幅减缓的商业街。 从贩卖各种商品的店铺，到提供给国内外的商人与旅客的住宿设施和娱乐设施等等，一应俱全。
2162884,转魂塔广场,位于黄金港的某处。<hex:02100103>放眼望去，所见之景将被后世传颂。,转魂塔，即以太之光所在的广场。在远东之国，这种设施自古以来都是由被称为鬼师众的神秘技术集团进行制造并保护管理的。因为这里是交通枢纽，赤诚组的监视也很严格。
2162885,黄金船库,位于黄金港的某处。<hex:02100103>放眼望去，所见之景将被后世传颂。,由黄金港奉行所设立的造船厂。其目的并非是为了建造关船这类的大型船，而是以停泊在黄金港的船只的修理与小型船只的建造为主。因此，这里的船工们很多也都精通外国船只的构造。
2162886,紫水宫,位于红玉海的某处。<hex:02100103>放眼望去，所见之景将被后世传颂。,静静的矗立于苍玉海沟中的海底宫殿。由居住于红玉海海底的翠水之民们建起，他们的统领红玉公主则居住于其中。不只是外人，就算是翠水之民没有特别许可的话也是禁止入内的。
2162887,奥萨德东岸,位于红玉海的某处。<hex:02100103>在清晨放眼望去，所见之景将被后世传颂。,面向红玉海的奥萨德次大陆东岸地区。历来渔业繁盛，海岸线上散布着许多渔村。这里风光明媚，因此也留下了许多诗词。
2162888,痉挛寨,位于红玉海的某处。<hex:02100103>放眼望去，所见之景将被后世传颂。,支配红玉海的海贼众们的根据地。由于畏惧被认为从神话时代起就耸立于此处的神秘巨塔“天之御柱”的缘故，这里自古以来就被人当成禁忌之地。但是海贼众们不惧于神，在此建立了据点。
2162889,高速魔导驱逐艇L-XXIII,位于延夏的某处。<hex:02100103>放眼望去，所见之景将被后世传颂。,沉没于无二江水底的高速魔导驱逐艇的残骸，舰籍编号中的“L”代表其所属于第十二军团，而“XXIII”则意味着它是第23号舰艇。它的任务曾是镇压多玛叛乱，似乎是被守护延夏的妖狐所击沉。
2162890,模儿衣楼,位于太阳神草原的某处。<hex:02100103>放眼望去，所见之景将被后世传颂。,暮晖之民模儿部落的居留地。会随着家畜所食用的草的变化而移动的模儿部，每个季节都会变换新的居留地。为此，他们的帐篷也都设计得十分便于移动。
2162891,莫艾石像,位于太阳神草原的某处。<hex:02100103>放眼望去，所见之景将被后世传颂。,以人脸为原型的巨大石像。在世界各地都有同样的石像存在，但它们的建造者，建造时间以及目的均不明。根据角的有无以及耳朵的位置，有人认为这些石像是出自人族之手，但也只是推测。
2162892,圆顶区,位于水晶都的某处。<hex:02100103>放眼望去，所见之景将被后世传颂。,位于水晶都关口的区域，因圆顶建筑鳞次栉比，故得名圆顶区。黑铁框架搭配结晶材料的建筑设计应该会给到访者留下深刻印象。
2162893,宇宙和音,位于水晶都的某处。<hex:02100103>放眼望去，所见之景将被后世传颂。,水晶都最大的商业区域。虽然名字中的“宇宙”略显夸张，但除了中庸工艺馆的产品以外，这里还陈列着交易商从安穆·艾兰和珂露西亚岛运来的各类商品，颇有一种包罗万象的感觉。
2162894,博物陈列馆,位于水晶都的某处。<hex:02100103>放眼望去，所见之景将被后世传颂。,收集了残存在诺弗兰特的所有书籍的大书库，与“三艺”中的“文法”对应。这里的藏书种类繁多，不仅有历史之类的学术书籍，还有简单易懂的图书。
2162895,狂喜圆塔群,位于水晶都的某处。<hex:02100103>放眼望去，所见之景将被后世传颂。,水晶都北部的区域。圆柱形的各类建筑物被赋予了居住区域、生产设施、防卫设施等职能。“狂喜”之名源自曾经的某个传说：“在救世主降临之时，已死之人将会重生，并感到无尽的狂喜。”起这个名字也是为了让“光之泛滥”的难民能够感到重获新生。
2162896,圣林牧场,位于水晶都的某处。<hex:02100103>放眼望去，所见之景将被后世传颂。,勇人族主导运营的牧场，从鸡到陆行鸟，这里饲养着各种家禽和家畜。“圣林”指的是“神圣森林中的窠巢”，源自传说中的阿马罗居住的理想乡，现实中这里也确实饲养着许多阿马罗。
2162897,光荣门,位于游末邦的某处。<hex:02100103>放眼望去，所见之景将被后世传颂。,通往游末邦的树根层的主门。其厚重门扉的内外完全是两个不同的世界。对于众多贫民来说，通过这个门进入城内意味着无比的光荣，但光荣门就像它的名字一样只为身具光荣的人敞开。
2162898,废船街,位于游末邦的某处。<hex:02100103>放眼望去，所见之景将被后世传颂。,位于游末邦基部的贫民区。因光之泛滥导致无法远洋航海，所以远洋船失去了用武之地，后来便被当作建材形成了这条街。其中有些建筑是和船的一部分直接拼凑而成的。
2162899,游末邦军总司令部,位于游末邦的某处。<hex:02100103>放眼望去，所见之景将被后世传颂。,以强大著称的游末邦军的总司令部。原本设置在最上面的树梢层，但沃斯里就任元首之后改变了政策，军队的意义淡化，于是总司令部被转移到原本是监狱的这一层。
2162900,蜂箱夜总会,位于游末邦的某处。<hex:02100103>放眼望去，所见之景将被后世传颂。,开设这个娱乐设施的主要目的是给在游末邦安稳生活的自由市民提供犹如蜜蜂蛰刺般的刺激。在这里工作的人不论男女均被称为蜜蜂，总管则拥有“女王蜂”的称号。
2162901,乔布要塞,位于雷克兰德的某处。<hex:02100103>放眼望去，所见之景将被后世传颂。,负责水晶都防卫的城塞群之一。这里原本是雷克兰德联邦时代为骑士修道会建造的据点，后来曾被损毁，被修复之后便成为了现在的城寨群。如今破败的光耀教会遗址，也只能让人缅怀其往昔的风光。
2162902,拉迪斯卡瞭望塔,位于雷克兰德的某处。<hex:02100103>放眼望去，所见之景将被后世传颂。,建造在雷克兰德中央的瞭望塔。拉迪斯卡是一位士兵的名字，他曾经发现了食罪灵大军飞来，因及时通知众人避难而拯救了无数的生命。但据说他自己为了牵制敌人而留在塔中，最终战死。
2162903,拉克汕城,位于雷克兰德的某处。<hex:02100103>放眼望去，所见之景将被后世传颂。,曾经的雷克兰德联邦的王城。在“光之泛滥”爆发之前，一名叫做“影之王”的人物率领菁灵族的守旧派在这里发动了政变。而令“影之王”丧命的最后一战也发生在这里。拉克汕是古菁灵语，雷克兰德便是从这个词发展而来。
2162904,奥斯塔尔严命城,位于雷克兰德的某处。<hex:02100103>放眼望去，所见之景将被后世传颂。,化为废墟的雷克兰德联邦的城塞。菁灵族的骑士奥斯塔尔面对迫近的食罪灵大军，为了保护百姓，严令部下一步都不许退，奋战到底。如今的名字就是基于这个故事而得名的。
2162905,责罚监狱,位于雷克兰德的某处。<hex:02100103>放眼望去，所见之景将被后世传颂。,雷克兰德联邦时代创建的监狱遗迹。位于悬崖下的废墟，曾经是在狱中工作的狱卒们居住的场所，据说当时被称作铁锁街。在化为废墟的如今，这“铁锁”也早已变成“锈锁”了。
2162906,阴沉乡,位于雷克兰德的某处。<hex:02100103>放眼望去，所见之景将被后世传颂。,始源湖湖畔的渔村。用桥把杂草岛、砖土岛、疙瘩岛、波浪岛这四个岛连接而成。因为村中有许多板着脸的渔夫，所以自虐式地起了一个奇怪的村名。
2162907,碎贝海岸,位于珂露西亚岛的某处。<hex:02100103>放眼望去，所见之景将被后世传颂。,名字来源于这片海岸上总是有很多破碎的贝壳，滞潮村的村民都认为十分贴切。过去有很多捕鱼人都会在这里活动，不过如今治安混乱，只剩下了野蛮的大哥布林到处游荡。
2162908,白油瀑布,位于珂露西亚岛的某处。<hex:02100103>放眼望去，所见之景将被后世传颂。,位于沃茨河中段的瀑布，落差很大，令人过目难忘。由于流速恰到好处，水流从高处落下时不会飞散，而是能够直线落到崖底。有一位著名诗人看到这条瀑布后，将没有飞散的水形容为粘稠的油，于是这条瀑布就得到了这个新名字。
2162909,门前区,位于珂露西亚岛的某处。<hex:02100103>放眼望去，所见之景将被后世传颂。,期盼移居游末邦的难民聚集在一起而自然形成的贫民区。尽管居住环境恶劣，但因为基本没有遭到食罪灵袭击的风险，并且还有免费粮食妙料的分发，因此人口依然在不断增长。
2162910,工匠村,位于珂露西亚岛的某处。<hex:02100103>放眼望去，所见之景将被后世传颂。,珂露西亚岛南部的农村。这里生活着一群拒绝免费妙料的农民，他们凭借传统的农耕方法维持生活，栽培的作物以大麦和各种蔬菜为主。不过大约一年前，独行食罪灵突然袭击了这里，导致很多人不幸遇难。
2162911,大升降机,位于珂露西亚岛的某处。<hex:02100103>放眼望去，所见之景将被后世传颂。,连接珂露西亚岛高地和低地的巨大升降机。曾经是以代达罗斯公司的塔罗斯作为动力启动升降机的，不过自从该公司撤出之后已经放置很久了。据说过去是与矮人族进行交易的要地。
2162912,图姆拉村,位于珂露西亚岛的某处。<hex:02100103>放眼望去，所见之景将被后世传颂。,分散在格鲁格火山周围的矮人族的集落之一，主要居民为图尔家族的人。里面的建筑小巧玲珑，十分符合矮人族的习惯，但在其他种族眼中大概就只是个街道模型吧。
2162913,侏儒烟囱,位于珂露西亚岛的某处。<hex:02100103>放眼望去，所见之景将被后世传颂。,穿过矮人洞窟后出现的类似通风口的地方。在格鲁格火山活动的影响下，这里变成了定期喷出温水的间歇泉。因为周围会产生硫磺等物质，所以矮人族非常看重这里。
2162914,红店野营地,位于安穆·艾兰的某处。<hex:02100103>放眼望去，所见之景将被后世传颂。,水晶都的商队设置的阿马罗搭乘点，在前往安穆·艾兰做生意时可以起到中转站的作用。为了方便保护收集起来的资材，他们利用了沙尔北城的遗址。
2162915,鼹灵集市,位于安穆·艾兰的某处。<hex:02100103>放眼望去，所见之景将被后世传颂。,鼹灵族自古便在安穆·艾兰生活，它们在这里建设了一个贸易集市，陈列着从荒野各处收集来的物品。如果想获得矿物和拿巴示艾兰的遗物，来这里购买是首选。
2162916,安穆马利克新宫殿,位于安穆·艾兰的某处。<hex:02100103>放眼望去，所见之景将被后世传颂。,安穆的意思是伟大，马利克是拿巴示艾兰男性君王的称号。这里曾经是拿巴示艾兰的政治和军事中枢，在成为阻止光之泛滥的基点时，半个宫殿都被光之波动吞噬瓦解了。
2162917,比朗大矿山,位于安穆·艾兰的某处。<hex:02100103>放眼望去，所见之景将被后世传颂。,为了开发比朗山中的矿物资源，人们曾经运用塔罗斯进行过大规模的开采，丰富的矿藏也令这里繁极一时。“比朗”是一位隆索族伟人的名字，和附近的迦利克村及凯尔克遗迹一样，都是以故人的名字命名的地名。
2162918,络尾聚落,位于安穆·艾兰的某处。<hex:02100103>放眼望去，所见之景将被后世传颂。,拿巴示艾兰聘请猫秘族的塔罗斯技师开设矿山铁道时，也在这里建设了一个据点作为工作人员的住处。之后这里一直是矿工们的落脚地，不过随着矿业的衰退，人口也在不断减少。
2162919,凯尔克遗迹,位于安穆·艾兰的某处。<hex:02100103>放眼望去，所见之景将被后世传颂。,隆索族的村落遗址。这里好像在“光之泛滥”爆发之前就因人口迁移而变成了废墟，也因此没有被什么大规模战斗波及，成了拾荒圈中发掘宝物的知名场所。
2162920,群花馆,位于伊尔美格的某处。<hex:02100103>放眼望去，所见之景将被后世传颂。,这里原本孚布特王国下辖的一个小山村，在“光之泛滥”爆发后，原住民纷纷搬走，仙子族便趁机住了进来。这里原本的主要产业是畜牧业，因此还留有饲养用的牲口棚，一些爱喝羊奶的仙子族便接过了饲养绵羊的工作。
2162921,笃学者庄园,位于伊尔美格的某处。<hex:02100103>放眼望去，所见之景将被后世传颂。,某位异邦的贤人曾经借住过的房屋。这里原本属于一位孚布特王国的地方领主，里面因为其个人兴趣收藏了很多书籍和器材。虽然现在原主人已经不再居住，但好奇的妖灵们竟然没有把那些收藏搞坏，说是奇迹也不为过。
2162922,普拉恩尼茸洞,位于伊尔美格的某处。<hex:02100103>放眼望去，所见之景将被后世传颂。,这里是卫德·因克等曾经与孚布特王国共存的恩莫族们生活的洞窟。普拉恩尼指的是他们培养出来的大蘑菇，将其内部挖空后可以用来居住。
2162923,鱼群镇,位于伊尔美格的某处。<hex:02100103>放眼望去，所见之景将被后世传颂。,原本是翠光城外围的城镇。在妖灵占领伊尔美格这片地区之后，水妖族引来了大量的水造出了身镜湖，也将整个城镇都沉入到了水底，变成了如今的鱼群镇。
2162924,梦羽城,位于伊尔美格的某处。<hex:02100103>放眼望去，所见之景将被后世传颂。,这里曾经是孚布特王国的王城。也是化身为灵光卫的妖灵王缇坦妮雅被关押的场所。这个名字融合了妖灵语和孚布特语，给人一种十分梦幻的感觉。
2162925,圣法斯里克天庭,位于伊尔美格的某处。<hex:02100103>放眼望去，所见之景将被后世传颂。,这里的地名源自圣法斯里克，是一位光耀教会的圣人。他因为在这里进行过苦行而为人熟知。但如今，这里已变成了妖灵的国度伊尔美格，可能只有恩莫族还有人知道这个名称的由来和含义了。
2162926,戈恩要塞,位于拉凯提卡大森林的某处。<hex:02100103>放眼望去，所见之景将被后世传颂。,流入拉凯提卡大森林的“夜之民”构筑的要塞遗址。因遭到食罪灵大军的袭击而发生了大规模火灾，结果被焚烧殆尽。幸存的居民们似乎转移到了蛇行枝居住。
2162927,水蛇宝卵,位于拉凯提卡大森林的某处。<hex:02100103>放眼望去，所见之景将被后世传颂。,在大树的支撑下漂浮于蛇水湖之上的巨大水晶块。似乎在比隆卡帝国更早的远古时代起就一直受到当地居民的供奉。根据当地的传说，水晶块内封印着伟大的“水蛇”。
2162928,朵瓦特里沉没神殿,位于拉凯提卡大森林的某处。<hex:02100103>放眼望去，所见之景将被后世传颂。,隆卡帝国用岩石建造的神殿之一。该帝国瓦解之后，虽然受到某神官一族的保护，但不知何时却被湖水吞没了。据传隆卡皇帝的秘宝就沉眠其中，但真相至今依然是个谜。
2162929,洛查特尔大阶梯,位于拉凯提卡大森林的某处。<hex:02100103>放眼望去，所见之景将被后世传颂。,据传是隆卡神话中登场的巨人洛查特尔创造的阶梯状瀑布。据某位历史学者所说，洛查特尔即初期的塔罗斯，隆卡文明壮丽的岩石神殿或许也是他建造的。
2162930,法诺村,位于拉凯提卡大森林的某处。<hex:02100103>放眼望去，所见之景将被后世传颂。,奉隆卡皇帝之命，这个村庄中的维斯族在几千年来一直守护着拉凯提卡大森林的遗迹群。不过由于其他大多数村庄都因“光之泛滥”而毁灭，这个村庄很难单独存续，前景令人担忧。
2162931,四晨星,位于拉凯提卡大森林的某处。<hex:02100103>放眼望去，所见之景将被后世传颂。,祭祀司掌隆卡大星座的四位神明的遗迹群。四位神明分别为火之神奥奇斯加托尔、水之女神伊奇丝洛克瓦、风之神奥奇斯恰尔以及土之女神伊奇丝安帕。法诺村的人自认为是隆卡的守护者，所以他们将这里视作圣地。
2162932,鳍人潮池,前往他人未曾涉足之地，驻足于诺弗兰特的某处。<hex:02100103>放眼望去，记录尚未见过的美景。,构建于黑风海海底的鳍人族的集落。“潮池”指干潮时留在海岸上的海水水洼。在“光之泛滥”爆发时，一些偶然待在陆地上的人幸免于难，他们把这里作为临时避难所，于是有了“鳍人潮池”这个名字。
2162933,奇人工作室,前往他人未曾涉足之地，驻足于诺弗兰特的某处。<hex:02100103>放眼望去，记录尚未见过的美景。,水晶都出身的某位天才工匠为远离社会文明而用来隐居的工作室。虽然他本人将此处单纯地称为工作室，但是在海底设计工房这种想法本身就已经异于常人了。
2162934,陆人墓标,前往他人未曾涉足之地，驻足于诺弗兰特的某处。<hex:02100103>放眼望去，记录尚未见过的美景。,珊瑚丛生的洞窟。“陆人”是鳍人族对地上人类的称呼。由于红珊瑚看起来就像地上人类的血管，所以很多鳍人族都认为这里沉睡着陆人的灵魂。但是生活在地上的人类直到近几年才听说这个名字的来历。
2162935,尊紫洞,前往他人未曾涉足之地，驻足于诺弗兰特的某处。<hex:02100103>放眼望去，记录尚未见过的美景。,尊紫贝的栖息地。这种贝壳可以制作一种紫色的染料，而这种紫色被视为身份高贵。游末邦对紫色的偏好应该也是起源于此。
2162936,亚马乌罗提,前往他人未曾涉足之地，驻足于诺弗兰特的某处。<hex:02100103>放眼望去，记录尚未见过的美景。,据鳍人族所言，这座海底都市是在一夜之间拔地而起的。与长期沉睡在海底日趋腐朽的遗迹明显不同，这里的建筑崭新完整，就像时常有人精心打理一样，是个充满谜团的地方。
2162937,莱韦耶勒尔府,位于旧萨雷安的某处。<hex:02100103>放眼望去，所见之景将被后世传颂。,莱韦耶勒尔家的宅邸。以现任家主富尔什诺为代表，莱韦耶勒尔家族历代成员中不乏就任于哲学家议会的议员，可谓贤才辈出，是萨雷安首屈一指的名门望族。这座经历300年星霜的华美宅邸被许多人视为萨雷安建筑史上的宝贵遗产。
2162938,知识神海港,位于旧萨雷安的某处。<hex:02100103>放眼望去，所见之景将被后世传颂。,旧萨雷安的海港区，名字由来于这座城市的守护神沙利亚克。人们在港口为他修建了一座高大的石像，并相信这位知识之神会守望往来的船只。这座港口的圆弧形码头也独具一格，与其他国家的港口风格差别很大。
2162939,哲学家议会会场,位于旧萨雷安的某处。<hex:02100103>放眼望去，所见之景将被后世传颂。,哲学家议会的会场。99套桌椅按照螺旋形安排得疏密有致，以便议会所有在任的99名议员都能齐聚一堂参加议会。如果有机会从空中俯瞰会场，你会发现会场的桌椅排布组成的图案正是传说中容纳了知识之水的螺，这个图案同样也出现在萨雷安的国旗上。
2162940,所思大书院,位于旧萨雷安的某处。<hex:02100103>放眼望去，所见之景将被后世传颂。,世界上最大规模的图书馆，是萨雷安魔法大学引以为傲的成果。作为迦巴勒幻想图书馆的本馆，这里收藏了来自世界各地的种类繁多的书籍文献。现在馆内正在编纂《世界图鉴》，旨在将所有知识都编辑在案。
2162941,哲学家广场,位于旧萨雷安的某处。<hex:02100103>放眼望去，所见之景将被后世传颂。,哲学家议会讨论萨雷安政策等国家大事时使用的议事堂。过去只是一座普通的圆形露天广场，议员们风雨无阻地在此为了真理争论不休。然而，有一天广场上却发生了不幸的事故，从天而降的落雷造成了人员伤亡，会议不得不暂时中断。为了避免悲剧再次发生，萨雷安人建造了这座新的议事堂，从此人们的辩论再也不会受到外界影响。
2162942,漂流的终点,位于旧萨雷安的某处。<hex:02100103>放眼望去，所见之景将被后世传颂。,旧萨雷安东侧的居住区，在城中占了很大的面积。第六星历初期，暴雨引发的大洪水结束之后，为了远离野蛮的争斗，那些受过纽恩克雷夫照拂的难民追随他离开了基拉巴尼亚，通过龙堡地区前往北洋，并来到了现在的萨雷安，在这块海鹦栖息地建造了居住区。基于这些经历，人们称这里为“漂流的终点”。
2162943,公开讲堂,位于旧萨雷安的某处。<hex:02100103>放眼望去，所见之景将被后世传颂。,位于萨雷安魔法大学所见大讲堂中的教室。无论是魔法大学的学生，还是广大的市民，不需要任何邀请和证明，所有人都可以在此参加魔法大学开设的公开课。这间看似开阔的教室，时常因为人气教师登坛授课而人满为患。
2162944,鲁维达纺丝局,位于拉札罕的某处。<hex:02100103>放眼望去，所见之景将被后世传颂。,生产优质绢丝的拉札罕著名国营工房。多年以来鲁维达纺丝局养蚕及纺丝的技术都是拉札罕的不传之秘，现在乌尔达哈等诸多海外国家也开始自行养蚕，更是加剧了鲁维达纺丝局的危机感，现在这里的戒备愈发森严拒绝一切闲杂人等靠近。
2162945,巴尔夏恩大巴扎,位于拉札罕的某处。<hex:02100103>放眼望去，所见之景将被后世传颂。,如果商业是拉札罕的血管，那么巴尔夏恩大巴扎就是拉札罕的心脏。这座室内市场的名字来自传说中的伟大商人巴尔夏恩。据说巴尔夏恩在与外国的交易中积累了巨额财产，他的遗愿就是用自己的遗产建立一座宏伟的市场，于是巴尔夏恩大巴扎横空出世。今天这里依然熙熙攘攘，一派欣欣向荣的景象。
2162946,妮洛帕拉畜产局,位于拉札罕的某处。<hex:02100103>放眼望去，所见之景将被后世传颂。,拉札罕的畜牧研究所。拉札罕人最开始饲养桓娑鸟只是为了采取它们的毒液作为炼金素材，直到有一位名叫妮洛帕拉的驯兽人发明了去除桓娑鸟毒腺的技术，桓娑鸟才得以作为肉用动物走上舞台。没过多久，桓娑鸟就以其美味多汁的鲜美肉质一跃成为拉札罕菜系中的主要原料之一，并由此成了远近闻名的美味。
2162947,梅丽德酒房,位于拉札罕的某处。<hex:02100103>放眼望去，所见之景将被后世传颂。,梅丽德经营的酒房，主要提供各种简餐和酒类的餐饮店。店内售卖当地炼金术士酿造的各种各样的蒸馏酒。酒房邀请了舞者在店内进行表演，这种汲取了萨维奈传统舞蹈要素的表演形式因此大受欢迎，在外国游客中具有极高的人气。
2162948,云使宫,位于拉札罕的某处。<hex:02100103>放眼望去，所见之景将被后世传颂。,这座宫殿既是拉札罕总督的私人宅邸，同时也是整个拉札罕的政治中心。云使宫的名字取自悌阳象族的古语，意为“来自云间的使者”。这座宫殿正如这个名字所述的那样，建造在巨石的顶端。有求于总督的请愿者，总督为了解决问题派出的使者，云使宫的高度从未影响它的大门为人敞开。
2162949,阿尔扎达尔庙,位于拉札罕的某处。<hex:02100103>放眼望去，所见之景将被后世传颂。,阿尔扎达尔是从大陆移居至萨维奈的敖龙族中最为伟大的族长，这里是为了供奉他而建立的庙宇。他在世时，萨维奈岛上的象魔族分裂为悌阳象族和魔邪象族两派征战不休。传说是阿尔扎达尔带领族人为悌阳象族助阵并平息了纷争，为萨维奈岛带来了和平。
2162950,鲁维达纺丝局空中花园,位于拉札罕的某处。<hex:02100103>放眼望去，所见之景将被后世传颂。,位于拉札罕引以为傲的国营纺丝局楼顶，常人难以企及的空中花园。众多桑树包围之中安放着一座黄金制成的伽迦象雕塑。根据本地传说，在这座雕塑上坐过的人都能获得好运。其中最有力的佐证就是，那些不够幸运的人早在爬到这里的路上摔死了，你显然比他们幸运多了。
2162951,诡巧之路,位于迷津的某处。<hex:02100103>放眼望去，所见之景将被后世传颂。,安置在迷津的数台巨型升降机之一，连接了地上的旧萨雷安与地下的迷津。卫辅城的上层区域相当于迷津的门厅，所有通过这台升降机到达地下的人或物资都会首先抵达这里，之后再分流到各自的目的地。
2162952,惊愕所,位于迷津的某处。<hex:02100103>放眼望去，所见之景将被后世传颂。,惊愕所的名字取自于古语，在古语中这个词被描述为人们面对新知识时的讶异、好奇和敬畏，这种“惊愕”也被认为是求知的原动力。萨雷安人正是出于惊愕在这里建立了探索星海的据点，并藉此与星海深处的海德林接触。这一次接触推动了萨雷安人将惊愕所改建为一座船坞，并最终于此建造了飞往月球的方舟。
2162953,梅丽奥尔实验农场,位于迷津的某处。<hex:02100103>放眼望去，所见之景将被后世传颂。,进行各种农业研究的实验农场，主要专注于植物、农作物及农业种植技术。拾穗人们从世界各地收集来的植物样本最终都汇聚在这里。农场的名字取自“七贤人”之一的梅丽奥尔，她为萨雷安建国做出了巨大贡献。正是她运用自己的园艺知识，开垦了荒芜贫瘠的海岛，才保证了漂流至此的萨雷安先民免于饥馑。
2162954,洞穴生物繁殖区,位于迷津的某处。<hex:02100103>放眼望去，所见之景将被后世传颂。,用于研究洞穴生物的区域，萨雷安人在这里培育各种洞穴生物，并对其繁殖情况进行记录。因为时常发生过量繁殖的生物逃到外面的事件，屡次给其他研究部门造成损失，所以这里在不太好的方面上很有名气。此外，洞穴生物的粪便含有丰富的磷，如何作为肥料使用也是目前研究的课题之一。
2162955,小萨雷安,位于迷津的某处。<hex:02100103>放眼望去，所见之景将被后世传颂。,小萨雷安位于迷津的内环区域，是内环工作人员们的宿舍。由于他们参与了哲学家议会直接领导的机密计划，为了避免泄密，所有人的行动范围都受到了严格的管制。几乎可以说他们只能在这个简易村落中生活。
2162956,新港,位于萨维奈岛的某处。<hex:02100103>放眼望去，所见之景将被后世传颂。,位于萨维奈岛南部的港口，名字源于大陆移民对它的古语称呼。由于萨维奈岛周围的水深较浅，远洋航行的大型交易船一般在新港对岸的光明岛靠岸，再通过小型驳船将货物运抵拉札罕。
2162957,卡嘉雅舞台,位于萨维奈岛的某处。<hex:02100103>放眼望去，所见之景将被后世传颂。,据说卡嘉雅是“战舞”的创造者。人们不仅为这个舞台冠上了她的名字，还布置了几座刻画她美妙舞姿的雕像。那些得其真传的舞者如今仍在向诸神和先祖献舞。
2162958,巨胆石采掘场,位于萨维奈岛的某处。<hex:02100103>放眼望去，所见之景将被后世传颂。,巨胆石是萨维奈岛的主要特产之一。这是一种呈现独特紫色的石材，不但硬度高，对以太的传导率也十分出色。因此，除了作为建筑材料，还能成为武器防具的原料和炼金药的素材，用途非常广泛。
2162959,众僧林园,位于萨维奈岛的某处。<hex:02100103>放眼望去，所见之景将被后世传颂。,分布在萨维奈岛内陆地区的广阔密林区域。在密林内部，寺院神殿星罗棋布，尽管大部分已经废弃，但从它们的断壁残垣中仍能窥见当地居民祭祀众神的盛况。过去这里居住着无数信仰坚贞的僧侣，这片密林由此得名众僧林园。
2162960,摩耶幻泉,位于萨维奈岛的某处。<hex:02100103>放眼望去，所见之景将被后世传颂。,很久以前，这里曾经是悌阳象族僧侣们聚集生活的寺院。这些施掌术法的僧侣在这里一同生活，为了获得传说中被称为摩耶的神通力而努力修行。现在，僧侣们移居到了森林的深处，这座被遗弃的寺院有一半已经淹没在了水中。
2162961,代米尔遗烈乡,位于萨维奈岛的某处。<hex:02100103>放眼望去，所见之景将被后世传颂。,代米尔家族是炼金术的发源地萨维奈岛最有名的炼金术家族，这里就是他们创建的的村落。为了称颂他们的丰功伟绩，人们将这里称为“遗烈乡”，并继续在此研究炼金术。时至今日，这里也是最高水准的炼金术人才聚集地。
2162962,第三站,位于加雷马的某处。<hex:02100103>放眼望去，所见之景将被后世传颂。,连通加雷马帝国首都地区的魔导列车网的第三站。站内设有停车库、发电机和其他设施。首都被摧毁后，第一军团的残部将这里作为临时军团总部。
2162963,朱图尔娜七号水上钻井平台,位于加雷马的某处。<hex:02100103>放眼望去，所见之景将被后世传颂。,为了从大青湖中开采青磷水，加雷马人建造了这座采矿平台。在加雷马的周边，类似的水上钻井平台还有六个。然而，受到内战影响，所有的平台都已停工。
2162964,脱轨列车,位于加雷马的某处。<hex:02100103>放眼望去，所见之景将被后世传颂。,脱轨之后被弃置的魔导列车。这种49式客车在帝国时期仅供贵族使用，只有贵族或高级军官，以及受到两者推荐的市民才有资格乘坐。根据现场痕迹可以推测这辆列车曾试图逃离帝都，不料在被精炼的帝国兵的袭击下脱轨。
2162965,加雷马元老院,位于加雷马的某处。<hex:02100103>放眼望去，所见之景将被后世传颂。,元老院在加雷马共和国时代是国家权力机关，在加雷马帝国时代转型为向皇帝进言的机构。在这座巍峨的建筑物中通过了难以计数的表决。在一次次的远征议案中，帝国将血雨腥风带向了世界各地，也将无数的财富带回了加雷马。
2162966,都市区,位于加雷马的某处。<hex:02100103>放眼望去，所见之景将被后世传颂。,这里曾经是世界霸主的心脏，是政治、军事和经济等多方面的中心。然而，争夺皇位的内战造成了巨大的破坏，幸存下来的建筑也被尽数拆除，变成了建造巴别塔的材料。在几轮重创之下，往日的辉煌已荡然无存。
2162967,索鲁斯广场,位于加雷马的某处。<hex:02100103>放眼望去，所见之景将被后世传颂。,第二次东方远征之际，加雷马帝国初代皇帝索鲁斯在这个广场举行了出征前的阅兵仪式。在这次远征中，加雷马帝国成功征服了达尔马斯卡，为了纪念这一伟业，这里被改建为具有纪念性质的公共广场。
2162968,异土庭,位于晓月之旅途经的某处。<hex:02100103>放眼望去，所见之景将被后世传颂。,聚集在这间小屋里的研究员们有着与众不同的想法，他们的研究目标是“不用创造魔法进行创造”。这些研究员让特征各异的创造生物进行自然交配，希望纯粹依靠巧合的力量产生出意想不到的新奇结果。
2162969,转移六洋院,位于晓月之旅途经的某处。<hex:02100103>放眼望去，所见之景将被后世传颂。,转移六洋院是极北造物院的分馆之一，主要职能是观察并评估海洋生物。只看狭窄的外观很难想象，它的内部使用了特殊的魔法，构建了海洋生物所需的六种海洋环境。
2162970,忘海,位于晓月之旅途经的某处。<hex:02100103>放眼望去，所见之景将被后世传颂。,每一种创造生物都会经过详细的检测，如果最终还是无法通过审查，它们就会被转移到这个区域。这里的泉水会消解创造生物的生命能量，将它们送往冥界。这方美妙至极的景致之下，是经历悲痛离别的厄尔庇斯为创造生物洒落的泪光。
2162971,极北造物院,位于晓月之旅途经的某处。<hex:02100103>放眼望去，所见之景将被后世传颂。,厄尔庇斯最大的设施，同时也是这里的中枢。其内部用魔法重现了各种各样的自然环境，研究人员可以根据需要对创造生物的情况进行观察和评估。只有在这里通过审查，那些创造生物才能被投放到外部世界。
2162972,醒悟天测园,位于晓月之旅途经的某处。<hex:02100103>放眼望去，所见之景将被后世传颂。,在古代人的语言中，“醒悟”这个词也有“发现”的意思。这里是那些在极北造物院工作的监察官居住的地方。他们的职责就是在日常生活中观察各种创造生物，并评估它们的存在是否对这个世界有益。
2162973,西德尼亚丘陵,位于晓月之旅途经的某处。<hex:02100103>放眼望去，所见之景将被后世传颂。,贸然出现在叹息海的人面岩。怎么看都是人工制作的，但究竟是参照谁雕刻的还不得而知。不过被当成模特的那个人应该不希望把这东西放到月球上吧。
2162974,胡萝卜所,位于晓月之旅途经的某处。<hex:02100103>放眼望去，所见之景将被后世传颂。,兔兔族在月球上建立了很多适宜人类生存的人工环境，胡萝卜所便是其中之一。兔兔族还在这里种植了世上最完美的食物——胡萝卜。虽然世间有很多烦心事，但是只要明天还有胡萝卜吃，一切都不是问题。
2162975,最伟大的森林,位于晓月之旅途经的某处。<hex:02100103>放眼望去，所见之景将被后世传颂。,冠以“最伟大的森林”之名的人工森林区域。月面的兔兔族原本是为了让移居到月球的人类有个放松身心的地方，然而这里完全没有地方符合人类对“森林”这个词的认知。算了算了，谁还不会有点失误呢？
2162976,海姆达尔级观察艇残骸,位于晓月之旅途经的某处。<hex:02100103>放眼望去，所见之景将被后世传颂。,为了监视禁锢龙神巴哈姆特的卫月，古代亚拉戈文明将海姆达尔级观察艇发射到了近月轨道上。第七灵灾发生时，这艘飞船曾试图阻止卫月的异常活动，却不幸被击毁，最终坠落到了月面上。
2162977,监视者之馆,位于晓月之旅途经的某处。<hex:02100103>放眼望去，所见之景将被后世传颂。,在叹息海的一角悄然伫立着一座古老的建筑，这就是监视佐迪亚克封印的“监视者之馆”。建筑的外侧环绕着螺旋状的以太传导板，鲜明的建筑风格让人过目难忘。是在谁的回忆里吗？还是哪处的海底倒影？似乎在某个地方曾见过风格近乎一样的建筑……
2162978,斯提格玛一,位于晓月之旅途经的某处。<hex:02100103>放眼望去，所见之景将被后世传颂。,机械文明的最高意志决策装置，随文明一同得到了重现。它原本的名字是战争战略母机“阿尔法一”，然而由于在战争中受到致命的重创，它启用了“斯提格玛一”这个称呼，以表明目前并非完备状态。
2162979,瓦铭癸己,位于晓月之旅途经的某处。<hex:02100103>放眼望去，所见之景将被后世传颂。,该区域重现了梅蒂恩们发现的“第16个文明”。推测此处重现的是机械文明的母星阿尔法坦星最后的样子，也有可能是阿尔法坦星人侵略其他星球时建立的前哨基地。不过情报严重不足，很难断言。
2162980,瓦铭丙,位于晓月之旅途经的某处。<hex:02100103>放眼望去，所见之景将被后世传颂。,这片区域重现了梅蒂恩发现的“第3个”文明。当地的居民自称为“异亚”，他们脱离了肉体，转化成了永生的精神体。但在获悉宇宙终结乃不可撼动的事实之后，它们陷入了绝望。
2162981,瓦铭癸辛,位于晓月之旅途经的某处。<hex:02100103>放眼望去，所见之景将被后世传颂。,这片区域重现了梅蒂恩发现的“第18个”文明。这个世界原本由高洁的龙族统治，后来受到来自阿尔法坦星的机械兵器侵略，在一系列激烈交锋之后惨遭灭亡。
2162982,瓦铭甲,位于晓月之旅途经的某处。<hex:02100103>放眼望去，所见之景将被后世传颂。,这片区域重现了梅蒂恩发现的“第1个”文明。重现出来的状态与当初梅蒂恩降落到这颗星球时的状态相同。虽然建筑都完好无损，但没有任何生命体的迹象，仿佛这里的居民都在一瞬间消失了，只在环境中留下了空虚。
2162983,海湾边的集市,,
2162984,翼镜之城,,
2162985,盈满的门厅,,
2162986,福尔沃德小屋,,
2162987,弗努伊利之塔,,
2162988,瓦钦佩罗,,
2162989,米普尔马黛茶园,,
2162990,哀苦之影,,
2162991,纳尤戈纳,,
2162992,奇瓦古盐田,,
2162993,沃科·拉·多,,
2162994,薰风茂盛的宅邸,,
2162995,基基特拉洞,,
2162996,竿网栈桥,,
2162997,科扎努阿钥匙,,
2162998,阿森夏,,
2162999,里加卡潟湖,,
2163000,伊克布拉莎,,
2163001,伊克拉舒·佐尤,,
2163002,肖布里特灰战场,,
2163003,空中重物,,
2163004,贾提卡中央森林,,
2163005,幻煌树,,
2163006,福萨泰宿镇,,
2163007,梅瓦黑伊区,,
2163008,托里湖,,
2163009,帕赫帕山丘,,
2163010,语风山丘,,
2163011,决断,,
2163012,住宅区,,
2163013,马赛克咖啡,,
2163014,真实视界,,
2163015,核心拱廊,,
2163016,雷霆场,,
2163017,外围地带,,
2163018,永恒要塞,,
2163019,带雷危险区域,,
2163020,标记墓地,,
2163021,旧亚历山大城下町,,
2163022,总站,,
2163023,运河镇,,
2163024,昨日之地,,
2163025,风之径花园,,
2163026,火山庇护所,,
2163027,古神道,,
