key,0,42
#,ShortCode,NameShort
offset,52,0
int32,str,str
0,,
1,f1r1_re,监狱废墟托托·拉克千狱
2,f1d1_re,地下灵殿塔姆·塔拉墓园
3,w1d1_re,封锁坑道铜铃铜山
4,s1d1_re,天然要害沙斯塔夏溶洞
5,r1r2,毒雾洞窟黄金谷
6,f1d2_re,名门府邸静语庄园
7,w1d2,魔兽领域日影地修炼所
8,s1d2_re,休养胜地布雷福洛克斯野营地
9,w1d3,古代遗迹喀恩埋没圣堂
10,s1d3,神灵圣域放浪神古神殿
11,r1d1_re,对龙城塞石卫塔
12,w1r1,流沙迷宫樵鸣洞
13,r1r1,山中战线泽梅尔要塞
14,f1d3,邪教驻地无限城古堡
15,w1d4_re,神兵要塞帝国南方堡
16,w1d5_re,最终决战天幕魔导城
17,s1d4,领航明灯天狼星灯塔
18,w1d6,骚乱坑道铜铃铜山
19,f1d4,恶灵府邸静语庄园
20,s1d6,纷争要地布雷福洛克斯野营地
21,w1d7,剑斗领域日影地修炼所
22,f1d5,腐坏遗迹无限城市街古迹
23,s1d5,财宝传说破舰岛
24,f1d6,惨剧灵殿塔姆·塔拉墓园
25,r1d2,激战城塞石卫塔
26,w1d8,苏醒遗迹喀恩埋没圣堂
27,r1d3_re,凛冽洞天披雪大冰壁
28,s1d7,逆转要害沙斯塔夏溶洞
29,f1d7,邪念妖地无限城古堡
30,s1d8,武装圣域放浪神古神殿
31,d2d3_re,学识宝库迦巴勒幻想图书馆
32,l1d1_re,幻龙残骸密约之塔
33,a2d2,空中神域不获岛
34,r2d2_re,圣教中枢伊修加德教皇厅
35,a2d3,博物战舰无限回廊
36,r2d1,冰雪废堡暮卫塔
37,d2d1_re,天山绝顶索姆阿尔灵峰
38,a2d1_re,血战苍穹魔科学研究所
39,d2d2_re,邪龙王座龙巢神殿
40,s1d9,地脉灵灯天狼星灯塔
41,d2d4,草木庭园圣茉夏娜植物园
42,go001,完成集团战训练！
43,go002,讨伐彷徨死灵！
44,go003,突破所有关门，讨伐最深处的敌人！
45,go004,捕获金币龟！
46,go005,驱除剧毒妖花！
47,go006,消灭恶徒团伙寄生蜂团！
48,go007,讨伐梦幻之布拉奇希奥！
49,go008,击溃哥布林炸弹军团！
50,go009,讨伐污染源头魔界花！
51,go010,讨伐坑道中出现的妖异！
52,go011,注意无敌的眷属，讨伐大型妖异！
53,go012,讨伐爆弹怪的女王！
54,go013,歼灭特殊阵型的妖异！
55,go014,制止三方混战的巨人族，守住遗物！
56,w1fa_re,伊弗利特讨伐战
57,s1fa_re,泰坦讨伐战
58,r1fa_re,迦楼罗讨伐战
59,w1fa_2,伊弗利特歼灭战
60,s1fa_2,泰坦歼灭战
61,r1fa_2,迦楼罗歼灭战
62,,
63,w1fa_3,伊弗利特歼殛战
64,s1fa_3,泰坦歼殛战
65,r1fa_3,迦楼罗歼殛战
66,f1fa_re,莫古力贤王歼灭战
67,f1fa_2,莫古力贤王歼殛战
68,w1fb,究极神兵假想作战
69,z1z4,阿修罗歼灭战
70,z1z1,活动挑战1
71,z1z2,活动挑战2
72,o1fa,利维亚桑歼灭战
73,o1fa_2,利维亚桑歼殛战
74,r1f1_battle,死化奇美拉讨伐战
75,w1d2_battle,海德拉讨伐战
76,r1fb,大桥上的决斗
77,f1fb,拉姆歼灭战
78,f1fb_2,拉姆歼殛战
79,r1fc,希瓦歼灭战
80,r1fc_2,希瓦歼殛战
81,w1d7_battle,艾玛吉娜杯斗技大会决赛
82,f1f3_battle,奥丁歼灭战
83,,
84,z1e9,那布里亚勒斯讨伐战
85,f1d3_battle,黄金大桥上的死斗
86,d2fa,罗波那歼灭战
87,d2fa_2,罗波那歼殛战
88,a2fa,俾斯麦歼灭战
89,a2fa_2,俾斯麦歼殛战
90,a2fb,圆桌骑士歼灭战
91,a2fb_2,圆桌骑士幻想歼灭战
92,l1r1,水晶塔 古代人迷宫
93,s1b1,巴哈姆特大迷宫 邂逅之章1
94,s1b2,巴哈姆特大迷宫 邂逅之章2
95,s1b3,巴哈姆特大迷宫 邂逅之章3
96,s1b4,巴哈姆特大迷宫 邂逅之章4
97,s1b5,巴哈姆特大迷宫 邂逅之章5
98,f1b1,巴哈姆特大迷宫 入侵之章1
99,f1b2,巴哈姆特大迷宫 入侵之章2
100,f1b3,巴哈姆特大迷宫 入侵之章3
101,f1b4,巴哈姆特大迷宫 入侵之章4
102,l1r2,水晶塔 希尔科斯塔
103,f1b1_2,巴哈姆特零式大迷宫 入侵之章1
104,f1b2_2,巴哈姆特零式大迷宫 入侵之章2
105,f1b3_2,巴哈姆特零式大迷宫 入侵之章3
106,f1b4_2,巴哈姆特零式大迷宫 入侵之章4
107,w1b1,巴哈姆特大迷宫 真源之章1
108,w1b2,巴哈姆特大迷宫 真源之章2
109,w1b3,巴哈姆特大迷宫 真源之章3
110,w1b4,巴哈姆特大迷宫 真源之章4
111,l1r3,水晶塔 暗之世界
112,d2a1,亚历山大机神城 启动之章1
113,d2a2,亚历山大机神城 启动之章2
114,d2a3,亚历山大机神城 启动之章3
115,d2a4,亚历山大机神城 启动之章4
116,d2a1_2,亚历山大零式机神城 启动之章1
117,d2a2_2,亚历山大零式机神城 启动之章2
118,d2a3_2,亚历山大零式机神城 启动之章3
119,d2a4_2,亚历山大零式机神城 启动之章4
120,z2r1,魔航船虚无方舟
121,,
122,,
123,,
124,,
125,,
126,,
127,l1p1,周边遗迹群（阵地战）
128,,
129,,
130,s2p1,尘封秘岩（争夺战）
131,a2fc,云冠群岛白昼探索
132,a2fc_2,云冠群岛黄昏探索
133,a2fc_3,云冠群岛夜晚探索
134,a2fd,萨菲洛特歼灭战
135,a2fd_2,萨菲洛特歼殛战
136,d2a5,亚历山大机神城 律动之章1
137,d2a6,亚历山大机神城 律动之章2
138,d2a7,亚历山大机神城 律动之章3
139,d2a8,亚历山大机神城 律动之章4
140,f1d8,神圣遗迹无限城市街古迹
141,d2d5_re,星海空间颠倒塔
142,,
143,,
144,,
145,,
146,,
147,d2a5_2,亚历山大零式机神城 律动之章1
148,d2a6_2,亚历山大零式机神城 律动之章2
149,d2a7_2,亚历山大零式机神城 律动之章3
150,d2a8_2,亚历山大零式机神城 律动之章4
151,s1p2_begin01,躲避范围攻击
152,s1p2_begin02,掌握仇恨连击
153,s1p2_begin03,控制敌人的仇恨
154,s1p2_begin04,控制多个敌人的仇恨
155,s1p2_begin05,实战控制多个敌人的仇恨
156,s1p2_begin06,控制远处敌人的仇恨
157,s1p2_begin07,留心增援的敌人
158,s1p2_begin08,配合防护职业打倒单个敌人
159,s1p2_begin09,配合防护职业打倒多个敌人
160,s1p2_begin10,躲避范围攻击的同时进行战斗
161,s1p2_begin11,留心增援的敌人
162,s1p2_begin12,灵活运用场地机关
163,s1p2_begin13,治疗防护职业
164,s1p2_begin14,治疗小队队员
165,s1p2_begin15,躲避范围攻击的同时进行战斗
166,s1f4_begin16,最终训练
167,ec001,四国联合军演
168,z2r2,禁忌城邦玛哈
169,r1fe,尼德霍格征龙战
170,r1fe_2,尼德霍格传奇征龙战
171,d2d6_re,天龙宫殿忆罪宫
172,s1da,黑涡传说破舰岛
173,ec002,雷古拉·范·休著斯追击战
174,f1c1_dd001,死者宫殿 地下1～10层
175,f1c2_dd002,死者宫殿 地下11～20层
176,f1c3_dd003,死者宫殿 地下21～30层
177,f1c4_dd004,死者宫殿 地下31～40层
178,f1c4_dd005,死者宫殿 地下41～50层
179,w1c1,水城宝物库
180,r2p1,荣誉野（碎冰战）
181,f1d9,亡灵府邸闹鬼庄园
182,r2d3_re,险峻峡谷塞尔法特尔溪谷
183,a2fe,索菲娅歼灭战
184,a2fe_2,索菲娅歼殛战
185,,
186,d2a9,亚历山大机神城 天动之章1
187,d2aa,亚历山大机神城 天动之章2
188,d2ab,亚历山大机神城 天动之章3
189,d2ac,亚历山大机神城 天动之章4
190,d2a9_2,亚历山大零式机神城 天动之章1
191,d2aa_2,亚历山大零式机神城 天动之章2
192,d2ab_2,亚历山大零式机神城 天动之章3
193,d2ac_2,亚历山大零式机神城 天动之章4
194,ec003,纠缠不清的宿命
195,w1ee,九宫幻卡：幻卡对局室
196,d2d7,秘本宝库迦巴勒幻想图书馆
197,s1p3_2,萌宠之王：玩家对战（绩点赛）
198,s1p3_3,萌宠之王：大赛对战（玩家对战）
199,s1p3_4,萌宠之王：玩家对战（无绩点赛）
200,,
201,,
202,a2fc_4,云冠群岛白昼探索（狩猎专用）
203,a2fc_5,云冠群岛黄昏探索（狩猎专用）
204,f1c5_dd006,死者宫殿 地下51～60层
205,f1c5_dd007,死者宫殿 地下61～70层
206,f1c5_dd008,死者宫殿 地下71～80层
207,f1c6_dd009,死者宫殿 地下81～90层
208,f1c6_dd010,死者宫殿 地下91～100层
209,f1c6_dd011,死者宫殿 地下101～110层
210,f1c8_dd012,死者宫殿 地下111～120层
211,f1c8_dd013,死者宫殿 地下121～130层
212,f1c9_dd014,死者宫殿 地下131～140层
213,f1c9_dd015,死者宫殿 地下141～150层
214,f1c7_dd016,死者宫殿 地下151～160层
215,f1c7_dd017,死者宫殿 地下161～170层
216,f1c7_dd018,死者宫殿 地下171～180层
217,f1c7_dd019,死者宫殿 地下181～190层
218,f1c7_dd020,死者宫殿 地下191～200层
219,f1da_re,坚牢铁壁巴埃萨长城
220,z2r3,影之国
221,d2d8,天山深境索姆阿尔灵峰
222,ec004,加尔提诺平原遭遇战
223,a2fg,祖尔宛歼灭战
224,a2fg_2,祖尔宛歼殛战
225,a2fh,云冠群岛战争神猎场
226,,
227,,
228,,
229,,
230,,
231,,
232,,
233,,
234,a2fh_2,云冠群岛丰饶神福地
235,e3d1,海底宫殿紫水宫
236,g3d3,修行古刹星导寺
237,ec005,鱼道现身！
238,o3d1_re,漂流海域妖歌海
239,g3fb,神龙歼灭战
240,e3d2_re,试炼行路巴儿达木霸道
241,e3d3_re,解放决战多玛王城
242,g3d1_re,巨炮要塞帝国白山堡
243,e3fa,须佐之男歼灭战
244,e3fa_2,须佐之男歼殛战
245,e0182,抗争之力
246,ec006,那达慕
247,g3d2_re,鏖战红莲阿拉米格
248,e0184,海都路人身首异
249,e0185,极恶之人木枯
250,e0186,松叶门外之变
251,e0187,决战龟甲岛
252,z3o2,欧米茄时空狭缝 德尔塔幻境1
253,z3o3,欧米茄时空狭缝 德尔塔幻境2
254,z3o4,欧米茄时空狭缝 德尔塔幻境3
255,z3o5,欧米茄时空狭缝 德尔塔幻境4
256,z3o2_2,欧米茄零式时空狭缝 德尔塔幻境1
257,z3o3_2,欧米茄零式时空狭缝 德尔塔幻境2
258,z3o4_2,欧米茄零式时空狭缝 德尔塔幻境3
259,z3o5_2,欧米茄零式时空狭缝 德尔塔幻境4
260,e0174,原初的战士
261,e0168,大会开始
262,e3d4,恶党孤城黄金阁
263,g3fa,吉祥天女歼灭战
264,g3fa_2,吉祥天女歼殛战
265,e0171,穿越时空的夙愿
266,e0175,燃烧吧高吉
267,e0158,漆黑的巨龙
268,o3c1,运河宝物库
269,ec007,于里昂热的秘策
270,e0169,为了更强
271,e0160,遥远的憧憬
272,e0161,再次相见
273,e0159,红血之龙骑士
274,e0167,影隐忍法贴
275,z3o1,时空狭缝外缘
276,o3c1_2,运河宝物库深层
277,d2p1,距骨研究所（机动战）
278,g3fc,神龙梦幻歼灭战
279,g3d4_re,沉没神殿斯卡拉遗迹
280,f1bz,巴哈姆特绝境战
281,z3r1,失落之都拉巴纳斯塔
282,ec008,英雄归来
283,z3fa,禁地优雷卡 常风之地
284,e3d5,红玉火山狱之盖
285,a2d4,疯狂战舰无限回廊
286,z3o7,欧米茄时空狭缝 西格玛幻境1
287,z3o8,欧米茄时空狭缝 西格玛幻境2
288,z3o9,欧米茄时空狭缝 西格玛幻境3
289,z3oa,欧米茄时空狭缝 西格玛幻境4
290,e3fb,白虎镇魂战
291,e3fb_2,白虎诗魂战
292,z3o7_2,欧米茄零式时空狭缝 西格玛幻境1
293,z3o8_2,欧米茄零式时空狭缝 西格玛幻境2
294,z3o9_2,欧米茄零式时空狭缝 西格玛幻境3
295,z3oa_2,欧米茄零式时空狭缝 西格玛幻境4
296,e0001,
297,e0002,
298,e0003,
299,e0004,
300,e0005,
301,e0006,
302,e0007,
303,e0008,
304,e0009,
305,e0010,
306,e0011,
307,e0012,
308,e0013,
309,e0014,
310,e0015,
311,e0016,
312,e0017,
313,e0018,
314,e0019,
315,e0020,
316,e0021,
317,e0022,
318,e0023,
319,e0024,
320,e0025,
321,e0026,
322,e0027,
323,e0028,
324,e0029,
325,e0030,
326,e0031,
327,e0032,
328,e0034,
329,e0035,
330,e0036,
331,e0037,
332,e0038,
333,e0039,
334,e0040,
335,e0041,
336,e0042,
337,e0043,
338,e0046,
339,e0047,
340,e0048,
341,e0049,
342,e0050,
343,e0051,
344,e0052,
345,e0053,
346,e0054,
347,e0055,
348,e0056,
349,e0057,
350,e0058,
351,e0059,
352,e0060,
353,e0061,
354,e0062,
355,e0063,
356,e0064,
357,e0065,
358,e0066,
359,e0067,
360,e0068,
361,e0069,
362,e0070,
363,e0071,
364,e0072,
365,e0073,
366,e0074,
367,e0075,
368,e0076,
369,e0077,
370,e0078,
371,e0079,
372,e0080,
373,e0081,
374,e0082,
375,e0083,
376,e0084,
377,e0085,
378,e0086,
379,e0087,
380,e0090,
381,e0091,
382,e0092,
383,e0093,
384,e0094,
385,e0095,
386,e0096,
387,e0097,
388,e0098,
389,e0099,
390,e0100,
391,e0101,
392,e0102,
393,e0103,
394,e0104,
395,e0105,
396,e0106,
397,e0107,
398,e0108,
399,e0109,
400,e0110,
401,e0111,
402,e0112,
403,e0113,
404,e0114,
405,e0115,
406,e0116,
407,e0117,
408,e0118,
409,e0119,
410,e0120,
411,e0121,
412,e0122,
413,e0123,
414,e0124,
415,e0125,
416,e0126,
417,e0127,
418,e0128,
419,e0129,
420,e0130,
421,e0131,
422,e0132,
423,e0133,
424,e0134,
425,e0135,
426,e0136,
427,e0137,
428,e0138,
429,e0139,
430,e0140,
431,e0141,
432,e0142,
433,e0143,
434,e0144,
435,e0145,
436,e0146,
437,e0147,
438,e0148,
439,e0149,
440,e0150,
441,e0151,
442,e0152,
443,e0153,
444,e0154,
445,e0155,
446,e0156,
447,e0157,
448,e0162,
449,e0163,
450,e0164,
451,e0165,
452,e0166,
453,e0170,
454,e0172,
455,e0173,
456,e0176,
457,e0177,
458,e0178,
459,e0179,
460,e0180,
461,e0181,
462,e0183,
463,e0188,
464,e0189,
465,e0190,
466,e0191,
467,e0192,
468,e0193,
469,e0194,
470,e0195,
471,e0196,
472,e0197,
473,f1e9,良缘仪式
474,e3fc,火龙狩猎战
475,e3fc_2,火龙上位狩猎战
476,,
477,e0198,
478,,
479,,
480,,
481,cr_tutorial,陆行鸟竞赛：竞赛教学
482,cr_chal01,第1关：抢占内圈赛道
483,cr_chal02,第2关：躲避范围攻击
484,cr_chal03,第3关：能力不是万能的
485,cr_chal04,第4关：沉重的竞赛（上）
486,cr_chal05,第5关：站住别跑
487,cr_chal06,第6关：打击竞争对手
488,cr_chal07,第7关：梦幻的结界
489,cr_chal08,第8关：鹬蚌相争渔翁得利
490,cr_chal09,第9关：体力之战
491,cr_chal10,第10关：逃亡者和追赶者
492,cr_chal11,第11关：全速冲刺
493,cr_chal12,第12关：活用竞赛能力
494,cr_chal13,第13关：突破对手的协作
495,cr_chal14,第14关：沉重的竞赛（下）
496,cr_chal15,第15关：究极陆行鸟竞赛
497,cr_begin_wil01,陆行鸟竞赛：荒野大道
498,cr_begin_sea01,陆行鸟竞赛：太阳海岸
499,cr_begin_fst01,陆行鸟竞赛：恬静小路
500,cr_r01_wil01,陆行鸟竞赛：荒野大道
501,cr_r01_sea01,陆行鸟竞赛：太阳海岸
502,cr_r01_fst01,陆行鸟竞赛：恬静小路
503,cr_r02_wil01,陆行鸟竞赛：荒野大道
504,cr_r02_sea01,陆行鸟竞赛：太阳海岸
505,cr_r02_fst01,陆行鸟竞赛：恬静小路
506,cr_r03_wil01,陆行鸟竞赛：荒野大道
507,cr_r03_sea01,陆行鸟竞赛：太阳海岸
508,cr_r03_fst01,陆行鸟竞赛：恬静小路
509,cr_r04_wil01,陆行鸟竞赛：荒野大道
510,cr_r04_sea01,陆行鸟竞赛：太阳海岸
511,cr_r04_fst01,陆行鸟竞赛：恬静小路
512,cr_r05_wil01,陆行鸟竞赛：荒野大道
513,cr_r05_sea01,陆行鸟竞赛：太阳海岸
514,cr_r05_fst01,陆行鸟竞赛：恬静小路
515,cr_r06_wil01,陆行鸟竞赛：荒野大道
516,cr_r06_sea01,陆行鸟竞赛：太阳海岸
517,cr_r06_fst01,陆行鸟竞赛：恬静小路
518,cr_r07_wil01,陆行鸟竞赛：荒野大道
519,cr_r07_sea01,陆行鸟竞赛：太阳海岸
520,cr_r07_fst01,陆行鸟竞赛：恬静小路
521,cr_r08_wil01,陆行鸟竞赛：荒野大道
522,cr_r08_sea01,陆行鸟竞赛：太阳海岸
523,cr_r08_fst01,陆行鸟竞赛：恬静小路
524,cr_r09_wil01,陆行鸟竞赛：荒野大道
525,cr_r09_sea01,陆行鸟竞赛：太阳海岸
526,cr_r09_fst01,陆行鸟竞赛：恬静小路
527,cr_r10_wil01,陆行鸟竞赛：荒野大道
528,cr_r10_sea01,陆行鸟竞赛：太阳海岸
529,cr_r10_fst01,陆行鸟竞赛：恬静小路
530,cr_r11_wil01,陆行鸟竞赛：荒野大道
531,cr_r11_sea01,陆行鸟竞赛：太阳海岸
532,cr_r11_fst01,陆行鸟竞赛：恬静小路
533,cr_r12_wil01,陆行鸟竞赛：荒野大道
534,cr_r12_sea01,陆行鸟竞赛：太阳海岸
535,cr_r12_fst01,陆行鸟竞赛：恬静小路
536,e3d6,风水灵庙岩燕庙
537,e3fd,月读歼灭战
538,e3fd_2,月读幽夜歼灭战
539,w1fz,究极神兵绝境战
540,dd002_001,天之御柱 1～10层
541,dd002_002,天之御柱 11～20层
542,dd002_003,天之御柱 21～30层
543,dd002_004,天之御柱 31～40层
544,dd002_005,天之御柱 41～50层
545,dd002_006,天之御柱 51～60层
546,dd002_007,天之御柱 61～70层
547,dd002_008,天之御柱 71～80层
548,dd002_009,天之御柱 81～90层
549,dd002_010,天之御柱 91～100层
550,z3r2,封闭圣塔黎铎拉纳大灯塔
551,e0199,
552,lovm_chal001,第1关：新手教学
553,lovm_chal002,第2关：到处都是巧儿鸟
554,lovm_chal003,第3关：万事开头难
555,lovm_chal004,第4关：小小巨兽
556,lovm_chal005,第5关：蛮族叛乱
557,lovm_chal006,第6关：恐怖的墓园
558,lovm_chal007,第7关：劲敌共斗
559,lovm_chal008,第8关：光暗之界乃拂晓
560,lovm_chal009,第9关：铜山爆破
561,lovm_chal010,第10关：蔓德拉之子
562,lovm_chal011,第11关：女王陛下万岁！
563,lovm_chal012,第12关：打砖块
564,lovm_chal013,第13关：首席机械师
565,lovm_chal014,第14关：硬如坚果
566,lovm_chal015,第15关：小小斗神讨伐战
567,lovm_chal016,第16关：陆行鸟大进军
568,lovm_chal017,第17关：披雪小冰壁
569,lovm_chal018,第18关：小怪物狩猎
570,lovm_chal019,第19关：小桥上的决斗
571,lovm_chal020,第20关：愿水晶给予你指引
572,lovm_chal021,第21关：贤者的试炼
573,lovm_chal022,第22关：暗淡的世界
574,lovm_chal023,第23关：巴哈姆特小迷宫邂逅之章
575,lovm_chal024,第24关：巴哈姆特小迷宫真源之章
576,lovm_vs3_001,萌宠之王：讨伐级单人战
577,lovm_vs3_002,萌宠之王：歼灭级单人战
578,lovm_vs3_003,萌宠之王：歼殛级单人战
579,lovm_cnv_cpu,萌宠之王：大赛对战（人机对战）
580,,
581,z3fb,禁地优雷卡 恒冰之地
582,ec009,拂晓的少年
583,w1t1_5th,灾厄重现军事演习
584,d2d9,污染庭园圣茉夏娜植物园
585,e3d7_re,死亡大地终末焦土
586,o3c2,运河宝物库神殿
587,z3oc,欧米茄时空狭缝 阿尔法幻境1
588,z3od,欧米茄时空狭缝 阿尔法幻境2
589,z3oe,欧米茄时空狭缝 阿尔法幻境3
590,z3of,欧米茄时空狭缝 阿尔法幻境4
591,z3oc_2,欧米茄零式时空狭缝 阿尔法幻境1
592,z3od_2,欧米茄零式时空狭缝 阿尔法幻境2
593,z3oe_2,欧米茄零式时空狭缝 阿尔法幻境3
594,z3of_2,欧米茄零式时空狭缝 阿尔法幻境4
595,e3ff,保镖歼灭战
596,e3fe,朱雀镇魂战
597,e3fe_2,朱雀诗魂战
598,z3fc,禁地优雷卡 涌火之地
599,w1p1,隐塞（机动战）
600,w1eg,虚景跳跳乐大挑战
601,w1eg_2,虚景跳跳乐大挑战
602,w1eg_3,虚景跳跳乐大挑战
603,w1eg_4,虚景跳跳乐大挑战
604,w1eg_5,虚景跳跳乐大挑战
605,w1eg_6,虚景跳跳乐大挑战
606,w1eg_7,虚景跳跳乐大挑战
607,w1eg_8,虚景跳跳乐大挑战
608,w1eg_9,虚景跳跳乐大挑战
609,ec010,楔石洞
610,aoz001,出道战
611,g3d5_re,国境防线基姆利特暗区
612,aoz002,布丁拼盘
613,aoz003,最初的岩壁——希帕克纳
614,aoz004,怪力铁巨人——克利俄斯
615,aoz005,金币龟兄弟
616,aoz006,铁鹰战士
617,aoz007,粘液怪合唱团
618,aoz008,青之牙、红之牙
619,aoz009,七彩甜点——棉花糖
620,aoz010,无头王者——幽黑曲偶
621,aoz011,爆前速攻
622,aoz012,寄生植物——白鹭花
623,aoz013,猩红死妖姬——卡蜜拉
624,aoz014,陪葬
625,aoz015,来自亚拉戈的威胁——斗兽系统
626,aoz016,怪力兽王——迪克巴朗
627,aoz017,刚柔铁巨人——克利俄斯改
628,aoz018,爆破死斗
629,aoz019,魅惑芳香——反光瑞贝卡
630,aoz020,著名组合——奥尔特罗斯&提丰
631,aoz021,愤怒合成兽——阿帕德马克
632,aoz022,爆炸湮灭——先祖爆弹怪
633,aoz023,魔兽皇太子——贝希摩斯太子
634,aoz024,异形人偶师——艾匹罗基
635,aoz025,邪恶青魔法师——启示者
636,z3r3,乐欲之所瓯博讷修道院
637,e3fg,青龙镇魂战
638,e3fg_2,青龙诗魂战
639,z3fd,禁地优雷卡 丰水之地
640,ride001,空军装甲驾驶员
641,ride002,空军装甲驾驶员
642,ride003,空军装甲驾驶员
643,emj001,多玛方城战：半庄战一般桌（段位战）
644,emj002,多玛方城战：半庄战有段桌（段位战）
645,emj003,多玛方城战：半庄战4人亲友桌（带食断）
646,r1fa_4,风之使者
647,e0200,
648,ec011,英雄挽歌
649,n4d2,水妖幻园多恩美格禁园
650,emj004,多玛方城战：半庄战4人亲友桌（不带食断）
651,n4d3,文明古迹奇坦那神影洞
652,n4d6,末日暗影亚马乌罗提
653,n4g1,伊甸希望乐园 觉醒之章1
654,n4g1_2,伊甸零式希望乐园 觉醒之章1
655,n4d7,异界遗构希尔科斯孪晶塔
656,n4d4,避暑离宫马利卡大井
657,n4fa,缇坦妮雅歼灭战
658,n4fa_2,缇坦妮雅歼殛战
659,n4d5,伪造天界格鲁格火山
660,,
661,n4d8,创造机构阿尼德罗学院
662,e0201,
663,e0202,
664,e0203,
665,e0204,
666,n4fb,无瑕灵君歼灭战
667,n4fb_2,无瑕灵君歼殛战
668,e0205,
669,e0206,
670,e0207,
671,e0208,
672,e0209,
673,e0210,
674,e0211,
675,e0212,
676,n4d1,遇袭集落水滩村
677,,
678,ec014,摇摆的天平
679,ec015,古代大再生魔法
680,ec013,废都拿巴示艾兰
681,ec012,机关、诅咒、剧毒与……
682,n4g3,伊甸希望乐园 觉醒之章3
683,n4g3_2,伊甸零式希望乐园 觉醒之章3
684,n4g2,伊甸希望乐园 觉醒之章2
685,n4g2_2,伊甸零式希望乐园 觉醒之章2
686,ec017,奈贝尔特的后悔
687,n4fc,哈迪斯歼灭战
688,n4c1,梦羽宝境
689,n4g4,伊甸希望乐园 觉醒之章4
690,n4g4_2,伊甸零式希望乐园 觉醒之章4
691,ec016,勇敢的猎人
692,n4d9,魔法宫殿宇宙宫
693,n4fd,哈迪斯孤念歼灭战
694,d2az,亚历山大绝境战
695,aoz026,强大的老爹——洪巴巴之父
696,aoz027,鼻息爆破死斗
697,aoz028,绝妙傀儡师——都灵
698,aoz029,水与火之歌
699,aoz030,世界第一剑士——齐格弗里德
700,n4r1,复制工厂废墟
701,e3p1,昂萨哈凯尔（竞争战）
702,ec018,纯白誓约、漆黑密约
703,ec019,我心依旧
704,,
705,climb2_010,虚景跳跳乐大挑战
706,climb2_011,虚景跳跳乐大挑战
707,climb2_012,虚景跳跳乐大挑战
708,climb2_013,虚景跳跳乐大挑战
709,climb2_014,虚景跳跳乐大挑战
710,climb2_015,虚景跳跳乐大挑战
711,climb2_016,虚景跳跳乐大挑战
712,climb2_017,虚景跳跳乐大挑战
713,climb2_018,虚景跳跳乐大挑战
714,n4da,黑风海底阿尼德罗追忆馆
715,n4g5,伊甸希望乐园 共鸣之章1
716,n4g5_2,伊甸零式希望乐园 共鸣之章1
717,n4fe,红宝石神兵破坏作战
718,n4fe_2,红宝石神兵狂想作战
719,n4g6,伊甸希望乐园 共鸣之章2
720,n4g6_2,伊甸零式希望乐园 共鸣之章2
721,ikd001,出海垂钓
722,a2fx,天上福地云冠群岛
723,ec020,博兹雅堡垒蒸发事件
724,ec021,英雄无法安息
725,n4b2,博兹雅堡垒追忆战
726,n4g7,伊甸希望乐园 共鸣之章3
727,n4g7_2,伊甸零式希望乐园 共鸣之章3
728,n4g8,伊甸希望乐园 共鸣之章4
729,n4g8_2,伊甸零式希望乐园 共鸣之章4
730,ikd002,出海垂钓
731,ikd003,出海垂钓
732,ikd004,出海垂钓
733,ikd005,出海垂钓
734,ikd006,出海垂钓
735,n4b4,南方博兹雅战线
736,n4r2,人偶军事基地
737,n4db,暗影决战诺弗兰特
738,n4ff,光之战士歼灭战
739,n4ff_2,光之战士幻耀歼灭战
740,ec022,飞翔吧，前往维尔利特！
741,ec023,飞翔吧，前往维尔利特！
742,a2fx_2,天上福地云冠群岛
743,ec024,褪色的记忆
744,,
745,n4c2,梦羽宝殿
746,d4d1,魔术工房玛托雅工作室
747,n4ga,伊甸希望乐园 再生之章2
748,n4ga_2,伊甸零式希望乐园 再生之章2
749,n4g9,伊甸希望乐园 再生之章1
750,n4g9_2,伊甸零式希望乐园 再生之章1
751,n4gb,伊甸希望乐园 再生之章3
752,n4gb_2,伊甸零式希望乐园 再生之章3
753,a2fx_3,天上福地云冠群岛
754,aoz031,黄金头巾——模仿师格格
755,w1ee_2,九宫幻卡：官方锦标赛
756,w1ee_3,九宫幻卡：锦标赛对局室
757,,
758,n4gc,伊甸希望乐园 再生之章4
759,n4gc_2,伊甸零式希望乐园 再生之章4
760,n4b5,女王古殿
761,n4b5_2,零式女王古殿
762,n4fg,绿宝石神兵破坏作战
763,n4fg_2,绿宝石神兵狂想作战
764,ec025,威尔布兰德扬帆起航
765,ec026,神佑女王
766,emj001_h,多玛方城战：东风战一般桌（段位战）
767,emj002_h,多玛方城战：东风战有段桌（段位战）
768,emj003_h,多玛方城战：东风战4人亲友桌（带食断）
769,emj004_h,多玛方城战：东风战4人亲友桌（不带食断）
770,ikd007,出海垂钓
771,ikd008,出海垂钓
772,ikd009,出海垂钓
773,ikd010,出海垂钓
774,ikd011,出海垂钓
775,ikd012,出海垂钓
776,,
777,w4d1,黄金平原帕戈尔赞草原
778,n4b6,扎杜诺尔高原
779,n4r3,希望之炮台：“塔”
780,ec027,死斗至黎明
781,n4fh,钻石神兵捕获作战
782,n4fh_2,钻石神兵狂想作战
783,m5d1,异形楼阁佐特塔
784,u5d3,电脑梦境斯提格玛四
785,m5d2,魔导神门巴别塔
786,k5d1,星海深幽寻因星晶镜
787,n5d1,创造环境极北造物院
788,r1fz,幻想龙诗绝境战
789,m5d3,末日树海万相森国
790,k5fa,海德林歼灭战
791,k5fa_2,海德林晖光歼灭战
792,u5d1,最终幻想末世终迹
793,ec029,无尽寒夜
794,u5d2,乐园都市笑笑镇
795,ec032,上一任阿谢姆的教导
796,u5fb,终结之战
797,f1db,滑稽灵殿闹鬼盛宴
798,ec031,晓月之终途
799,ec034,驶向融合的巨轮
800,n5r4,万魔殿 边境之狱4
801,n5r4_2,零式万魔殿 边境之狱4
802,u5fa,佐迪亚克歼灭战
803,u5fa_2,佐迪亚克暝暗歼灭战
804,ec030,扩散的末日
805,ec033,未来之路
806,n5r3,万魔殿 边境之狱3
807,n5r3_2,零式万魔殿 边境之狱3
808,n5r1,万魔殿 边境之狱1
809,n5r1_2,零式万魔殿 边境之狱1
810,n5r2,万魔殿 边境之狱2
811,n5r2_2,零式万魔殿 边境之狱2
812,ec028,踏破风雪
813,ec040,贤者的短杖
814,ec038,大镰的意义
815,ec036,仰望苍穹，不断迈进
816,ec039,暗杀道
817,ec041,生命瞬逝，术道恒久
818,ec035,英魂安息
819,u5c1,惊奇百宝城
820,ec037,目送生者前行
821,,
822,k5d2,间歇灵泉哈姆岛
823,z5d2,异界深渊月面地下溪谷
824,y6d2,登顶山岭沃尔科佐莫
825,x6d2,魂魄工厂灵魂净化所
826,y6d1,逆流而上伊夫卡图姆
827,x6d3,记忆幻想亚历山大
828,ec050,身为王者，亦为人父
829,y6d3,遗产勘探深邃天然井
830,w1d5_battle,究极神兵破坏作战
831,x6d1,外征前哨先锋
832,y6fa,艳翼蛇鸟歼灭战
833,y6fa_2,艳翼蛇鸟歼殛战
834,x6d4,荒野秘境仙人掌谷
835,mks_c01_s5p1,角力学校
836,mks_c01_s5p2,火山之心
837,mks_c01_s5p3,九霄云上
838,mks_c02_s5p1,角力学校
839,mks_c02_s5p2,火山之心
840,mks_c02_s5p3,九霄云上
841,mks_c03_s5p1,角力学校
842,mks_c03_s5p2,火山之心
843,mks_c03_s5p3,九霄云上
844,m5d4,近东秘宝阿尔扎达尔海底遗迹群
845,ec042,涅尔瓦的帝国
846,u5fb_2,终极之战
847,mks_r01_s5p1,角力学校
848,mks_r01_s5p2,火山之心
849,mks_r01_s5p3,九霄云上
850,mks_r02_s5p1,角力学校
851,mks_r02_s5p2,火山之心
852,mks_r02_s5p3,九霄云上
853,mks_r03_s5p1,角力学校
854,mks_r03_s5p2,火山之心
855,mks_r03_s5p3,九霄云上
856,mks_r04_s5p1,角力学校
857,mks_r04_s5p2,火山之心
858,mks_r04_s5p3,九霄云上
859,mks_r05_s5p1,角力学校
860,mks_r05_s5p2,火山之心
861,mks_r05_s5p3,九霄云上
862,mks_ctm_s5p1,水晶冲突（角力学校：自定赛）
863,mks_ctm_s5p2,水晶冲突（火山之心：自定赛）
864,mks_ctm_s5p3,水晶冲突（九霄云上：自定赛）
865,ec043,里塔提恩强攻战
866,z5r1,灿烂神域阿格莱亚
867,ec044,拉哈布雷亚讨伐战
868,w5d1,多变迷宫 希拉狄哈水道
869,z5d1,异界孤城特罗亚宫廷
870,z5fa,巴尔巴莉希娅歼灭战
871,z5fa_2,巴尔巴莉希娅歼殛战
872,n5r5,万魔殿 炼净之狱1
873,n5r5_2,零式万魔殿 炼净之狱1
874,ec046,失传的力量
875,,
876,n5r7,万魔殿 炼净之狱3
877,n5r7_2,零式万魔殿 炼净之狱3
878,w5d2,异闻迷宫 异闻希拉狄哈水道
879,w5d2_2,异闻迷宫 零式异闻希拉狄哈水道
880,n5r6,万魔殿 炼净之狱2
881,n5r6_2,零式万魔殿 炼净之狱2
882,,
883,n5r8,万魔殿 炼净之狱4
884,n5r8_2,零式万魔殿 炼净之狱4
885,ec045,皇都伊修加德保卫战
886,m5fa,卢比坎特歼灭战
887,mks_r06_s5p1,
888,mks_r06_s5p2,
889,mks_r06_s5p3,
890,mks_r07_s5p1,
891,mks_r07_s5p2,
892,mks_r07_s5p3,
893,mks_r08_s5p1,
894,mks_r08_s5p2,
895,mks_r08_s5p3,
896,m5d5,雪山奥窟冥魂石洞
897,dd003_001,正统优雷卡 地下1～10层
898,dd003_002,正统优雷卡 地下11～20层
899,dd003_003,正统优雷卡 地下21～30层
900,dd003_004,正统优雷卡 地下31～40层
901,dd003_005,正统优雷卡 地下41～50层
902,dd003_006,正统优雷卡 地下51～60层
903,dd003_007,正统优雷卡 地下61～70层
904,dd003_008,正统优雷卡 地下71～80层
905,dd003_009,正统优雷卡 地下81～90层
906,dd003_010,正统优雷卡 地下91～100层
907,ec047,充满活力的父子
908,z3oz,欧米茄绝境验证战
909,n5c1,厄尔庇斯育体宝殿
910,ec048,未料想过的交易
911,z5r2,喜悦神域欧芙洛绪涅
912,mks_c01_s5p4,机关大殿
913,mks_c02_s5p4,机关大殿
914,mks_c03_s5p4,机关大殿
915,mks_r01_s5p4,机关大殿
916,mks_r02_s5p4,机关大殿
917,mks_r03_s5p4,机关大殿
918,mks_r04_s5p4,机关大殿
919,mks_r05_s5p4,机关大殿
920,mks_r06_s5p4,机关大殿
921,mks_r07_s5p4,机关大殿
922,mks_r08_s5p4,机关大殿
923,mks_ctm_s5p4,水晶冲突（机关大殿：自定赛）
924,m5fa_2,卢比坎特歼殛战
925,ec061,蝰蛇的使命
926,,
927,climb2_019,虚景跳跳乐大挑战
928,climb2_020,虚景跳跳乐大挑战
929,climb2_021,虚景跳跳乐大挑战
930,climb2_022,虚景跳跳乐大挑战
931,climb2_023,虚景跳跳乐大挑战
932,climb2_024,虚景跳跳乐大挑战
933,climb2_025,虚景跳跳乐大挑战
934,climb2_026,虚景跳跳乐大挑战
935,climb2_027,虚景跳跳乐大挑战
936,n5r9,万魔殿 荒天之狱1
937,n5r9_2,零式万魔殿 荒天之狱1
938,n5ra,万魔殿 荒天之狱2
939,n5ra_2,零式万魔殿 荒天之狱2
940,n5rb,万魔殿 荒天之狱3
941,n5rb_2,零式万魔殿 荒天之狱3
942,n5rc,万魔殿 荒天之狱4
943,n5rc_2,零式万魔殿 荒天之狱4
944,m5fb,阿修罗歼灭战
945,e5d1,多变迷宫 六根山
946,e5d2,异闻迷宫 异闻六根山
947,e5d2_2,异闻迷宫 零式异闻六根山
948,aoz032,黄金斗士——金德尔
949,z5fb,高贝扎歼灭战
950,z5fb_2,高贝扎歼殛战
951,,
952,ikd013,出海垂钓
953,ikd014,出海垂钓
954,ikd015,出海垂钓
955,ikd016,出海垂钓
956,ikd017,出海垂钓
957,ikd018,出海垂钓
958,w1ek,金碟巨豆中心
959,w1fd,炎影的旅途
960,ec049,其瞳所注视之物
961,o5d1,多变迷宫 阿罗阿罗岛
962,z5r3,荣华神域塔利亚
963,,
964,z5fc,泽罗姆斯歼灭战
965,z5fc_2,泽罗姆斯歼殛战
966,ec060,旅行画家的幻想之旅
967,mks_c01_s5p5,赤土红沙
968,mks_c02_s5p5,赤土红沙
969,mks_c03_s5p5,赤土红沙
970,mks_r01_s5p5,赤土红沙
971,mks_r02_s5p5,赤土红沙
972,mks_r03_s5p5,赤土红沙
973,mks_r04_s5p5,赤土红沙
974,mks_r05_s5p5,赤土红沙
975,mks_r06_s5p5,赤土红沙
976,mks_r07_s5p5,赤土红沙
977,mks_r08_s5p5,赤土红沙
978,mks_ctm_s5p5,水晶冲突（赤土红沙：自定赛）
979,o5d2,异闻迷宫 异闻阿罗阿罗岛
980,o5d2_2,异闻迷宫 零式异闻阿罗阿罗岛
981,x6d5,恶梦游园迷途之谷
982,ec052,朋友的试炼
983,ec051,为了守护笑容的战斗
984,x6fb,永恒女王歼灭战
985,,
986,,
987,,
988,,
989,,
990,,
991,,
992,,
993,,
994,ec055,毒与治愈的巅峰对决
995,x6fa,佐拉加歼灭战
996,x6fa_2,佐拉加歼殛战
997,ec056,一流猎人
998,ec053,保护者与毁灭者
999,ec057,打倒！夏尔特菲特盗贼团
1000,ec059,旅行画家的森林之旅
1001,ec058,祭器与虚像
1002,ec062,猎捕图拉尔德拉尔
1003,ec054,无论梦中还是醒来
1004,,
1005,,
1006,,
