key,2,64,65
#,Name,MainOption,SubOption
offset,248,240,244
int32,str,str,str
720896,,进行谈话,
720897,,,
720898,CmnDefMogLetter_00002,进行谈话,
720899,,,
720900,,,
720901,RegFstAdvGuild_00005,进行谈话,
720902,CmnDefLinkShell_00006,进行谈话,
720903,RegFstLncGuild_00007,进行谈话,
720904,RegFstArcGuild_00008,进行谈话,
720905,CmnDefRetainerDesk_00009,管理雇员,
720906,CmnDefRetainerCall_00010,传唤雇员,
720907,CmnDefRetainerRemove_00011,解雇雇员,
720908,CmnDefRentalChocobo_00012,租借陆行鸟,
720909,CmnBhtEnterLv020St0003_00013,进行谈话,
720910,CmnDunEnterTamtara_00014,进行谈话,
720911,JobDefNin_00015,,
720912,RegFstEternalCeremonyGuideRoom_00016,,
720913,RegFstEternalCeremonyGuideHall_00017,,
720914,,,
720915,CmnDefNpcRepair_00019,修理,
720916,CmnDefInnBed_00020,进行谈话,
720917,CmnDefInnDoor_00021,进行谈话,
720918,RegFstInnInfo_00022,进行谈话,
720919,RegFstCnjGuild_00023,进行谈话,
720920,RegFstCnjPreach_00024,进行谈话,
720921,CmnBhtRewardLv020St0003_00025,进行谈话,
720922,CmnDefWarpNpc_00026,进行谈话,
720923,,,
720924,,,
720925,RegFstWdkGuild_00029,进行谈话,
720926,RegFstTanGuild_00030,进行谈话,
720927,,进行谈话,
720928,RegFstAetheryteGuid_00032,进行谈话,
720929,RegFstHrvGuild_00033,进行谈话,
720930,,进行谈话,
720931,TstPlnCmpFCCounter_00035,进行谈话,
720932,TstPlnTest_00036,进行谈话,
720933,,,
720934,,,
720935,CmnDefMarketBoardGridania_00039,进行谈话,
720936,,,
720937,,,
720938,RegWilBlackBrash_00042,进行谈话,
720939,RegWilArrzanethOssuary_00043,进行谈话,
720940,RegSeaMorabyDrydocks_00044,进行谈话,
720941,RegFstMagicItemTips_00045,进行谈话,
720942,ComDefGrandCompany_00046,参加军队,
720943,CmnDefF1e4Entrance_00047,进行谈话,
720944,CmnDefF1e4Exit_00048,进行谈话,
720945,CmnDefF1e5Exit_00049,进行谈话,
720946,RegSeaAdvGuild_00050,进行谈话,
720947,RegSeaAetheGuid_00051,进行谈话,
720948,RegSeaInn_00052,进行谈话,
720949,RegSeaExcGuild_00053,进行谈话,
720950,RegSeaCulGuild_00054,进行谈话,
720951,RegSeaBsnGuild_00055,进行谈话,
720952,RegSeaArmGuild_00056,进行谈话,
720953,RegWilHorizon_00057,进行谈话,
720954,RegWilDrybone_00058,进行谈话,
720955,RegWikAdvGuild_00059,进行谈话,
720956,RegWilAetheGuid_00060,进行谈话,
720957,RegWilInn_00061,进行谈话,
720958,RegWilThmGuild_00062,进行谈话,
720959,RegWilGlaGuild_00063,进行谈话,
720960,RegWilPglGuild_00064,进行谈话,
720961,RegWilMinGuild_00065,进行谈话,
720962,RegWilWvrGuild_00066,进行谈话,
720963,RegWilAlcGuild_00067,进行谈话,
720964,RegWilGldGuild_00068,进行谈话,
720965,RegSeaSummerFarm_00069,进行谈话,
720966,RegSeaRedFarm_00070,进行谈话,
720967,RegSeaSkylift_00071,进行谈话,
720968,RegSeaSwiftperch_00072,进行谈话,
720969,ComDefGrandCompanyOfficer_00073,进行谈话,
720970,RegSeaPirate_00074,进行谈话,
720971,ComDefGCSupplyDuty_00075,筹备任务,
720972,ComDefFreeCompany_00076,进行谈话,
720973,CmnRadEnterShposhae_00077,进行谈话,
720974,CmnRadEnterCopperbellMines_00078,进行谈话,
720975,,,
720976,,,
720977,CmnRadEnterBowlofEmbers_00081,进行谈话,
720978,CmnDefCabinet_00082,进行谈话,
720979,CmnDefTemporaryBag_00083,取回失物,
720980,RegWilMaterialize_00084,摘除魔晶石,
720981,RegWilMateriaCatalysts_00085,进行谈话,
720982,ComDefSanction_00086,进行谈话,
720983,RegseaRedistribution_00087,进行谈话,
720984,RegSeaFshGuild_00088,进行谈话,
720985,RegSeaAcnGuild_00089,进行谈话,
720986,JobDefWar_00090,进行谈话,
720987,JobDefPld_00091,进行谈话,
720988,JobDefDrg_00092,进行谈话,
720989,JobDefMnk_00093,进行谈话,
720990,JobDefBrd_00094,进行谈话,
720991,JobDefWhm_00095,进行谈话,
720992,JobDefBlm_00096,进行谈话,
720993,JobDefSmn_00097,进行谈话,
720994,JobDefSch_00098,进行谈话,
720995,ComDefCompanyChest_00099,进行谈话,
720996,ComDefFreeCompanyReward_00100,进行谈话,
720997,ComDefFreeCompanyCrest_00101,进行谈话,
720998,RegSeaPvpColosseum_00102,进行谈话,
720999,ComDefSuspendedMateria_00103,交换惰性魔晶石,
721000,FesSumBomb2013_00104,进行谈话,
721001,CmnGscWeeklyLotUnlockTalk_00105,进行谈话,
721002,RegWilRowena_00106,进行谈话,
721003,CmnDefAchievementReward_00107,进行谈话,
721004,RegRocDragonhead_00108,进行谈话,
721005,RegRocWhitebrim_00109,进行谈话,
721006,RegRocObservatory_00110,进行谈话,
721007,RegRocGatesofJudgement_00111,进行谈话,
721008,RegLakRevenantsToll_00112,进行谈话,
721009,RegLakSaintCoinachsFind_00113,进行谈话,
721010,RegSeaCampBronzeLake_00114,进行谈话,
721011,RegSeaCostadelSol_00115,进行谈话,
721012,RegSeaAleport_00116,进行谈话,
721013,RegSeaCampOverlook_00117,进行谈话,
721014,RegSeaWineport_00118,进行谈话,
721015,RegSeaCampSkullValley_00119,进行谈话,
721016,RegWilCeruleumProcessingPlant_00120,进行谈话,
721017,RegWilCampBluefog_00121,进行谈话,
721018,RegWilLittleAlaMhigo_00122,进行谈话,
721019,RegWilForgottenSprings_00123,进行谈话,
721020,RegWilVesperBay_00124,进行谈话,
721021,RegFstTheHawthorneHut_00125,进行谈话,
721022,RegFstQuarrymill_00126,进行谈话,
721023,RegFstCampTranquil_00127,进行谈话,
721024,RegFstLittleSolace_00128,进行谈话,
721025,RegFstBentbranchMeadows_00129,进行谈话,
721026,RegFstFallgourdFloat_00130,进行谈话,
721027,RegWiltheWakingSands_00131,进行谈话,
721028,CmnDefCutSceneReplay_00132,进行谈话,
721029,RegFstEpicMoogle_00133,进行谈话,
721030,CmnDefChocoboRename_00134,更改陆行鸟名字,
721031,CmnDefHousingSignboard_00135,土地门牌,
721032,ComDefHousingOfficer_00136,关于房屋,
721033,CmnDefUltimaWeaponNormalOpener_00137,进行谈话,
721034,CmnDefMinstrel01_00138,进行谈话,
721035,RegWilSandsUrianger_00139,进行谈话,
721036,CmnDefMrHousing_00140,进行谈话,
721037,CmnDefHousingObject_00141,进行谈话,
721038,FesXmsShop2013_00142,进行谈话,
721039,RegWilRingofAsh_00143,进行谈话,
721040,FesNyrAmbassador2014_00144,进行谈话,
721041,FesNyrFstShogun2014_00145,进行谈话,
721042,FesNyrWilShogun2014_00146,进行谈话,
721043,FesNyrSeaShogun2014_00147,进行谈话,
721044,CmnDefBeautySalon_00148,叫出美容师,
721045,CmnDefHousingBuildHouse_00149,进行谈话,
721046,CmnDefCompanyManufactory_00150,,
721047,CmnDefHousingGardeningPlant_00151,进行谈话,
721048,CmnDefHousingCraftFacility_00152,进行谈话,
721049,CmnDefTomestoneExchange_00153,将亚拉戈禁书神典石换为传承神典石,
721050,RegSeaDigging_00154,进行谈话,
721051,RegSeaNovvTrainingGround_00155,进行谈话,
721052,RegFstCarlineCanopy_00156,进行谈话,
721053,RegWilTheQuicksand_00157,进行谈话,
721054,RegSeaTheDrowningWench_00158,进行谈话,
721055,RegFstArmorCraftsmanLegendary_00159,进行谈话,
721056,RegLakMasterCrafter_00160,进行谈话,
721057,RegLakMasterGatherer_00161,进行谈话,
721058,RegFstArmorCraftsmanDisciple_00162,进行谈话,
721059,FesEstEggDreamer2014_00163,进行谈话,
721060,CmnRadBahamutEventTerritory_00164,进行谈话,
721061,CmnDefRelicWeapon020Trade_00165,强化“上古武器·天极”,
721062,CmnDefRelicWeapon025Trade_00166,强化“上古武器·魂晶”,
721063,CmnDefRelicWeapon025GetNote_00167,交换«黄道文书»,
721064,CmnDefRelicWeapon025CancelNote_00168,放弃«黄道文书»,
721065,CmnDefRelicWeaponTalk_00169,进行谈话,
721066,CmnDefRelicWeapon025NoteTalk_00170,关于«黄道文书»,
721067,CmnDefRelicWeapon030GetReplica_00171,关于«天球书卷»,
721068,CmnDefRelicWeapon030GetTreasureMap_00172,交换“神秘地图”,
721069,CmnDefRelicWeapon030Trade_00173,强化“上古武器·魂灵”,
721070,CmnDefMateriaSlot_00174,合成魔晶石,
721071,CmnDefMateriaSlotTalk_00175,关于魔晶石合成,
721072,CmnDefRelicWeapon030ReplicaTalk_00176,进行谈话,
721073,RegFstExploreNote_00177,进行谈话,
721074,CmnDefHousingPersonalRoomEntrance_00178,进行谈话,
721075,CmnDefHousingPersonalRoomExit_00179,进行谈话,
721076,ComDefMobOfficer_00180,进行谈话,
721077,,,
721078,ComDefFrontLine_00182,进行谈话,
721079,RegSeaNotoriousMonsterHintF1_00183,进行谈话,
721080,RegSeaNotoriousMonsterHintF2_00184,进行谈话,
721081,RegSeaNotoriousMonsterHintF3_00185,进行谈话,
721082,RegSeaNotoriousMonsterHintF4_00186,进行谈话,
721083,RegSeaNotoriousMonsterHintF5_00187,进行谈话,
721084,RegSeaNotoriousMonsterHintF6_00188,进行谈话,
721085,RegWilNotoriousMonsterHintF1_00189,进行谈话,
721086,RegWilNotoriousMonsterHintF2_00190,进行谈话,
721087,RegWilNotoriousMonsterHintF3_00191,进行谈话,
721088,RegWilNotoriousMonsterHintF4_00192,进行谈话,
721089,RegWilNotoriousMonsterHintF5_00193,进行谈话,
721090,RegFstNotoriousMonsterHintF1_00194,进行谈话,
721091,RegFstNotoriousMonsterHintF2_00195,进行谈话,
721092,RegFstNotoriousMonsterHintF3_00196,进行谈话,
721093,RegFstNotoriousMonsterHintF4_00197,进行谈话,
721094,RegRocNotoriousMonsterHintF1_00198,进行谈话,
721095,RegLakNotoriousMonsterHintF1_00199,进行谈话,
721096,CmnDefMiniGame_00200,进行谈话,
721097,CmnDefHousingBuddyStable_00201,进行谈话,
721098,ComDefMobHuntBoard_00202,进行谈话,
721099,RegFstEhcatl_00203,进行谈话,
721100,CmnDefWeatherForeCast_00204,进行谈话,
721101,RegFstIxalSupply_00205,进行谈话,
721102,CmnDefHousingKick_00206,回收家具,
721103,CmnDefRelicWeapon040EnhanceMode_00207,将“上古武器·新星”绝灵化,
721104,CmnDefRelicWeapon040Trade_00208,强化“上古武器·新星”,
721105,CmnDefRelicWeapon030Adjust_00209,调整“上古武器·新星”,
721106,FesHlw2014_00210,进行谈话,
721107,CmnDefRelicWeapon040Adjust_00211,调整“上古武器·镇魂”,
721108,CmnDefRelicWeapon040Glass_00212,重新制作“黄道透镜”,
721109,CmnDefHousingDish_00213,,
721110,CmnDefWeddingRecovery_00214,,
721111,RegSeaRogGuild_00215,进行谈话,
721112,CmnDefHousingWheel_00216,进行谈话,
721113,RegFstEternalCeremonyPlanner_00217,,
721114,FesNyr2015_00218,,
721115,RegFstEternalCeremonyShop_00219,,
721116,CmnDefRelicWeapon050Adjust_00220,调整“黄道武器”,
721117,CmnDefRelicWeapon050Trade_00221,再铸“黄道武器”,
721118,FesXms2014_00222,,
721119,,,
721120,CmnDefHousingRetainer_00224,进行谈话,
721121,CmnDefHousingWorkshopExit_00225,进行谈话,
721122,CmnGscDailyLotDescription_00226,什么是“仙人微彩”？,
721123,CmnGscChocoboRaceTraining_00227,训练竞赛陆行鸟,
721124,CmnGscChocoboRaceGetAbility_00228,学习竞赛能力,
721125,CmnGscChocoboRaceForgetAbility_00229,遗忘竞赛能力,
721126,CmnGscChocoboRaceRegist_00230,登记竞赛陆行鸟,
721127,CmnGscChocoboRaceRename_00231,变更竞赛名,
721128,CmnGscChocoboRaceRetire_00232,让竞赛陆行鸟退役,
721129,,,
721130,CmnGscChocoboRaceTrainingTalk_00234,听取说明,
721131,CmnGscChocoboRaceCoupling_00235,配种,
721132,CmnGscChocoboRaceGetFoal_00236,领取新陆行鸟,
721133,CmnGscChocoboRaceCouplingTalk_00237,关于配种,
721134,CmnGscTripleTriadGuide_00238,关于“九宫幻卡”,
721135,CmnGscTripleTriadCardToCoin_00239,幻卡回收（获得金碟币）,
721136,CmnGscGilToCoin_00240,用金币兑换金碟币,
721137,CmnGscEstablishmentGuidance_00241,,
721138,CmnGscGATENotice_00242,,
721139,FesPdyAltarEpisode_00243,,
721140,FesVlt2015_00244,,
721141,FesEst2015_00245,,
721142,RegLakGuidingStar_00246,秘籍与一流的工具,
721143,CmnGscTripleTriadCup_00247,,
721144,CmnGscGATEHiddenObject_00248,检查,
721145,CmnDefRelicWeapon060Adjust_00249,调整“黄道武器·本我”,
721146,CmnDefRelicWeapon060Trade_00250,让“黄道武器”觉醒,
721147,CmnDefRelicWeapon060MagiciteShop_00251,交换圣魂,
721148,CmnDefRelicWeapon060MagiciteCheck_00252,,
721149,CmnGscTripleTriadTournamentBoard_00253,,
721150,FesPdyPlayerAltar_00254,,
721151,CmnGscChocoboRaceDefaultA_00255,,
721152,CmnGscChocoboRaceDefaultB_00256,,
721153,CmnDefCompanyDraftingBoard_00257,,
721154,CmnDefCompanyCommanderBoard_00258,管理飞空艇,
721155,CmnGscChocoboRaceShopCatalogTalk_00259,询问竞赛陆行鸟专用道具的用途,
721156,CmnDefMeister_00260,专家之证,
721157,CmnDefExpansionGuide1_00261,,
721158,,,
721159,CmnDefWorkshopGuide_00263,,
721160,RegRoc2NotoriousMonsterHintT1A_00264,,
721161,RegRoc2NotoriousMonsterHintF1_00265,,
721162,RegDra2NotoriousMonsterHintF1_00266,,
721163,RegDra2NotoriousMonsterHintT1_00267,,
721164,RegAbr2NotoriousMonsterHintF1_00268,,
721165,RegRoc2NotoriousMonsterHintT1B_00269,,
721166,RegRoc2NotoriousMonsterHintT1C_00270,,
721167,CmnDefRelicWeaponReplicaShop_00271,复制黄道武器·本我,
721168,RegLakCollectableSupplyFront_00272,关于罗薇娜商会交易,交易讲解员
721169,RegDra2CollectableSupplyFront_00273,关于罗薇娜商会交易,
721170,RegDra2CrafterGathererTradeFront_00274,关于特殊商品兑换,
721171,RegRoc2HouseFortempsSteward_00275,,
721172,RegWilReduce_00276,关于精选,
721173,RegRoc2ArcOfTheWorthy_00277,,
721174,RegRoc2ForgottenKnight_00278,,
721175,RegRoc2SaintReymanaudSchool_00279,,
721176,RegRoc2LightfeatherProvingGrounds_00280,,
721177,RegRoc2FalconsNest_00281,,
721178,RegRoc2Convictory_00282,,
721179,RegDra2Tailfeather_00283,,
721180,RegDra2LothAstVath_00284,,
721181,RegDra2AnyxTrine_00285,,
721182,RegDra2BigwestShortstop_00286,,
721183,RegDra2Moghome_00287,,
721184,RegDra2Asah_00288,,
721185,RegDra2Idyllshire_00289,,
721186,RegDra2MatoyasCave_00290,,
721187,RegAbr2CampCloudtop_00291,,
721188,RegAbr2OkZundu_00292,,
721189,RegAbr2Helix_00293,,
721190,JobDefAst_00294,,
721191,RegDra2TomestoneEsotericsTrade_00295,修理新生古典装备（200→210品级）,
721192,JobDefMch_00296,,
721193,CmnDefGroupPose_00297,,
721194,RegDra2TomestoneWarTrade_00298,改良多玛风格装备（170→180品级）,
721195,RegLakUnukalhai_00299,,
721196,JobDefDrk_00300,,
721197,,,
721198,RegDra2TomestoneWeaponTradeExplain_00302,进行谈话,
721199,CmnDefAethercurrentSonarRepossess_00303,关于风脉仪,
721200,CmnDefIdleCamera_00304,,
721201,FesSum2015_00305,,
721202,CmnGscVirMinionRankingBoard_00306,,
721203,FesHlw2015_00307,,
721204,,,
721205,,,
721206,CmnDefWeatherForeCastInTerritory_00310,●ここの天気は？,
721207,RegRoc2SkyIslandEntrance_00311,,
721208,RegRoc2SkyIslandShop_00312,,
721209,FesXms2015_00313,,
721210,FesNyr2016_00314,,
721211,FesVlt2016_00315,,
721212,RegAbr2OkGunduNakki_00316,,
721213,RegAbr2SkyIslandExchangeShopInfo_00317,,
721214,RegAbr2SkyIslandInfo_00318,,
721215,FesPdy2016Share_00319,,
721216,CmnDefSkyIslandAetherialExchangeShop_00320,,
721217,CmnDefSkyIslandTokenExchangeShop_00321,,
721218,RegAbrArdashirNote_00322,,
721219,FesPdy2016Recollection_00323,,
721220,CmnDef2AnimaWeapon010Trade_00324,,
721221,ComArmGcArmyEnterLobby_00325,,
721222,FesEst2016_00326,,
721223,CmnDefBeginnerGuide_00327,,冒险者指导教官
721224,RegLakWarringTriadNote_00328,,
721225,FesGsc2016Share_00329,,
721226,HouFurOrchestrion_00330,,
721227,HouFurPlantPot_00331,,
721228,CmnDefAlexanderTokenExchangeExplain_00332,进行谈话,
721229,RegDra2TomestoneFolkloreTrade_00333,改良蛮神风格装备（230→240品级）,
721230,JobRelAnimaWeaponQuestSelect_00334,再铸元灵武器,
721231,RegDra2DPSChallengeEntrance_00335,,
721232,HouFurVase_00336,,
721233,RegSeaBeginnerTankGuide_00337,,
721234,RegSeaBeginnerDPSGuide_00338,,
721235,RegSeaBeginnerHealerGuide_00339,,
721236,RegSeaBeginnerGuideBook_00340,,
721237,RegSeaPvpSeasonReward_00341,,
721238,ComArmGcArmyOfficer_00342,,
721239,ComArmGcArmyMember_00343,,
721240,ComArmGcArmyTraining_00344,,
721241,ComArmGcArmyInterview_00345,,
721242,RegAbrSkyPiratesDenShare_00346,,
721243,FesSum2016_00347,,
721244,FesYkwMedalExchange_00348,●妖怪メダル交換(たぶん翻訳不要),
721245,FesSum2016Guide_00349,,
721246,JobRel300QuestLeave_00350,放弃“培育人造元灵”,
721247,JobRel300GetGlassAgain_00351,再次获得“元灵透镜”,
721248,JobRel300GetRecipeAgain_00352,,
721249,HouFurAquarium_00353,,
721250,FesAnv2016_00354,,
721251,,,
721252,,,
721253,CmnDefMateriaMeld_00357,镶嵌魔晶石,
721254,RegSeaPvpSeasonRewardSecond_00358,,
721255,HouFixMansionEntrance_00359,,
721256,RegDra2Mogzin_00360,,
721257,RegDra2BanMogPlate_00361,,
721258,HouFixMansionExit_00362,,
721259,HouFixMansionOfficer_00363,,
721260,FesHlw2016Guide_00364,,
721261,FesNyr2017_00365,,
721262,FesXms2016Guide_00366,,
721263,FesXms2016Academy_00367,,
721264,RegSeaPvpDuelGuide_00368,,
721265,CmnGscTripleTriadRoomGuide_00369,询问有关“幻卡对局室”的事情,
721266,CmnGscTripleTriadMatching_00370,,
721267,CmnGscTripleTriadRoomMove_00371,移动到幻卡对局室,
721268,CmnCntWeeklyBingo_00372,,
721269,JobRel500QuestLeave_00373,放弃“人造元灵终绽放”,
721270,JobRel500GetGlassAgain_00374,再次获得“改良型元灵透镜”,
721271,HouFurFishprint_00375,,
721272,HouFurPicture_00376,,
721273,FesPdy2017Share_00377,,
721274,,,
721275,FesVlt2017_00379,,
721276,FesEst2017_00380,,
721277,FesNyr2018_00381,,
721278,CmnDefSkyIslandLotteryExchangeShop_00382,●鑑定する,
721279,FesGsc2017_00383,,
721280,RegSeaPvpGaro_00384,,
721281,RegRoc2SkyIsland2Entrance_00385,,
721282,CtsSfsCharacter1_00386,,
721283,RegRoc2SkyIsland2FeverTime_00387,关于漂流遗迹,
721284,RegAbr2SkyIsland2ExchangeShopInfo_00388,,
721285,RegAbr2SkyIsland2Info_00389,,
721286,CmnDefScripConvert_00390,交换工票,
721287,CmnDefTomestoneConvert_00391,交换亚拉戈神典石,
721288,CtsEtcBoosterLogin_00392,,
721289,RegGyr3RhalgrsReach_00393,,
721290,RegGyr3CastrumOriens_00394,,
721291,RegGyr3ThePeeringStones_00395,,
721292,RegGyr3ViraNilya_00396,,
721293,RegGyr3AlaGannha_00397,,
721294,RegGyr3ByronsBread_00398,,
721295,RegGyr3AlaGhiri_00399,,
721296,RegGyr3Radiata_00400,,
721297,RegGyr3Coldhearth_00401,,
721298,RegGyr3PortaPraetoria_00402,,
721299,RegGyr3AlaMhiganQuarter_00403,,
721300,RegHin3Kugane_00404,,
721301,RegHin3ShiokazeHostelry_00405,,
721302,RegOth3TheRubyPrice_00406,,
721303,RegOth3Sakazuki_00407,,
721304,RegOth3Tamamizu_00408,,
721305,RegOth3SuinoSato_00409,,
721306,RegOth3Isari_00410,,
721307,RegOth3Onokoro_00411,,
721308,RegOth3Namai_00412,,
721309,RegOth3HouseOfTheFierce_00413,,
721310,RegOth3YuzukaManor_00414,,
721311,RegOth3DomanEnclave_00415,,
721312,RegOth3Reunion_00416,,
721313,RegOth3MolIloh_00417,,
721314,RegOth3TheDawnThrone_00418,,
721315,RegOth3DotharlKhaa_00419,,
721316,RegOth3HundredAndOne_00420,,
721317,RegHin3WanderingMinstrel_00421,,
721318,JobDefRdm_00422,,
721319,JobDefSam_00423,,
721320,RegGyr3OmegaTerminal_00424,,
721321,CtsHnt40CastrumOriens_00425,,
721322,CtsHnt40Kugane1_00426,,
721323,CtsHnt40Reunion_00427,,
721324,CtsHnt40Kugane2_00428,,
721325,CtsHnt40AlaGhiri_00429,,
721326,CtsHnt40RhalgrsReach_00430,,
721327,FesSum2017_00431,,
721328,RegGyrOmegaKettle_00432,,
721329,FesAnv2017_00433,,
721330,CtsSfsCharacter2_00434,老主顾交易,
721331,RegHin3WanderingWriter_00435,,
721332,ComArmGcArmyCaptureRefund_00436,,
721333,HouFurWallpaperPartition_00437,,
721334,,,
721335,FesXms2017Mount_00439,,
721336,FesXms2017Guide_00440,,
721337,RegSeaPvpMockBattleGuide_00441,,
721338,FesNyr2019_00442,,
721339,FesHlw2017_00443,,
721340,CmnDefBeastCurrencyGuide_00444,关于兽人货币证书,
721341,RegHinCompanyMenmbers41_00445,,
721342,RegHinJenomis_00446,,
721343,HouFixCompanySubmarine_00447,管理潜水艇,
721344,CtsErkEureka1GilShop_00448,,商店
721345,CtsErkEureka1LotteryExchangeShop_00449,,商店
721346,CtsErkEureka1SpWeapon_00450,,禁地兵装
721347,CmnDefPrismBox_00451,,
721348,RegOth3Reisen_00452,,
721349,CtsFckMaster_00453,,
721350,CtsFckAttendant_00454,,
721351,CtsErkEureka1EventKrile_00455,,优雷卡传奇
721352,RegOth3Kamaitachi_00456,,
721353,CtsErkEureka1EventBreakTerminal_00457,,优雷卡传奇
721354,RegGyr3CastellumVelodyna_00458,,
721355,CtsErkKuganeEntrance_00459,,
721356,CtsErkEureka1EventKrileInit_00460,,优雷卡传奇
721357,CtsErkEureka1EventGeroltInit_00461,,优雷卡传奇
721358,CtsErkEureka1EventInvestigators1_00462,,
721359,CtsErkEureka1EventInvestigators2_00463,,
721360,CtsErkEureka1EventMagiaboard_00464,,优雷卡传奇
721361,CtsErkEureka1EventMagiaboardGuide_00465,,
721362,FesVlt2018Entrance_00466,,
721363,CtsErkEureka1EventSphere1_00467,,
721364,CtsErkEureka1EventSphere2_00468,,
721365,CtsErkEureka1EventSphere3_00469,,
721366,CtsErkEureka1EventSphere4_00470,,
721367,FesVlt2018Guide_00471,,
721368,CtsErkEureka1EventEjika_00472,,
721369,CtsErkEureka1Transpoint_00473,,
721370,FesEst2018_00474,,
721371,CtsPvpCreateTeam_00475,,
721372,FesPdy2018_00476,,
721373,HouFurVisitNote_00477,,
721374,HouFurGSArcadeMachine_00478,,
721375,RegOthKofuinseigetsu_00479,,
721376,RegOthDhoroIroh_00480,,
721377,CtsSfsCharacter3_00481,老主顾交易,
721378,RegOth3Gyoka_00482,,
721379,RegHinCompanyMenmbers43_00483,,
721380,CtsDomReconCollectionBox_00484,,
721381,CtsDomReconRepurchaseBox_00485,,
721382,CtsDomReconEventKozakura_00486,,多玛飞地重建 小樱
721383,CtsDomReconstructMitsuba_00487,,多玛飞地重建 三叶
721384,CtsDomReconstructTsuranuki_00488,,多玛飞地重建 贯
721385,CtsDomEnclaveGilShop_00489,,商店
721386,CtsDomReconstructKamisuki_00490,,多玛飞地重建 兰
721387,RegHinAllaganStorageSystem_00491,,
721388,CtsErkEureka2EventGerolt_00492,,禁地兵装
721389,CtsErkEureka2EventAetherPot_00493,,试制水晶炉
721390,RegHinCompanyMenmbers2v43_00494,,
721391,RegHinReturnToIvaliceStoryNpc001_00495,,
721392,RegOth3Sanana_00496,,
721393,FesAnv2018_00497,,
721394,CtsErkEureka2EventKrile_00498,,优雷卡传奇
721395,CtsErkEureka2EventConfluence1_00499,,优雷卡传奇
721396,CtsErkEureka2EventConfluence2_00500,,优雷卡传奇
721397,CtsErkEureka2EventConfluence3_00501,,优雷卡传奇
721398,CtsErkEureka2EventShrouded_00502,,优雷卡传奇
721399,CtsErkEureka2EventEjika_00503,,优雷卡传奇
721400,CtsErkEureka2EventAirFlow_00504,,优雷卡传奇
721401,FesSum2018_00505,,
721402,CtsErkKuganeReplica_00506,,
721403,CtsErkEureka2EventGuide_00507,,
721404,FesAnv2018Guide_00508,,
721405,RegGyr3RhalgrsReachJtandhaa_00509,,
721406,CtsErkEureka2EventGuide2_00510,,
721407,HouFurMerchant_00511,,
721408,CtsErkEureka3Krile1_00512,,优雷卡传奇
721409,CtsErkEureka3Krile2_00513,,优雷卡传奇
721410,CtsErkEureka3Gerolt_00514,,禁地兵装
721411,CtsErkEureka3MagiaArca_00515,,文理融合器
721412,CtsErkEureka3MagiaArcaGuide_00516,,德雷克
721413,CtsErkEureka3Guide1_00517,,
721414,CtsErkEureka3Guide2_00518,,
721415,CtsErkEureka3Guide3_00519,,
721416,CtsErkEureka3Sphere1_00520,,エウレカストーリー
721417,CtsErkEureka3Sphere2_00521,,エウレカストーリー
721418,CtsErkEureka3Sphere3_00522,,エウレカストーリー
721419,CtsErkEureka3HugeSphere_00523,,エウレカストーリー
721420,CtsErkEureka3AetherFlow_00524,,エウレカストーリー
721421,CtsErkEureka3MagiaArcaParts_00525,,エウレカストーリー
721422,CtsDomReconstructMinazuki_00526,,多玛飞地重建 水无月
721423,CtsDomReconstructIhase_00527,,多玛飞地重建 岩濑
721424,CtsDomReconstructMauto_00528,,多玛飞地重建 孟冬
721425,CtsDomReconstructIshibushi_00529,,多玛飞地重建 石伏
721426,CtsDomReconstructTauyaku_00530,,多玛飞地重建 当药
721427,CtsEtcReWedding_00531,,永结同心周年纪念
721428,CtsErkEureka3Armor_00532,,交易员
721429,CtsErkEureka3SubSphereGuide_00533,,调查队的技师
721430,FesHlw2018Guide_00534,,
721431,FesAnv2018Transform_00535,,
721432,FesXms2018_00536,,
721433,FesNyr2020_00537,,
721434,CtsErkEureka3AetherPot_00538,,高压试制水晶炉
721435,CtsErkEureka3AdjustTool_00539,,幻想嵌写器
721436,FesHlw2018Entrance_00540,,
721437,CtsSfsCharacter4_00541,,
721438,RegHinCompanyMenmbers3v45_00542,,
721439,RegHinReturnToIvaliceStoryNpc002_00543,,
721440,CmnDefRetainerBell_00544,,
721441,CtsErkEureka4Krile_00545,,优雷卡传奇
721442,CtsErkEureka4Ejika_00546,,优雷卡传奇
721443,CmnGscEMJGameTable_00547,,
721444,CtsErkEureka4StoryGerolt_00548,,优雷卡传奇
721445,CtsErkEureka4BadEther_00549,,
721446,CtsErkEureka4GalufMemo_00550,,
721447,CtsErkEureka4ExpScholar_00551,,调查队的研究员
721448,FesEst2019_00552,,
721449,FesVlt2019Guide_00553,,
721450,CtsErkEureka4Guide1_00554,,
721451,CtsErkEureka4Guide2_00555,,
721452,FesVlt2019divination_00556,,
721453,,,
721454,CtsEtcAozEntrance_00558,,
721455,CtsErkEureka4WeaponGerolt_00559,,禁地兵装
721456,CtsErkCtsErkEureka4MagiaArcaGuide_00560,,德雷克
721457,CtsErkEureka4SubSphereGuide_00561,,调查队的技师
721458,CtsErkEureka4Armor_00562,,交易员
721459,CtsErkEureka4RogosActionAdd_00563,,调查队的炼金术士
721460,FesPdy2019Guide_00564,,
721461,CtsEtcAozGaheelJa_00565,,
721462,CtsEtcVoyagerMoogle_00566,交换稀少神典石,
721463,CtsDkbCharacter1_00567,,中庸工艺馆交易
721464,CtsDkbCharacter2_00568,,中庸工艺馆交易
721465,CtsDkbCharacter3_00569,,中庸工艺馆交易
721466,CtsDkbCharacter4_00570,,中庸工艺馆交易
721467,CtsDkbCharacter5_00571,,中庸工艺馆交易
721468,CtsDkbCharacter1Sub1_00572,,
721469,CtsDkbCharacter1Sub2_00573,,
721470,CtsDkbCharacter1Sub3_00574,,
721471,CtsDkbCharacter2Sub1_00575,,
721472,CtsDkbCharacter3Sub1_00576,,
721473,CtsDkbCharacter3Sub2_00577,,
721474,CtsDkbCharacter4Sub1_00578,,
721475,CtsDkbCharacter4Sub2_00579,,
721476,CtsDkbCharacter5Sub1_00580,,
721477,CmnDefRetainerMarketRegister_00581,,
721478,,,
721479,CmnFatShop1N4Field_00583,,广域交易商
721480,CmnFatShop1N4Town_00584,,广域交易商
721481,RegNor4RadiscasRound_00585,,
721482,RegNor4FortJobb_00586,,
721483,RegNor4Clearmelt_00587,,
721484,RegNor4OstallImperative_00588,,
721485,RegNor4Sullen_00589,,
721486,RegNor4Stilltide_00590,,
721487,RegNor4Gatetown_00591,,
721488,RegNor4Wright_00592,,
721489,RegNor4Amity_00593,,
721490,RegNor4Tomra_00594,,
721491,RegNor4MordSouq_00595,,
721492,RegNor4TheInnatJourneysHead_00596,,
721493,RegNor4Garik_00597,,
721494,RegNor4Twine_00598,,
721495,RegNor4LydhaLran_00599,,
721496,RegNor4PlaEnni_00600,,
721497,RegNor4Wolekdorf_00601,,
721498,RegNor4Slitherbough_00602,,
721499,RegNor4Fanow_00603,,
721500,RegNor4TheOndoCups_00604,,
721501,RegNor4Amaurot_00605,,
721502,RegNor4TheCrystarium_00606,,
721503,RegNor4Eulmore_00607,,
721504,RegNor4Komra_00608,,
721505,RegNor4Eulmore2_00609,,
721506,JobDefRDC_00610,,
721507,RegNor4CrystalExarch_00611,,
721508,RegNor4TistaBie_00612,,
721509,RegNor4Moren_00613,,
721510,CtsHnt50RiskyMobLakeland_00614,,
721511,CtsHnt50RiskyMobKholusia_00615,,
721512,CtsHnt50RiskyMobAmhAraeng_00616,,
721513,CtsHnt50RiskyMobIlMheg_00617,,
721514,CtsHnt50RiskyMobRaktika_00618,,
721515,CtsHnt50RiskyMobTempest_00619,,
721516,JobDefRoleAll_00620,,
721517,JobDefBgb_00621,,
721518,CtsOpn50Lewrey_00622,,卢利
721519,CtsOpn50WanderingMinstrel_00623,,异世界的诗人
721520,FesSum2019_00624,,
721521,FesAnv2019_00625,,
721522,FesHlw2019Guide_00626,,
721523,FesHlw2019Transform_00627,,
721524,RegNor4Grenoldt_00628,,
721525,RegNor4Willfort_00629,,
721526,RegNor4Lamon_00630,,
721527,RegNor4Wrenric_00631,,
721528,,,
721529,CtsHwdInformation_00633,,
721530,,,
721531,CtsHwdRanking_00635,,
721532,CtsHwdSkyIsland_00636,,
721533,CtsHwdLot_00637,,
721534,CtsHwdLively_00638,,
721535,CtsHwdTerritory_00639,,
721536,CtsSfsCharacter5_00640,,
721537,FesXms2019_00641,,
721538,RegNor4YtcMob1_00642,,
721539,RegNor4YtcTwins1_00643,,
721540,RegNor4Ezel_00644,,
721541,FesNyr2021_00645,,
721542,FesVlt2020Guide_00646,,
721543,CtsHwdInformationBoard_00647,,
721544,RegRoc2Hilda_00648,,
721545,CtsHwdCrafterSupply_00649,,交易员
721546,CtsHwdCurrencyShop_00650,,交易员
721547,FesVlt2020Evangelist_00651,,
721548,CtsEtcAozLatoolJa_00652,询问有关青魔法师记录,
721549,CtsOpn40KuganeMinstrel_00653,,异国的诗人
721550,,,
721551,RegGyrResistanceOfficersReport_00655,,
721552,RegGyr4WeaponsGIEngineer_00656,,加隆德炼铁厂模型师
721553,RegOth4MycBaichaouen_00657,,
721554,RegOth4MycMarschak_00658,,
721555,RegOth4MycMikoto_00659,,
721556,CtsHwdInspection_00660,,
721557,CtsHwdDevLevelInvisible_00661,,
721558,RegOth4MycMeesiya_00662,,
721559,CtsIkdEntrance_00663,,出海垂钓
721560,FesEst2020_00664,,
721561,FesEstAddBunny_00665,,
721562,FesPdy2020Guide_00666,,
721563,CtsOpn52WanderingWriter_00667,,异国的剧作家
721564,FesEst2020Transform_00668,,
721565,CtsOpn52OmegaTerminal_00669,,魔导终端
721566,FesPdy2020Letter_00670,,
721567,RegRoc2Jaquoinie_00671,,
721568,CtsSdg010Trade_00672,,
721569,CtsMycEntrance_00673,,
721570,CtsSfsCharacter6_00674,,
721571,CmnCntWeeklyPuzzle_00675,,
721572,FesGsc2020Explain_00676,,
721573,CtsMycPlayEventAfterContent_00677,,
721574,CtsMycTemporaryItemLottery_00678,,商店
721575,CtsMycExorcismTrade_00679,,
721576,CtsMycTemporaryBox_00680,,失传技能保管箱
721577,CtsMycResistanceLevelUp_00681,,战果报告
721578,CtsMycTranspoint_00682,,内部以太之光
721579,FesSum2020_00683,,
721580,FesAnv2020_00684,,
721581,RegOth4WerlytGuide_00685,,
721582,RegOth4WerlytGarage_00686,,
721583,CtsMycRelicQuestSelect_00687,重现“义军武器”,
721584,RegNor4Girutt_00688,,
721585,CmnDefRowenasCollectablesShop_00689,,
721586,RegNor4Cerigg_00690,,
721587,FesHlw2020Transform_00691,,
721588,RegOth4MycStorageSystem_00692,,
721589,RegOth4MycLilja_00693,,
721590,RegOth4MycBwagi_00694,,
721591,FesVlt2021VltGuide_00695,,
721592,FesVlt2021PdyGuide_00696,,
721593,FesXms2020Guide_00697,,
721594,FesXms2020Letter_00698,,
721595,FesNyr2022Guide_00699,,
721596,RegNor4Unukalhai_00700,,
721597,CtsHwdTranspoint_00701,,
721598,CtsHwdMonument_00702,,
721599,CmnGscTripleTriadLTDTournament_00703,,九宫幻卡锦标赛
721600,,,
721601,CtsMycEntranceNormal_00705,,
721602,CtsMycEntranceHard_00706,,
721603,RegRoc2Mariorie_00707,,
721604,RegOth4MycRostik_00708,,
721605,,,
721606,CtsSfsCharacter7_00710,,
721607,FesSum2021_00711,,
721608,FesEst2021Guide_00712,,
721609,FesEst2021AddPubEnpc_00713,,
721610,FesEst2021Recollection_00714,,
721611,CtsEtcAozLatoolJaTalk_00715,进行谈话,
721612,FesBkcRecomplete_00716,季节活动再现,
721613,FesAnv2021_00717,,
721614,RegNor4Limbeth_00718,,
721615,CtsMycMedal_00719,,
721616,RegOth4MycSurvivor_00720,,
721617,CmnDefReturnBelt_00721,领取已废止的腰部防具,
721618,RegRoc600Thomelin_00722,,
721619,CmnFatShopField_00723,,
721620,CmnFatShopTown_00724,,
721621,FesVlt2022Guide_00725,,
721622,JobDefGFF_00726,,
721623,FesXms2021Guide_00727,,
721624,CtsOpn60WanderingMinstrel_00728,,异国的诗人
721625,JobDefRRP_00729,,
721626,JobDefGFF2_00730,,
721627,CtsOpnRuissenaud_00731,,移动到其他区域
721628,CtsOpn60Nemjiji_00732,,尼姆吉吉
721629,FesHlw2021Entrance_00733,,
721630,FesPdy2022_00734,,
721631,,,
721632,FesHlw2021Guide_00736,,
721633,FesHlw2021ActionGuide_00737,,
721634,RegNot5OldSharlayan_00738,,
721635,RegIsb5RadzatHan_00739,,
721636,RegNot5UpperAcrinthos_00740,,
721637,RegNot5TheArcheion_00741,,
721638,RegNot5MeryallAgronomics_00742,,
721639,RegNot5LogistikonAlpha_00743,,
721640,RegNot5SharlayanHamlet_00744,,
721641,RegNot5Thaumazein_00745,,
721642,RegIsb5Yedlihmad_00746,,
721643,RegIsb5Akyaali_00747,,
721644,RegIsb5TheGreatWork_00748,,
721645,RegIsb5GiantsgallGrounds_00749,,
721646,RegIsb5PalakasStand_00750,,
721647,RegIsb5CampBrokenGlass_00751,,
721648,RegIsb5TappersDen_00752,,
721649,RegIsb5Tertium_00753,,
721650,RegUni5BestwaysBurrow_00754,,
721651,RegElp5Anagnorisis_00755,,
721652,RegElp5TheTwelveWonders_00756,,
721653,RegElp5PoietenOikos_00757,,
721654,RegUni5ReahTahra_00758,,
721655,RegUni5AdobeoftheEa_00759,,
721656,RegUni5BaseOmicron_00760,,
721657,CtsHnt60RiskyMobLabyrinthos_00761,,
721658,CtsHnt60RiskyMobThavnair_00762,,
721659,,,
721660,CtsHnt60RiskyMobMareLamentorum_00764,,
721661,CtsHnt60RiskyMobElpis_00765,,
721662,,,
721663,RegNot5NoumenonAutomaton_00767,,
721664,RegUni5LastRemnant_00768,,
721665,RegSea5Broenbhar_00769,,
721666,RegWil5Chuchuto_00770,,
721667,RegRoc5Stephanivien_00771,,
721668,CmnDefSdsEntrance_00772,,
721669,CtsSfsCharacter8_00773,,
721670,FesAnv2022_00774,,
721671,FesSum2022_00775,,
721672,FesNyr2023Omikuji_00776,,
721673,FesNyr2023Guide_00777,,
721674,FesEst2022Guide_00778,,
721675,FesEst2022Recollection_00779,,
721676,CtsMjiWorkShopManagement_00780,,
721677,RegSeaPvpCrystallineConflictGuide_00781,,
721678,CtsMjiVillageDevelopment_00782,,
721679,CtsMjiConstructResidence_00783,,
721680,CtsMjiConstructWorkPlace_00784,,
721681,,,
721682,CtsMjiStockyardManagement_00786,,
721683,CtsMjiFarmShop_00787,,
721684,CtsMjiConstructLandmark_00788,,
721685,CtsMjiSpecialShop_00789,,
721686,CtsOpn62Osmon_00790,,奥斯蒙
721687,CtsMjiMission_00791,,
721688,CtsMjiAnimalLand_00792,,
721689,FesVlt2023Guide_00793,,
721690,FesVlt2023Presentation_00794,,
721691,FesHlw2022Guide_00795,,
721692,FesHlw2022Transform_00796,,
721693,FesHlw2022Witch_00797,,
721694,CtsMjiEntrance_00798,,
721695,FesXms2022Guide_00799,,
721696,FesXms2022Omake_00800,,
721697,CtsMjiFarmLand_00801,,
721698,FesHlw2022Transformation2_00802,,
721699,RegUni5LastRemnantBanOmiOmicronWaiter_00803,,
721700,CtsMjiCropLand_00804,,
721701,CtsEtcVvdEntrance_00805,,
721702,CmnDefSdsAddNpc01_00806,,
721703,CtsMjiContactNpc_00807,,
721704,CtsMjiOrchestrion_00808,,
721705,FesPdy2023Guide_00809,,
721706,FesPdy2023Aldiytha_00810,,
721707,CtsDdd3NoahTalk_00811,,
721708,FesNyr2024Guide_00812,,
721709,FesEst2023Guide_00813,,
721710,FesSum2023Guide_00814,,
721711,CtsSfsCharacter9_00815,,
721712,,,
721713,CtsDdd3Entrance_00817,,
721714,CtsDdd3Gacha_00818,,
721715,CtsDdd3Reward_00819,,
721716,CmnDefQuestLinkMarkerWarp_00820,,
721717,CtsDdd1Entrance_00821,,
721718,CtsDdd1Gacha_00822,,
721719,CtsDdd1Reward_00823,,
721720,CtsDdd2Entrance_00824,,
721721,CtsDdd2Gacha_00825,,
721722,CtsDdd2Reward_00826,,
721723,CtsDdd2Achievement_00827,,
721724,FesAnv2023Guide_00828,,
721725,FesAnv2023Letter_00829,,
721726,FesAnv2023MiniGame_00830,,
721727,CtsMjiCaveSurvey_00831,,
721728,CtsMjiCaveReclamation_00832,,
721729,FesXms2023Guide_00833,,
721730,FesHlw2023Transform_00834,,
721731,FesHlw2023Transform2_00835,,
721732,FesHlw2023Guide_00836,,
721733,FesHlw2023Witch_00837,,
721734,RegNot5Claudien_00838,,
721735,RegSeaPvpCommendationCrystalShop_00839,,交易员
721736,CmnCnt65BanAllRadio_00840,,
721737,CmnCnt65MoeGods_00841,,
721738,CtsSfsCharacter10_00842,,
721739,FesPdyEst2024Guid_00843,,
721740,FesVlt2024Guide_00844,,
721741,CtsEtcFgsEntrance_00845,,
721742,CtsEtcAozMartynTalk_00846,,
721743,CtsEtcAozPyandihTalk_00847,,
721744,CmnDefQstMain01_00848,,
721745,RegIsb5Matsya_00849,,
721746,CmnDefGlassesExchange_00850,回收眼镜时尚配饰,
721747,CtsOpn70Gabbro_00851,,加布罗
721748,JobDefRoleRralmajun_00852,,
721749,FesAnv2024Guide_00853,,
721750,FesAnv2024LlymlaenStone_00854,,
721751,FesHlx2024Transform_00855,,
721752,FesHlx2024Transform2_00856,,
721753,FesHlx2024Witch_00857,,
721754,FesHlx2024Guide_00858,,
721755,FesHlx2024Transform3_00859,,
721756,JobDefRDB_00860,,
721757,FesSux2024_00861,,
721758,FesNyx2025Guide_00862,,
721759,JobDefRPM_00863,,
721760,RegYok6Tuliyollal_00864,,
721761,RegYok6Wachunpelo_00865,,
721762,RegYok6CiblusCoffeeGrounds_00866,,
721763,RegYok6MiplusMateGarden_00867,,
721764,RegYok6IcuvlosInn_00868,,
721765,RegYok6PanaqpeluRetreat_00869,,
721766,RegYok6WorlarsEcho_00870,,
721767,RegYok6Okhanu_00871,,
721768,RegYok6Kozanuakiy_00872,,
721769,RegYok6Okbekbe_00873,,
721770,RegYok6ManyFires_00874,,
721771,RegYok6Earthenshire_00875,,
721772,RegYok6IqBraax_00876,,
721773,RegYok6Mamook_00877,,
721774,RegYok6GolmajiikGrove_00878,,
721775,RegSak6SolutionNine_00879,,
721776,RegSak6Hhusatahwi_00880,,
721777,RegSak6Luwateninyawawsa_00881,,
721778,RegSak6Mehwahhetsoan_00882,,
721779,RegSak6ShesheneweziSprings_00883,,
721780,RegSak6TheOutskirts_00884,,
721781,RegSak6YyupyesHalo_00885,,
721782,RegSak6ElectropeStrike_00886,,
721783,RegUlw6GateofRemembrance_00887,,
721784,,,
721785,,,
721786,,,
721787,,,
721788,RegUlwHistory1_00892,,
721789,RegUlwHistory2_00893,,
721790,RegUlwHistory3_00894,,
721791,RegUlwHistory4_00895,,
721792,RegYok6Ropli_00896,,
721793,CtsOpn70WanderingMinstrel_00897,,异国的诗人
721794,CtsHnt70RiskyMobUrqopacha_00898,,
721795,CtsHnt70RiskyMobKozamauka_00899,,
721796,CtsHnt70RiskyMobYakTel_00900,,
721797,CtsHnt70RiskyMobShaaloani_00901,,
721798,CtsHnt70RiskyMobHeritageFound_00902,,
721799,CtsHnt70RiskyMobLivingMemory_00903,,
721800,RegYok6AgaveJaws_00904,,
721801,RegYok6FieldsofGold_00905,,
721802,RegYok6BreathBetween_00906,,
721803,RegYok6HouseofWindsHigh_00907,,
721804,RegYok6CrackedCistern_00908,,
721805,CtsSfsCharacter11_00909,,
721806,FesXms2024Guide_00910,,
721807,RegYok6DockPogaQivli_00911,,
721808,CtsEtcEoVBossExplanation_00912,,
721809,FesVlt2025Guide_00913,,
721810,FesEst2025Guide_00914,,
721811,FesPdy2025Guide_00915,,
721812,,,
721813,CmnDefLimitedDistribution_00917,,
721814,CtsWksLot_00918,,
721815,,,
721816,CtsWksSdgAttendant_00920,,
721817,CtsWksEntrance_00921,,
721818,CtsWksExit_00922,,
721819,CtsWksEmergencyAccessObj_00923,,
721820,,,
721821,,,
721822,,,
721823,CtsWksDelegationMember_00927,,
721824,CtsWksBulletinBoard_00928,,
721825,,,
721826,,,
721827,,,
721828,CtsWksMechaEntryTicketCounter_00932,,
721829,,,
721830,CtsWks72MoongateHub_00934,,
721831,CtsWksMechaCharger_00935,,
721832,,,
