key,0,2,9
#,Singular,Plural,Name
offset,0,4,8
int32,str,str,str
2000000,,,
2000001,,,
2000002,,,
2000003,,,
2000004,,,
2000005,,,
2000006,,,
2000007,,,
2000008,,,
2000009,,,
2000010,,,
2000011,,,
2000012,,,
2000013,,,
2000014,,,
2000015,,,
2000016,,,
2000017,,,
2000018,,,
2000019,,,
2000020,,,
2000021,奥妮莉的发饰,オニィーの髪飾り,
2000022,,,
2000023,,,
2000024,崭新的工具箱,真新しい工具箱,
2000025,,,
2000026,,,
2000027,,,
2000028,阿泽玛玫瑰,アーゼマローズ,
2000029,小型金具,小さな金具,
2000030,,,
2000031,,,
2000032,,,
2000033,,,
2000034,,,
2000035,,,
2000036,,,
2000037,,,
2000038,烈火糖果,ファイアキャンディ,
2000039,疾风糖果,ウィンドキャンディ,
2000040,厚土糖果,アースキャンディ,
2000041,爆弹怪的拇指,ボムの親指,
2000042,守护天灯笼,守護天節のランタン,
2000043,爆弹怪的拇指,ボムの親指,
2000044,捣蛋鬼烟花棒,いたずらスパークラー,
2000045,烈火糖果,ファイアキャンディ,
2000046,疾风糖果,ウィンドキャンディ,
2000047,厚土糖果,アースキャンディ,
2000048,爆弹怪的拇指,ボムの親指,
2000049,守护天灯笼,守護天節のランタン,
2000050,爆弹怪的拇指,ボムの親指,
2000051,捣蛋鬼烟花棒,いたずらスパークラー,
2000052,烈火糖果,ファイアキャンディ,
2000053,疾风糖果,ウィンドキャンディ,
2000054,厚土糖果,アースキャンディ,
2000055,爆弹怪的拇指,ボムの親指,
2000056,守护天灯笼,守護天節のランタン,
2000057,爆弹怪的拇指,ボムの親指,
2000058,捣蛋鬼烟花棒,いたずらスパークラー,
2000059,,,
2000060,,,
2000061,琥珀色药水,琥珀色の薬液,
2000062,沙蚤的卵囊,チゴーの卵袋,
2000063,,,
2000064,,,
2000065,,,
2000066,,,
2000067,,,
2000068,,,
2000069,,,
2000070,,,
2000071,变色龙蛋,アノールの卵,
2000072,,,
2000073,,,
2000074,手工鳗鱼派,お手製のイールパイ,
2000075,达梅塔的豆子袋,アメッタの豆袋,
2000076,给艾美利亚的信,エメリア宛ての手紙,
2000077,小口花的嫩叶,コチューの若葉,
2000078,,,
2000079,约恩娜的密封信,フ・ミバスの封書,
2000080,粮草袋,糧秣袋,
2000081,骨制枪尖,骨製の穂先,
2000082,蜂蜡保革油,蜜蝋の保革油,
2000083,强韧的粗草绳,丈夫な荒縄,
2000084,阿泽玛玫瑰果,アーゼマローズの実,
2000085,新鲜的基萨尔野菜,新鮮なギサールの野菜,
2000086,,,
2000087,,,
2000088,,,
2000089,,,
2000090,,,
2000091,,,
2000092,小红花的种子,ローズレットの種子,
2000093,新鲜的蛛蝎网,新鮮なダイアマイトウェブ,
2000094,蜂毒酒,蜂漬けの毒酒,
2000095,小火种,小さな火種,
2000096,蕾亚的蛋,レイアの卵,
2000097,凯夏的密封信,ケーシャの封書,
2000098,绯红色虫油,緋色の虫油,
2000099,黄蜂尸骸,蜂の死骸,
2000100,走味的麦酒,気の抜けたエール,
2000101,阿泽玛玫瑰精油,アーゼマローズの香油,
2000102,勇气之卵石,勇気の丸石,
2000103,枯叶色的精油,朽葉色の香油,
2000104,陈旧的八分仪,古びた八分儀,
2000105,陈旧的八分仪,古びた八分儀,
2000106,,,
2000107,,,
2000108,,,
2000109,,,
2000110,,,
2000111,,,
2000112,,,
2000113,,,
2000114,,,
2000115,,,
2000116,,,
2000117,,,
2000118,,,
2000119,手工鳗鱼派,お手製のイールパイ,
2000120,手工鳗鱼派,お手製のイールパイ,
2000121,无浊的清水,濁りなき清水,
2000122,勇气之卵石,勇気の丸石,
2000123,魔导感光器,魔導フォトセル,
2000124,食腐沙蚤的卵囊,キャリオンチゴーの卵袋,
2000125,僵尸的遗留物,ゾンビーの遺留物,
2000126,大个的蜜蜂,大ぶりの蜜蜂,
2000127,滑润的嫩叶,ヌメヌメ若葉,
2000128,偷猎的皮革,密猟された皮革,
2000129,,,
2000130,,,
2000131,,,
2000132,,,
2000133,,,
2000134,,,
2000135,,,
2000136,无名的密封信,無記名の封書,
2000137,剑斗士弗朗茨的海报,剣闘士フランツのポスター,
2000138,鼩鼱的粗皮,スナッピングシュルーから採れる毛皮,
2000139,,,
2000140,暖和的麻袋,生温かい麻袋,
2000141,测量记录册,測量記録書,
2000142,盲头蟹的甲壳,ボッグヤーゾンの甲殻,
2000143,灯火茸,トモシビタケ,
2000144,蚜虫,アブラムシ,
2000145,,,
2000146,测量工具箱,測量道具箱,
2000147,测量用的粗绳,測量用の荒縄,
2000148,东阿尔迪纳德商会的货物,東アルデナード商会の荷物,
2000149,仙人掌露,サボテン水,
2000150,法法弗诺的货物,ファファフォノの荷物,
2000151,魔菇的毒孢子囊,ファンガーの毒胞子袋,
2000152,建筑用小口花卷须,建材用コチューのつる,
2000153,天然磁石,天然磁石,
2000154,黄铜制拟饵,黄銅製のルアー,
2000155,,,
2000156,,,
2000157,,,
2000158,,,
2000159,,,
2000160,,,
2000161,,,
2000162,,,
2000163,,,
2000164,矿爬虫油,コブランの虫油,
2000165,给莫莫蒂的信,モモディ宛の手紙,
2000166,,,
2000167,,,
2000168,灵蚁的大颚,アントリングの大顎,
2000169,锤喙魔鸟的骨片,ハンマービークの骨片,
2000170,大块银矿石,大ぶりの銀鉱 ,
2000171,,,
2000172,,,
2000173,,,
2000174,,,
2000175,,,
2000176,,,
2000177,锤喙魔鸟的骨片,ハンマービークの骨片,
2000178,,,
2000179,,,
2000180,,,
2000181,,,
2000182,,,
2000183,,,
2000184,,,
2000185,宝贝钓竿,愛用の釣竿,
2000186,洛兹琳的传令信,ロズリンからの伝令文,
2000187,洛兹琳的传令信,ロズリンからの伝令文,
2000188,洛兹琳的传令信,ロズリンからの伝令文,
2000189,装有冷水的水瓶,冷水入りの水瓶,
2000190,,,
2000191,陌生的皮袋,見慣れぬ革袋,
2000192,妮美雅百合花束,ニメーヤリリーの花束,
2000193,千年果实,千年果実,
2000194,,,
2000195,,,
2000196,阿莱温的药草补剂,エールウィンの薬草トニック,
2000197,古老的陶器,古めかしい陶器,
2000198,散落的金币,バラまかれたギル貨幣,
2000199,南瓜的兑换凭单,パンプキンの引替伝票,
2000200,羚羊腌肉,アンテロープの塩漬け肉,
2000201,装饰品的订单,装飾具の注文書,
2000202,,,
2000203,装有姆恩·图伊豆的木箱,ムントゥイ豆入りの木箱,
2000204,小型幻杖,小さな幻具,
2000205,小型幻杖,小さな幻具,
2000206,狩猎工具箱,狩猟道具箱,
2000207,,,
2000208,,,
2000209,羚羊内脏,アンテロープの臓物,
2000210,大口花的嫩叶,オチューの若葉,
2000211,新鲜鼹鼠肉,新鮮なモールの肉,
2000212,大块银矿石,大ぶりの銀鉱,
2000213,,,
2000214,鬼鮟鱇的白肉,オロボンの白身,
2000215,六识之鲜血,六識の鮮血,
2000216,带有艾玛吉娜印记的木箱,アマジナ印の木箱,
2000217,纳尔迪克＆威米利作坊的密封信,ナルディク＆ヴィメリー社の封書,
2000218,瓦福福的手工盒饭,ララフェルの弁当,
2000219,雷元精核心,ライトニングエレメンタルの核,
2000220,完好的黑豺利牙,ハイエナの牙,
2000221,渡渡鸟腐肉,ドードーの腐肉,
2000222,胜利号的帆布,ヴィクトリー号の操舵輪,
2000223,胜利号的舵轮,ヴィクトリー号の索具,
2000224,胜利号的缆索,ヴィクトリー号の帆布,
2000225,拉诺西亚百合铃,ラノシア・リリーベル,
2000226,,,
2000227,,,
2000228,满是泥土的土器,泥まみれの土器,
2000229,含有魔力的剑,魔力を感じる剣,
2000230,恶臭的诱饵,不快な臭いの虫ダンゴ,
2000231,骨制警笛,骨細工の警笛,
2000232,盛花蜂蜜酒,フルフラワーの蜂蜜酒,
2000233,气球怪的小指,バルーンの小指,
2000234,金库灵柩亭的订单,コッファー＆コフィンの注文票,
2000235,深色炼金药,鈍色の錬金薬,
2000236,沾满血的猪牙,血塗れたボアの牙,
2000237,掉落的货物,落ちた積荷,
2000238,娜娜莫南瓜,ナナモパンプキン,
2000239,可爱的生姜饼干,可愛いジンジャークッキー,
2000240,吕凯洛的密封信,ルクロの封書,
2000241,矿山铁道时刻表,鉱山鉄道の時刻表,
2000242,用来当饲料的基萨尔野菜,飼葉用ギサールの野菜,
2000243,六识之鲜血,六識の鮮血,
2000244,邪教念珠,邪教の念珠,
2000245,璀璨的戒指,光り輝く指輪,
2000246,特制蝲蛄丸子,特製ザリガニボール,
2000247,姆恩·图伊豆,ムントゥイ豆,
2000248,全新的板金铠,真新しい板金鎧,
2000249,缪恩的密封信,ミューヌの封書,
2000250,桐木小箱,,
2000251,偷猎的皮革,密猟された皮革,
2000252,遗失的商品,失われた品,
2000253,巨像兵的碎片,石兵の欠片,
2000254,土元精核心,アーススプライトの核,
2000255,被盗的货物,奪われた荷,
2000256,仙人掌的肉质茎,サボテンの果肉,
2000257,巨像兵的魂石,石兵のソウルストーン,
2000258,海盗的掠夺品,海賊の略奪品,
2000259,血书纸片,血文字の紙片,
2000260,小钥匙,小さな鍵,
2000261,白百合钥匙,白百合の鍵,
2000262,红蔷薇钥匙,紅薔薇の鍵,
2000263,寄生树钥匙,宿り木の鍵,
2000264,黄石竹钥匙,黄撫子の鍵,
2000265,调查区的枫木原木,調査地域のメープル原木,
2000266,调查区的枫树枝,調査地域のメープルの枝,
2000267,树精的果实,トレントのどんぐり,
2000268,梣树的幼苗,アッシュの若木,
2000269,梣树的嫩枝,アッシュの若枝,
2000270,东岸的槲寄生,東岸のミスルトゥ,
2000271,篝火用柴,たき火用の薪,
2000272,篝火用树皮,たき火用の樹皮,
2000273,无杂质的乳胶,不純物のないラテックス,
2000274,有杂质的乳胶,不純物まじりのラテックス,
2000275,择伐地的梣木原木,択伐地のアッシュ原木,
2000276,择伐地的梣树枝,択伐地のアッシュの枝,
2000277,优良的梣木原木,良質なアッシュ原木,
2000278,天柱树根,天柱樹の根,
2000279,天柱树皮,天柱樹の樹皮,
2000280,结实的天柱树根,天柱樹の丈夫な根,
2000281,大口花的种子,オチューの種子,
2000282,小口花的枯叶,コチューの枯葉,
2000283,沾有孢子的树皮,胞子が張り付いた樹皮,
2000284,被虫蛀过的树皮,虫が巣喰った樹皮,
2000285,大个的山栗,大ぶりのチェスナット,
2000286,被虫蛀过的山栗,虫食いチェスナット,
2000287,黄金山栗,黄金のチェスナット,
2000288,西岸的槲寄生,西岸のミスルトゥ,
2000289,适合作栅栏的梣木原木,柵に適したアッシュ原木,
2000290,过细的梣木原木,細すぎるアッシュ原木,
2000291,妖红花的种子,ローズレットの種子,
2000292,妖红花的枯叶,ローズレットの枯葉,
2000293,出芽的妖红花种子,ローズレットの芽吹いた種子,
2000294,扫子草,ハキダメ草,
2000295,栀子草,クチナシ草,
2000296,特浓枫树树汁,特濃メープル樹液,
2000297,有杂质的枫树树汁,不純物まじりのメープル樹液,
2000298,刻印树皮,印が刻まれた樹皮,
2000299,新绿色的苔藓,新緑色の苔,
2000300,大蔷薇的花蜜,大イバラの蜜,
2000301,大蔷薇的刺,大イバラのトゲ,
2000302,姆恩·图伊豆,乾燥ムントゥイ豆,
2000303,提诺尔卡菖蒲,ティノルカアヤメ,
2000304,暴露出来的树根,露出した樹木の根,
2000305,干枯的树根,干からびた根,
2000306,结实的树根,丈夫な樹木の根,
2000307,上等的婴猴薄荷,上質のガラゴミント,
2000308,被咬过的婴猴薄荷,囓られたガラゴミント,
2000309,格尔莫拉时代的古钱,ゲルモラ時代の古銭,
2000310,生锈的金属片,錆ついた金属片,
2000311,过度生长的树枝,伸びすぎた枝,
2000312,枯叶,枯葉,
2000313,朱刺果,アカトゲの実,
2000314,朱刺叶,アカトゲの葉,
2000315,黑衣苹果,ブラックシュラウドアップル,
2000316,毛毛虫,毛虫,
2000317,神秘的蘑菇,謎めいたキノコ,
2000318,沾有孢子的木钉,菌のついた木釘,
2000319,用于模拟战的长枪,,
2000320,堆肥袋,,
2000321,蛛蝎卵,,
2000322,白伞茸,,
2000323,捕兽夹,,
2000324,平息的清水,,
2000325,羚羊腿肉,,
2000326,妖异全集«散发腐臭的怪物»之页,,
2000327,秘藏的蜂蜜酒,,
2000328,妖异全集«邪眼闪光的怪物»之页,,
2000329,妖异全集«污浊不净的怪物»之页,,
2000330,精金龟的蛋,,
2000331,偷猎的兽皮,,
2000332,水元精核心,,
2000333,大花粉块,,
2000334,,,
2000335,兀鹫胸肉,,
2000336,鬼鮟鱇刺身,,
2000337,脏兮兮的日记本,,
2000338,送往前桅塔的货物,フォアマスト宛の荷物,
2000339,送往德内维尔关的货物,デネベール関門宛の荷物,
2000340,水元精核心,ウォータースプライトの核,
2000341,沟鼠腐肉,ラットの腐肉,
2000342,多实玉米幼苗,ミリオンコーンの苗,
2000343,篝火铁笼,鉄製のかがり,
2000344,爆弹怪的小指,ボムの小指,
2000345,装有遗产的小箱,遺産の入った小箱,
2000346,渡渡鸟的种蛋,ドードーの有精卵,
2000347,潮湿的黑土,湿り気のある黒土,
2000348,被抢走的农具,奪われた農具,
2000349,,,
2000350,开垦者的铁铲,開拓者のシャベル,
2000351,成熟的拉诺西亚香橙,熟したラノシアオレンジ,
2000352,法法弗诺的货物,ファファフォノの荷物,
2000353,法法弗诺的货物,ファファフォノの荷物,
2000354,给琪琪普的信,キキプ宛の手紙,
2000355,锤喙魔鸟的尾羽,ハンマービークの尾羽根,
2000356,装着橙子的麻袋,オレンジの入った麻袋,
2000357,装硬币的袋子,硬貨の入った袋,
2000358,,,
2000359,,,
2000360,,,
2000361,,,
2000362,,,
2000363,,,
2000364,,,
2000365,,,
2000366,,,
2000367,黄蜂的毒针,ホーネットの毒針,
2000368,达达内恩的催促书,ダダネンからの督促状,
2000369,娜夏孔雀石原石,ナナシャマラカイト原石,
2000370,尖锐的锄头,鋭いピック,
2000371,陈旧的小锤,古いハンマー,
2000372,沉重的大锤,重いモール,
2000373,捕兽夹,トラバサミ,
2000374,毒蜥蜴的邪眼,ペイストの邪眼,
2000375,,,
2000376,土狗之血,モングレルの血,
2000377,给利奥弗里克的密封信,レオフリック宛ての封書,
2000378,娜夏孔雀石原石,ナナシャマラカイト原石,
2000379,蟾蜍的毒液,薬の材料になるトキシックトードから採れる毒液,
2000380,给贝林盖尔的信,ベリンゲル宛の手紙,
2000381,古董匕首,年代物のダガー,
2000382,秃鹫腿肉,バザードから採れる食肉,
2000383,薄壳蟹脚,シックシェルから採れる食材,
2000384,船菊石刺身,スカフィテから採れる新鮮な刺身,
2000385,栗鼠之血,マーモットの鮮血,
2000386,莫莫蒂的介绍信,モモディの紹介状,
2000387,莫莫蒂的介绍信,モモディの紹介状,
2000388,莫莫蒂的介绍信,モモディの紹介状,
2000389,,,
2000390,可疑的传单,怪しいビラ,
2000391,白辉石,白く輝く石,
2000392,阿尔基克薰衣草,アルジクラベンダー,
2000393,招募工人的传单,作業員募集のビラ,
2000394,白辉石,白く輝く石,
2000395,浑浊的泉水,濁った湧水,
2000396,给欧文的密封信,オワイン宛の封書,
2000397,献给太阳神的供品,日神への供物,
2000398,给欧文的密封信,オワイン宛の封書,
2000399,凄惨的遗体,無残な遺体,
2000400,妮美雅百合花束,ニメーヤリリーの花束,
2000401,蝎纹戒指,,
2000402,特制恢复药,,
2000403,蝎纹戒指,,
2000404,毒药交易账单,,
2000405,紫檀木箱,紫檀の木箱,
2000406,陈旧的供品,古びた供物,
2000407,蜂毒酒,蜂漬けの毒酒,
2000408,毒蟾蜍腿肉,トキシックトードのモモ肉,
2000409,木人,木人,
2000410,送往地平关的小包,ホライズン宛の小包,
2000411,拉尔戈的胆汁,,
2000412,招募工人的传单,作業員募集のビラ,
2000413,扣押令,差し押さえ証,
2000414,鱼干,干からびた魚,
2000415,兀鹫胸肉,ヴァルチャーの胸肉,
2000416,以太药运输箱,エーテル輸送箱,
2000417,蜥蜴人的鲜血,アマルジャの鮮血,
2000418,以太药运输箱,エーテル輸送箱,
2000419,蜥蜴人的鲜血,アマルジャの鮮血,
2000420,沾有血迹的咒杖,血濡れのセプター,
2000421,被撕裂的古书,引き裂かれた古書,
2000422,茉门论文集,モルモーの論文集,
2000423,古旧金币,古びたギル硬貨,
2000424,,,
2000425,茉门论文集,モルモーの論文集,
2000426,可可布希的情报书,ココブシの情報書,
2000427,河蟾蜍肝,リバートードの肝,
2000428,装羊毛的麻袋,羊毛入りの麻袋,
2000429,小麦粉袋,小麦粉袋,
2000430,装着衣服的包裹,衣服の入った包み,
2000431,装着衣服的包裹,衣服の入った包み,
2000432,装着衣服的包裹,衣服の入った包み,
2000433,沾有血迹的手镯,血濡れの腕輪,
2000434,装有肉的木箱,肉入りの木箱,
2000435,大麻袋,大きな麻袋,
2000436,装有渡渡鸟的麻袋,ドードー入りの麻袋,
2000437,除虱刷,シラミ取りブラシ,
2000438,半透明的粘液,半透明の粘液,
2000439,苔绿色的体液,苔色の体液,
2000440,高纯度土之水晶,高純度アースクリスタル,
2000441,小钥匙,小さな鍵,
2000442,6星司火药,6オンズ爆薬,
2000443,,,
2000444,路灯用的灯油,街灯用の油,
2000445,给梅尔维布提督的亲笔信,メルウィブ提督宛の親書,
2000446,给嘉恩·艾幻术皇的亲笔信,幻術皇カヌ・エ宛の親書,
2000447,奇怪的香草,怪しい香草,
2000448,斯维特尼克斯的信函,スウィートニクスのおてがみ,
2000449,滞纳关税名单,関税滞納者の一覧,
2000450,新鲜的牡羊肉,新鮮なラム肉,
2000451,七贤堂小包,セブンスセージの小袋,
2000452,七贤堂小包,セブンスセージの小袋,
2000453,失踪者名单,行方不明者の一覧,
2000454,水母肉块,浮クラゲの切り身,
2000455,犯人的画像,食い逃げ犯の人相書き,
2000456,给梅尔维布提督的亲笔信,メルウィブ提督宛の親書,
2000457,给劳班局长的亲笔信,ラウバーン局長宛の親書,
2000458,给嘉恩·艾幻术皇的亲笔信,幻術皇カヌ・エ宛の親書,
2000459,给劳班局长的亲笔信,ラウバーン局長宛の親書,
2000460,市场价格调查报告,市場価格調査書,
2000461,敏菲利亚的短剑,ミンフィリアの短剣,
2000462,镶有魔晶石的短剑,マテリア付の短剣,
2000463,黄昏卷饼,上等なプレッツェル,
2000464,西米棕榈树干,サゴパームの幹,
2000465,西米棕榈树种,サゴパームの種,
2000466,枯叶,しなびた葉,
2000467,旅神葵的花萼,オシュオンローゼルのガク,
2000468,椰子果实,椰子の実,
2000469,肮脏的砖块,薄汚れたレンガ,
2000470,坚硬的砖块,硬いレンガ,
2000471,风化的岩盘碎片,風化した岩盤の欠片,
2000472,坚硬的岩盘碎片,硬い岩盤の欠片,
2000473,优质黄铜矿,良質の黄銅鉱,
2000474,低纯度铜矿,低純度の銅鉱,
2000475,肮脏的砖块,薄汚れたレンガ,
2000476,坚硬的砖块,硬いレンガ,
2000477,岩石样本,サンプル用の岩石,
2000478,矿石样本,サンプル用の鉱石,
2000479,褐色的石块,茶色の石塊,
2000480,优质锌矿,良質の亜鉛鉱,
2000481,肮脏的石材,薄汚れた石材,
2000482,漂亮的石材,綺麗な石材,
2000483,岩石样本,サンプル用の岩石,
2000484,矿石样本,サンプル用の鉱石,
2000485,毒蜥蜴的蜕皮,ペイストの薄皮,
2000486,风化的岩盘碎片,風化した岩盤の欠片,
2000487,坚硬的岩盘碎片,硬い岩盤の欠片,
2000488,岩石样本,サンプル用の岩石,
2000489,矿石样本,サンプル用の鉱石,
2000490,土之力岩石,アースパワーストーン,
2000491,墓石用石材,墓石用の石材,
2000492,红褐色岩石,赤茶けた岩石,
2000493,蕴含魔力的岩石,魔力を帯びた岩石,
2000494,钝色的砂砾,輝きのない砂利,
2000495,闪光的砂砾,わずかに輝く砂利,
2000496,苔藓覆盖的石材,苔むした石材,
2000497,优质的粉砂岩,良質のシルト岩,
2000498,石壁用石材,石壁用の石材,
2000499,积土的岩石,土まみれの石,
2000500,刻字的岩石,文字が刻まれた石,
2000501,酿造库用的燧石,醸造庫用の火打石,
2000502,石壁的碎片,石壁の欠片,
2000503,镇守灯笼用的石材,守灯籠用の石材,
2000504,褐色的小碎片,茶色に輝く小石,
2000505,绿色的小碎片,緑色に輝く小石,
2000506,优质的铁矿,良質の鉄鉱,
2000507,古代的贝壳,古代の貝殻,
2000508,莫拉比牡蛎,モラビーオイスター,
2000509,罗罗特恩的名片,宝石商ロロトンの名刺,
2000510,洞山羊里脊,ミオトラグスのサーロイン,
2000511,土针鼹肉,ツコツコの肉,
2000512,船长室的钥匙,船長室の鍵,
2000513,海人门的钥匙,海人門の鍵,
2000514,处罚室的钥匙,懲罰房の鍵,
2000515,伊桑巴德的介绍信,イセムバードの紹介状,
2000516,火元精核心,ファイアスプライトの核,
2000517,准备下葬的遗体,埋葬を待つ遺体,
2000518,可疑的传单,怪しいビラ,
2000519,巴德龙的草书,バデロンの走り書き,
2000520,奇怪的书简,怪しい書簡,
2000521,避难地正门的钥匙,避難地の主門の鍵,
2000522,用旧的匕首,使いこまれたナイフ,
2000523,盖有呢绒的箱子,羅紗張りの箱,
2000524,运输商品,狙われた商品,
2000525,西盖尔德的水袋,シガードの水袋,
2000526,西盖尔德的皮包,シガードの革鞄,
2000527,,,
2000528,,,
2000529,,,
2000530,色彩鲜艳的羽毛,色鮮やかな羽,
2000531,黄铁矿碎片,黄鉄鉱の欠片,
2000532,柔软的毒蜥蜴粗皮,柔らかなペイストの粗皮,
2000533,海月水母的鳔袋,オーレリアのバラスト袋,
2000534,风元精核心,ウィンドスプライトの核,
2000535,雷元精核心,ライトニングスプライトの核,
2000536,掉落的货物,落ちた積荷,
2000537,骗来的贵金属,隠された貴金属,
2000538,渡渡鸟腐肉,ドードーの腐肉,
2000539,古代的土器,古代の土器,
2000540,偏属性水晶,偏属性クリスタル,
2000541,新鲜的低地葡萄,新鮮なローランドグレープ,
2000542,妖花的种子,妖花の種,
2000543,渡渡鸟的种蛋,ドードーの有精卵,
2000544,试饮用的麦酒,試飲用のエール,
2000545,漂流的酒瓶,漂着したワイン,
2000546,特制镇定药,特製の沈静薬,
2000547,爆弹怪的中指,ボムの中指,
2000548,初萤,初蛍,
2000549,火元精核心,ファイアスプライトの核,
2000550,妖红花的花粉块,ローズリングの花粉塊,
2000551,鬼火种,鬼火の種,
2000552,妖异全集«滴落腐液的怪物»之页,妖異全集「腐汁滴らせし者」の頁,
2000553,妖异全集«暗夜潜行的怪物»之页,妖異全集「闇夜を歩きし者」の頁,
2000554,妖异全集«烈焰旺盛的怪物»之页,妖異全集「燃えさかりし者」の頁,
2000555,妖异全集«烈焰高涨的怪物»之页,妖異全集「燃えあがりし者」の頁,
2000556,蔓德拉的双叶,マンドラゴラの双葉,
2000557,鹈鹕肉,ペリカンの肉,
2000558,流光水晶,発光性クリスタル,
2000559,魔导通信机,商談用の魔導通信機,
2000560,雷元精核心,ライトニングスプライトの核,
2000561,虹蝶贝,虹蝶貝,
2000562,关于地灵族的记录,コボルド族に関する覚書き,
2000563,,,
2000564,,,
2000565,魔力圣火像,聖火の彫像,
2000566,智慧果实像,葡萄の彫像,
2000567,财富金刚像,金剛の彫像,
2000568,武力头盔像,大兜の彫像,
2000569,特制香烩时蔬,,
2000570,盖娃的项环,,
2000571,琥珀色药液,飴色の薬液,
2000572,狩猎工具箱,狩猟用道具箱,
2000573,乳根,ミルクルート,
2000574,给族长的亲笔信,長老宛の親書,
2000575,小手杖,小さな杖,
2000576,新绿嫩叶,新緑の若葉,
2000577,红菇,トレントのどんぐり,
2000578,补给品清单,補給品目録,
2000579,绢丝,絹糸,
2000580,空木桶,空の木桶,
2000581,装有冷水的木桶,冷水入りの木桶,
2000582,羚羊的内脏,アンテロープの臓物,
2000583,妖花花瓣,妖花の花弁,
2000584,,,
2000585,沾满泥土的土器,泥まみれの土器,
2000586,火壶,火炎壺,
2000587,红石耳饰,紅石の耳飾り,
2000588,空桶,空き樽,
2000589,装有清水的桶,清水入りの樽,
2000590,长须豹幼崽的胡须,クァール・パップの髭,
2000591,手工熟食套餐,お手製卵弁当,
2000592,细长的化石,細長い化石,
2000593,圆形的化石,丸い化石,
2000594,卢恩浊酒,キキルン濁酒,
2000595,阿泽玛玫瑰精油,アーゼマローズの香油,
2000596,妖精族的亲笔信,シルフ族の親書,
2000597,空瓶,,
2000598,血蚤的鲜血,,
2000599,手工稻草人,手製のカカシ,
2000600,毛球的鲜血,ファーブルの生血,
2000601,无法解读的信,怪しい紙片(仮),
2000602,给巧巧佐的报告,キョキョゾ宛の報告書,
2000603,给高风飞行社的请愿书,ハイウィンド飛空社宛の嘆願書,
2000604,小火种,小さな火種,
2000605,仙人刺的果实,サボテンの実,
2000606,纳尔札尔圣水,ナルザルの聖水,
2000607,萨纳兰红茶,ザナラーン紅茶,
2000608,黑衣苹果,シュラウドアップル,
2000609,埋枝战斧,バウバリーの戦斧,
2000610,紫苏叶,ペリラリーフ,
2000611,姆恩·图伊酱汁,ムントゥイソース,
2000612,羚羊的大角,アンテロープの大角,
2000613,去脓药膏,手製の化膿止め,
2000614,梅弗里德的推荐信,グンドバルド宛の手紙,
2000615,毒蜥蜴的毒液,ペイストの毒液,
2000616,爆破用炸药,採掘用の発破,
2000617,带电结晶,雷気を放つ結晶,
2000618,客房的小钥匙,コルク亭の鍵(仮),
2000619,秋瓜浮村报告,調査報告資料(仮),
2000620,走味的麦酒,木の栄養剤(仮),
2000621,封魔壶,封魔の壺,
2000622,活体魂石,ゴーレム壺（核入り）(仮),
2000623,陆行鸟毛掸子,羽箒(仮),
2000624,小小的密封信,ゴゴラタの封書(仮),
2000625,戈戈拉塔的商品,ゴゴラタの商売道具(仮),
2000626,艾尔温的手工盒饭,山師のお弁当(仮),
2000627,开山工油灯,空のランプ(仮),
2000628,气球怪油灯,ボムの燃料入りランプ(仮),
2000629,开山工踏台,脚立(仮),
2000630,白百合纽扣,白百合紋のボタン,
2000631,毒蟾魔菇伞,トードスツールの胞子(仮),
2000632,特制玻璃瓶,空の保存壺(仮),
2000633,活体雷元精,ライトニングスプライト保存壺(仮),
2000634,萌芽池的水,芽吹き池の水(仮),
2000635,,,
2000636,大个的鲱鱼,大ぶりのヘリング,
2000637,夜蟾蜍腿肉,トードのモモ肉,
2000638,红菇,ベニイロタケ,
2000639,黄沙香,ウルダハスパイス(仮),
2000640,掉落的木材,木材(仮),
2000641,精金龟的巨蛋,アダマンタスの大卵,
2000642,火蛟的鲜血,ドレイクの鮮血,
2000643,染血的战戈,血濡れのギザルメ,
2000644,蛮风首饰,蛮風の首飾り,
2000645,鮟鱇的尸体,アングラーの死体,
2000646,盲头蟹的爪子,ヤーゾンの歯(仮),
2000647,大号麻袋,麻袋(仮),
2000648,装有鮟鱇的麻袋,アングラー入り麻袋(仮),
2000649,玛瑙白兰地,オニキスブランデー,
2000650,装肉的麻袋,食料が入った袋(仮),
2000651,6星司火药,爆薬(仮),
2000652,狮子徽章,戦士のメダル(仮),
2000653,开胃酒订单,食前酒の注文票,
2000654,优质木塞原材,上質のコルク材(仮),
2000655,洛马尼的红酒,ローマニのワイン,
2000656,丛林长须豹的粗皮,ジャングルクァールの粗皮,
2000657,椰子酒,ココナッツワイン,
2000658,酒神葡萄的树枝,ブドウの苗(仮),
2000659,酒神之酒,バッカスグレープの枝,
2000660,风元精核心,ウィンドスプライトの核(仮),
2000661,旅神葵花束,コリブリの好きな蜜(仮),
2000662,三大美味,三大珍味の料理,
2000663,鲜艳的花朵,鮮やかな花々,
2000664,酒神之酒,バッカスの酒杯,
2000665,布拉乌吉巴尔的归队申请,上官への手紙(仮),
2000666,大个的暖水鳟,川魚(仮),
2000667,大号盐烤公主鳟,焼き魚(仮),
2000668,巨像兵的魂石,ゴーレムの核(仮),
2000669,迅猛龙的钩爪,ハネトカゲの爪(仮),
2000670,巨大的麻袋,狩猟網(仮),
2000671,装长须豹的麻袋,クァール入り網(仮),
2000672,小火种,爆薬(仮),
2000673,蝾螈油,サンショウウオの油(仮),
2000674,香葡萄酒,冷たいワイン(仮),
2000675,温葡萄酒,ホットワイン(仮),
2000676,石绿湖的冷水,氷(仮),
2000677,坏掉的蒸馏器,壊れた調理器,
2000678,细头錾子,先細のタガネ,
2000679,小钳子,小さなヤットコ,
2000680,修好的怀表,修理された時計,
2000681,驱虫香,虫除け(仮),
2000682,装硬币的皮袋,司祭の集金袋(仮),
2000683,装硬币的皮袋,ゾゾルの集金袋(仮),
2000684,桂皮饼干,神父の好物(仮),
2000685,拂晓血盟成员的遗体,暁の血盟員の遺体,
2000686,诺拉克希亚的遗体,ノラクシアの遺体,
2000687,朴素的麻布,法衣の布(仮),
2000688,太阳仙人刺的肉质茎,サボテンダー・デル・ソルの果肉,
2000689,太阳之水,サボテンダージュース,
2000690,渡渡鸟腐肉,おとり肉(仮),
2000691,,,
2000692,,,
2000693,被抢走的货物,奪われた荷物,
2000694,被抢走的货物,奪われた荷物,
2000695,被抢走的货物,奪われた荷物,
2000696,被抢走的货物,奪われた荷物,
2000697,给奥尔什方的信,オルシュファン宛の封書,
2000698,干柴,薪(仮),
2000699,新鲜的羊后腰肉,黒羊の肉(仮),
2000700,优质的黑羊粗皮,黒羊の毛(仮),
2000701,银色的指环,形見の指輪(仮),
2000702,钝匕首,使い込まれたナイフ(仮),
2000703,雪地白狼的粗皮,白銀の毛皮(仮),
2000704,强韧的粗草绳,羊捕獲ロープ(仮),
2000705,被绑住的塞巴斯蒂安,捕獲された羊(仮),
2000706,小火种,火種(仮),
2000707,黑衣紫杉原木,フォールゴウトの木材(仮),
2000708,给伊索多雷尔的信,傭兵隊長への手紙(仮),
2000709,爆弹怪的中指,爆弾(仮),
2000710,给贝尔蒙特的信,イクサルについての調査書(仮),
2000711,龙眼念锁,竜眼の祈鎖(仮),
2000712,学者装束概论,霊妖花の若葉（仮）,
2000713,灵妖花的嫩叶,学者の研究資料（仮）,
2000714,精炼过的青磷水,青燐水原液(仮),
2000715,妮美雅百合花束,花(仮),
2000716,圣达奈芬酒,ドラゴンヘッドの酒(仮),
2000717,水晶珠,恋人の遺品(仮),
2000718,秘银念锁,ロザリオ(仮),
2000719,破旧的书本,怪しげな古書(仮),
2000720,观测记录«1572年第6卷»,観測記録「1572年第6巻」,
2000721,奥尔什方的密封信,オルシュファンの封書,
2000722,弗朗塞尔的密封信,フランセルの封書,
2000723,艾因哈特家的信件,アインハルト家の書簡,
2000724,泥沼蝾螈的尾肉,マッドパピーの尾肉,
2000725,泥沼蝾螈肉排,パピーステーキ,
2000726,异端者的遗物,異端者の荷物(仮),
2000727,×大審門の瓦礫（未使用）,,
2000728,毛丝栗鼠的兽脂,グリフォンの獣油(仮),
2000729,龙族的甲鳞,ドラゴンの鱗(仮),
2000730,老鼠的尸体,ネズミの死骸(仮),
2000731,乌尔达哈炼金药,高価な薬(仮),
2000732,冰元精核心,アイススプライトの核,
2000733,染血的任命书,血塗られた書簡,
2000734,破损的武器,壊れた武器(仮),
2000735,强化狂热药,温まる薬(仮),
2000736,地下牢狱的钥匙,牢獄のカギ(仮),
2000737,钢铁碎冰镐,雪割りツルハシ(仮),
2000738,急救用白兰地,補給物資(仮),
2000739,强韧的粗草绳,ロープ(仮),
2000740,素烧壶,素焼きの壺,
2000741,绝灵壶,絶霊体の壺,
2000742,采石用大锤,採石用モール,
2000743,金羊毛球的鲜血,超フワフワ白粉(仮),
2000744,水晶石英,クリスタルクォーツ(仮),
2000745,黄金羽毛,黄金色の羽根,
2000746,空酒瓶,空瓶(仮),
2000747,遇难船上的酒,ワインの入った瓶(仮),
2000748,东方的香料,スパイス(仮),
2000749,花蜜香水,花蜜の香料(仮),
2000750,妖精铃兰的种子,植物の種(仮),
2000751,风元精核心,ウィンドスプライトの核（仮）,
2000752,赤心石,赤心石,
2000753,偏属性水晶,偏属性クリスタル,
2000754,,,
2000755,,,
2000756,外灵质触媒,ウィスプの結晶(仮),
2000757,离子电触媒,ウィスプの巨大結晶(仮),
2000758,废弃物资,詰められていた資材(仮),
2000759,精美的密封信,α宛の手紙(仮),
2000760,贴花的密封信,β宛の手紙(仮),
2000761,简朴的密封信,θ宛の手紙(仮),
2000762,锋利的水晶,シンボルの破片(仮),
2000763,泥沼蝾螈肝,サンショウウオの肉(仮),
2000764,纠缠杉叶藻的根,モードゥナリリー(仮),
2000765,装甲外壳,装甲破片(仮),
2000766,雷波测量仪,雷波測定器,
2000767,受损的帝国军军装,傷んだ帝国軍制式兵装,
2000768,受损的帝国军头盔,傷んだ帝国軍制式兜,
2000769,修复的帝国军军装,整えられた帝国軍制式兵装,
2000770,修复的帝国军头盔,整えられた帝国軍制式兜,
2000771,帝国式烟雾信号弹,帝国式発煙筒,
2000772,魔法人偶核,魔法人形のコア,
2000773,帝国军认证密钥,帝国軍認証鍵,
2000774,巨虻的翼膜,ケッドの羽(仮),
2000775,红燕首饰,ドッグタグ(仮),
2000776,手工炸弹,発破剤(仮),
2000777,新型炼金炉破坏作战报告书,報告書(仮),
2000778,,,
2000779,24星司火药,発破剤(仮),
2000780,乌氏软膏,傷薬(仮),
2000781,黑涡团补给物资,船に積む荷物1(仮),
2000782,手工炸弹,クリスタル破壊爆弾(仮),
2000783,黑涡团军粮,補給物資(仮),
2000784,滑嫩刺身,クラゲの刺身(仮),
2000785,石蜥蜴肉,バジリスクの肉,
2000786,清炖石蜥蜴肉,バジリスクシチュー,
2000787,恒辉队制式剑,不滅隊の剣(仮),
2000788,榴弹怪的爪子,錬金薬の元(仮),
2000789,鸡尾药,応急薬(仮),
2000790,冥鬼之眼的角膜,アーリマンの肝(仮),
2000791,白狼门通行许可证,通行許可証(仮),
2000792,学者装束概论,学者装束の研究資料(仮),
2000793,灵妖花的嫩叶,霊妖花の実(仮),
2000794,未完成的学者装束,裁断された霊絹布(仮),
2000795,阿·拓瓦·坎特的骨灰,ボロボロの布きれ(仮),
2000796,训练用的木箱,訓練用の木箱,
2000797,隐藏的书卷,古代文字が刻まれた骨片(仮),
2000798,全新的魔导书,新しい魔導書(仮),
2000799,指令书,ク・リヒャからの指令書(仮),
2000800,生鲜活鲱鱼,釣ったばかりの魚(仮),
2000801,特制鳗鱼派,特製のイールパイ,
2000802,塞满硬币的钱袋,硬貨の詰まった袋,
2000803,奇怪的皮袋,謎めいた革袋,
2000804,爱尔德吉斯的裹身裙,エルドギスのパレオ(仮),
2000805,珍藏的葡萄酒,秘蔵のワイン,
2000806,特制香烩时蔬,ヤニ特製のラタトゥイユ(仮),
2000807,盖娃的项环,ゲヴァのチョーカー,
2000808,瑕托托的魔石,シャトトの魔石(仮),
2000809,妖异之鲜血,lv35の魔物の血(仮),
2000810,妖异之鲜血,lv40の魔物の血1(仮),
2000811,妖异之鲜血,lv40の魔物の血2(仮),
2000812,蜥蜴人的鲜血,アマルジャの血(仮),
2000813,普库诺·珀奇的护身符,プクノ・ポキのお守り(仮),
2000814,龙魔笛,竜の魔笛,
2000815,雷蛟头骨,ドラゴン眷属の頭骨,
2000816,武僧之证,星型の石(仮),
2000817,以太测量仪,lv30エーテル計測器(仮),
2000818,以太测量仪,lv40エーテル計測器(仮),
2000819,以太测量仪,ウィダルゲルドのエーテル計測器(仮),
2000820,以太测量仪,lv45エーテル計測器(仮),
2000821,亡者的遗骸,不浄な遺骸,
2000822,神秘的水晶,謎の男から受け取ったクリスタル(仮),
2000823,豆子袋,試練呼び出し用の肉(仮),
2000824,龙魔笛,竜の魔笛,
2000825,,,
2000826,新鲜蜂蜜,採れたての蜂蜜,
2000827,深绿补剂,深緑のトニック,
2000828,歌德鸟蛋汤,バスカロン名物激辛スープ (仮),
2000829,蚁狮酸,アントリオン酸,
2000830,绿色炼金药,カニ必殺アイテム(仮),
2000831,乳根,ミルクルート,
2000832,细长的化石,細長い化石,
2000833,蓝布顿巨虫肉,ラムトンウォームの肉,
2000834,,,
2000835,黑衣椒,シュラウドペッパー,
2000836,干燥龙息椒,乾燥ドラゴンペッパー,
2000837,绝灵壶,絶霊体の壺,
2000838,沉重的绝灵壶,重い絶霊体の壺,
2000839,绝灵壶,絶霊体の壺,
2000840,绝灵壶,絶霊体の壺,
2000841,沉重的绝灵壶,重い絶霊体の壺,
2000842,给布里塞尔的信,ブリセル宛の書簡,
2000843,特别航线许可证,特別渡航許可証,
2000844,纪念戒指,遺品の指輪(仮) ,
2000845,狂野野猪的厚肉,ワイルドホッグの肉(仮),
2000846,奥丁调查报告书,報告書(仮),
2000847,,,
2000848,肥嫩的刺身,クラゲの刺身(仮),
2000849,弥弥德亚式耳塞,ミミドア式耳栓,
2000850,帝国军制式剑,帝国軍制式剣,
2000851,商品包裹,オディネル宛の荷物(仮),
2000852,特级白兰地,お詫びの品(仮),
2000853,被偷走的调查记录,調査資料(仮),
2000854,强韧的粗草绳,ロープ(仮),
2000855,仙人药茶,サボテンの薬茶,
2000856,奥尔什方的信,デュランデル家への紹介状,
2000857,黑衣苹果,お供えリンゴ(仮),
2000858,弗朗塞尔的密封信,書状その2(仮),
2000859,仙人酒,サボテン酒,
2000860,黑羊的鲜血,タウルス呼び寄せ（仮）,
2000861,凄惨的尸体,無残な死体,
2000862,恶臭的胃袋,胃袋(仮),
2000863,钢铲,貝を剥がすための道具(仮),
2000864,哥布林奶酪,ゴブリンチーズ,
2000865,阿泽玛玫瑰花束,白い花束(仮),
2000866,染血的任命书,血塗られた書簡,
2000867,银色的指环,形見の指輪(仮),
2000868,长柄大锤,バールのようなもの(仮),
2000869,黑涡团补给物资,船に積む荷物2(仮),
2000870,黑涡团补给物资,船に積む荷物3(仮),
2000871,地灵祭司的铁盔,コボルドNM兜（仮),
2000872,忘忧泪,邪眼の涙,
2000873,爆弹怪的无名指,ボムの薬指,
2000874,大炎辉石,大炎輝石,
2000875,烈焰火蛟的唾液,フレイムドレイクの可燃液,
2000876,白狼的粗皮,ホワイトウルフの粗皮,
2000877,汽油弹怪的小指,ナパームの小指,
2000878,柔软的羊肉,柔らかな羊肉,
2000879,调查植被土样,植生調査用の土,
2000880,骏鹰腿肉,ヒッポグリフのモモ肉,
2000881,雷蛟筋腱,ビアストのスジ肉,
2000882,冰元精核心,アイススプライトの核,
2000883,隐藏的书卷,古代文字が刻まれた石,
2000884,全新的魔导书,新しい魔道書,
2000885,指令书,指示書,
2000886,生鲜活鲱鱼,魚,
2000887,特制鳗鱼派,パイ,
2000888,塞满硬币的钱袋,宝石,
2000889,奇怪的皮袋,スカーフ,
2000890,爱尔德吉斯的裹身裙,袋,
2000891,珍藏的葡萄酒,酒,
2000892,小手杖,小さな杖,
2000893,修补用石材,補修用の石材,
2000894,修补用优质石材,良質の補修用の石材,
2000895,压缩雪块,圧雪ブロック,
2000896,库尔札斯石灰岩,クルザス石灰岩,
2000897,青秘银矿,青霊銀鉱,
2000898,优质青秘银矿,良質の青霊銀鉱,
2000899,大冰壁冰片,大氷壁の氷片,
2000900,坚硬的大冰壁冰片,大氷壁の硬い氷片,
2000901,白铁矿,白鉄鉱,
2000902,修葺用石材,修繕用の石材,
2000903,库尔札斯冻土,クルザスの凍土,
2000904,库尔札斯永久冻土,クルザスの永久凍土,
2000905,飞空战舰装甲材料,飛空戦艦の装甲材,
2000906,飞空战舰超硬合金,飛空戦艦の超硬合金,
2000907,遗迹水晶,遺跡のクリスタル,
2000908,有划痕的亚拉戈神符石,傷ついたアラガンストーン,
2000909,结晶化树根,結晶化した根,
2000910,结晶化树干,結晶化した幹,
2000911,库尔札斯薄荷,クルザスミント,
2000912,优质库尔札斯薄荷,良質のクルザスミント,
2000913,优质橡木原木,良質のオーク原木,
2000914,杂草,ショートウィード,
2000915,浮木树枝,流木の枝,
2000916,浮木树干,流木の幹,
2000917,斑点天牛,マダラカミキリ,
2000918,患病的树皮,病に冒された樹皮,
2000919,笔直的树枝,真っ直ぐな枝,
2000920,高地柚木原木,ハイランドチークの原木,
2000921,受伤的树皮,傷ついた樹皮,
2000922,刻有符号的树皮,符号が刻まれた樹皮,
2000923,遗物的碎片,遺物の欠片,
2000924,褪色的亚拉戈神符石,汚れたアラガンストーン,
2000925,踏台用木材,足場用の木材,
2000926,结晶化杂草,結晶化した下草,
2000927,半结晶化树枝,半結晶化した枝,
2000928,半结晶化树干,半結晶化した幹,
2000929,锋利的箭头,矢（仮）,
2000930,巨像兵的魂石,石兵のソウルストーン,
2000931,绝灵壶,絶霊体の壺,
2000932,偏属性水晶,重い絶霊体の壺,
2000933,龙骨,ドラゴンの骨(仮),
2000934,卫月碎片,遺物(仮),
2000935,拉尔戈护身符,ラールガーの神符,
2000936,灵魂水晶,発掘されたソウルクリスタル(仮),
2000937,神秘的魔石,フェアリーの宿る石(仮),
2000938,神秘的魔石,ア・トワ・カントの秘石(仮),
2000939,全新的腕套,新品のグローブ(仮),
2000940,全新的及膝裤,新品のキュロット(仮),
2000941,全新的长靴,新品のブーツ(仮),
2000942,全新的头冠,新品のサークレット(仮),
2000943,全新的长袍,新品のローブ(仮),
2000944,阿·拓瓦·坎特的骨灰,壊れた聖櫃(仮),
2000945,龙眼念锁,竜眼の祈鎖,
2000946,酒神葡萄的树叶,ブドウの葉(仮),
2000947,水晶塔雕像,信仰のシンボル完成品(仮),
2000948,亡者的骨灰,試練達成の証(仮)の灰,
2000949,不可思议的水晶,ナイトの証(仮),
2000950,花蜜香水,花蜜の香料(仮),
2000951,以太测量仪,計測器(仮),
2000952,妮美雅百合花束,花(仮),
2000953,妮美雅百合花束,花(仮),
2000954,妖异之鲜血,lv45の魔物の血(仮),
2000955,鸟人的鲜血,イクサルの血（仮）,
2000956,地灵的鲜血,コボルドの血（仮),
2000957,六识之鲜血,PC種族の血（仮）,
2000958,马尔塞特特制炼金药,除草剤(仮),
2000959,蜂毒酒,蜂漬けの毒酒,
2000960,装有冷水的水瓶,硫酸(仮),
2000961,山果醋,クルザスビネガー,
2000962,香辛料炸弹,オーガヨワクナール(仮),
2000963,净化圣水,聖なる光(仮),
2000964,未完成的学者装束,裁断された霊絹布（仮）,
2000965,被斩断的封印石,封印石の欠片(仮),
2000966,诺拉克希亚的遗体,イベントアイテム339(仮),
2000967,小麦酒港定期报告书,始末書(仮),
2000968,黄昏蝙蝠的翅膀,ダスクバットの飛膜(仮),
2000969,给威尔特希斯的密封信,母からの手紙(仮),
2000970,鹈鹕的毒液,コカトリスの毒(仮),
2000971,低地白葡萄酒,さしいれのお酒(仮),
2000972,桤木星,献花する花(仮),
2000973,破旧的匕首,,
2000974,赞拉克地图,,
2000975,毛绒绒补剂,フサフサトニック,
2000976,毛乎乎补剂,,
2000977,,,
2000978,,,
2000979,妖异全集«严寒冰封的怪物»之页,,
2000980,中音巨鳄肉,,
2000981,妖异全集«异界火焰的怪物»之页,,
2000982,妖异全集«黑暗羽翼的怪物»之页,,
2000983,妖异全集«尖牙利齿的怪物»之页,,
2000984,泥沼蝾螈肉排,,
2000985,小钥匙,,
2000986,神秘的石板,,
2000987,罗薇娜的债权书,ロウェナの債権書,
2000988,朽坏的勇悍斧,朽ち果てたブラビューラ,
2000989,朽坏的无锋剑柯塔纳,朽ち果てたコルタナ,
2000990,朽坏的释法来,朽ち果てたスファライ,
2000991,朽坏的穿心枪盖博尔格,朽ち果てたゲイボルグ,
2000992,朽坏的星尘杖,朽ち果てた星屑のロッド,
2000993,朽坏的酒神杖,朽ち果てたタイラス,
2000994,朽坏的月神之弓,朽ち果てたアルテミスの弓,
2000995,朽坏的绿瞳列传,朽ち果てたウイユヴェール,
2000996,朽坏的万辞全书,朽ち果てたマダレムジエン,
2000997,矾土晶粒,アルミナ研粒,
2000998,矾土晶粒,アルミナ研粒,
2000999,矾土晶粒,アルミナ研粒,
2001000,矾土晶粒,アルミナ研粒,
2001001,矾土晶粒,アルミナ研粒,
2001002,矾土晶粒,アルミナ研粒,
2001003,矾土晶粒,アルミナ研粒,
2001004,矾土晶粒,アルミナ研粒,
2001005,矾土晶粒,アルミナ研粒,
2001006,无限城的石板,アムダプールの石板,
2001007,无限城的石板,アムダプールの石板,
2001008,无限城的石板,アムダプールの石板,
2001009,无限城的石板,アムダプールの石板,
2001010,无限城的石板,アムダプールの石板,
2001011,无限城的石板,アムダプールの石板,
2001012,无限城的石板,アムダプールの石板,
2001013,无限城的石板,アムダプールの石板,
2001014,无限城的石板,アムダプールの石板,
2001015,«大佣兵传说»,写本：大傭兵伝説,
2001016,«崔斯特拉姆之颂»,写本：トリストラムの歌,
2001017,«双豹武斗经»,写本：双豹拳闘伝,
2001018,«蕾内特福音»,写本：レネットの福音書,
2001019,«石绿湖文书»,写本：石緑湖文書,
2001020,«角尊谈话随笔»,写本：或る術士の随筆,
2001021,«基尔波特诗歌集»,写本：ギルバート詩歌集,
2001022,«绿瞳列传古本»,写本：ウイユヴェール,
2001023,«魔大战记录»,写本：魔大戦記,
2001024,伊弗利特之火,イフリートの炎,
2001025,伊弗利特之火,イフリートの炎,
2001026,伊弗利特之火,イフリートの炎,
2001027,伊弗利特之火,イフリートの炎,
2001028,伊弗利特之火,イフリートの炎,
2001029,伊弗利特之火,イフリートの炎,
2001030,伊弗利特之火,イフリートの炎,
2001031,伊弗利特之火,イフリートの炎,
2001032,伊弗利特之火,イフリートの炎,
2001033,迦楼罗之风,ガルーダの風,
2001034,迦楼罗之风,ガルーダの風,
2001035,迦楼罗之风,ガルーダの風,
2001036,迦楼罗之风,ガルーダの風,
2001037,迦楼罗之风,ガルーダの風,
2001038,迦楼罗之风,ガルーダの風,
2001039,迦楼罗之风,ガルーダの風,
2001040,迦楼罗之风,ガルーダの風,
2001041,迦楼罗之风,ガルーダの風,
2001042,泰坦之土,タイタンの黄土,
2001043,泰坦之土,タイタンの黄土,
2001044,泰坦之土,タイタンの黄土,
2001045,泰坦之土,タイタンの黄土,
2001046,泰坦之土,タイタンの黄土,
2001047,泰坦之土,タイタンの黄土,
2001048,泰坦之土,タイタンの黄土,
2001049,泰坦之土,タイタンの黄土,
2001050,泰坦之土,タイタンの黄土,
2001051,圣人泪水,ダナフェンの聖水,
2001052,青磷机关部件,青燐機関の部品,
2001053,毒蘑菇孢子,毒キノコの胞子,
2001054,鹈鹕蛋,ペリカンの卵,
2001055,妖精族的遗物,シルフ族の遺品,
2001056,巨像兵的魂石,石兵のソウルストーン,
2001057,接雨草花蜜,レインキャッチャーの蜜,
2001058,帝国军认证密钥,,
2001059,37式炸药,,
2001060,帝国军认证密钥,,
2001061,以太测量仪,,
2001062,以太测量仪,,
2001063,以太测量仪,,
2001064,以太测量仪,,
2001065,帝国军认证密钥,,
2001066,37式炸药,,
2001067,拂晓血盟成员的遗体,暁の血盟員の遺体,
2001068,守护天糖果,,
2001069,守护天糖果,,
2001070,守护天糖果,,
2001071,灯油,ランタンオイル,
2001072,新鲜的泥沼陆鱼,新鮮なマッドプギル,
2001073,清澈的蝾螈油,濁りなきサラマンダー油,
2001074,受损的芙·拉敏的歌声,傷ついたフ・ラミンの歌声,
2001075,装矿石的麻袋,鉱石入りの麻袋,
2001076,芙·拉敏的歌声,フ・ラミンの歌声,
2001077,本部迁移计划书,本部移転計画書,
2001078,喀恩封魔石,カルンの封魔石,
2001079,24星司炸弹,24オンズ爆弾,
2001080,包装好的货物,梱包された荷物,
2001081,高地茶叶,ハイランド茶葉,
2001082,环线航空票,,
2001083,干净的骨头,,
2001084,饥饿的小狗,,
2001085,×'救急キット（仮）,,
2001086,长须豹的幼崽,,
2001087,鞣革制的宝物地图,,
2001088,山羊革制的宝物地图,,
2001089,巨蟾蜍革制的宝物地图,,
2001090,野猪革制的宝物地图,,
2001091,毒蜥蜴革制的宝物地图,,
2001092,,,
2001093,超高纯度土之水晶,,
2001094,超高纯度水之水晶,,
2001095,超高纯度火之水晶,,
2001096,超高纯度风之水晶,,
2001097,烈火灵砂,,
2001098,沃土灵砂,,
2001099,灵砂的货款,,
2001100,薰风灵砂,,
2001101,清水灵砂,,
2001102,席兹的胆汁,,
2001103,鬼鮟鱇肝,,
2001104,魔界花的胃液,,
2001105,僵尸的腐肉,,
2001106,软糊怪刺身,,
2001107,违禁的梦想花,,
2001108,奈莫的巧克力,,
2001109,散发香味的小盒子,,
2001110,赫·纳恩萨的小包裹,,
2001111,贝亚坦的小包裹,,
2001112,塞文利安的小包裹,,
2001113,火元精核心,,
2001114,精铁龟的甲壳,,
2001115,蜥蜴人族的祭具,,
2001116,蜥蜴人族的供品,,
2001117,森林特产蔬菜,,
2001118,魔界花的胆汁,,
2001119,树精的腐果,,
2001120,席兹的毒液,,
2001121,梦蟾蜍油,,
2001122,优等乳根,,
2001123,火神图腾,,
2001124,遗留的手册,形見の手帳,
2001125,奇怪的纸片,,
2001126,超炸裂炸弹,,
2001127,泥泞的瓶子,,
2001128,泥泞的石子,,
2001129,没有底的壶,,
2001130,装零钱的袋子,,
2001131,美丽的胡萝卜,,
2001132,敏捷的胡萝卜,,
2001133,新鲜的胡萝卜,,
2001134,巨大的胡萝卜,,
2001135,怪力的胡萝卜,,
2001136,铁笼的钥匙,,
2001137,铁笼的钥匙,,
2001138,清澈的药水,,
2001139,风神的祭器,,
2001140,土神的祭器,,
2001141,火神的祭器,,
2001142,风神的祭器,,
2001143,土神的祭器,,
2001144,火神的祭器,,
2001145,风神的祭器,,
2001146,土神的祭器,,
2001147,火神的祭器,,
2001148,铁笼的钥匙,,
2001149,坏掉的药瓶,,
2001150,蝾螈油,,
2001151,圣火精炼过的武具,,
2001152,圣火精炼过的武具,,
2001153,识破鳞粉珠,,
2001154,识别鳞粉珠,,
2001155,看穿鳞粉珠,,
2001156,白百合钥匙,,
2001157,红蔷薇钥匙,,
2001158,桃树苗,,
2001159,桃花似锦,,
2001160,桃花瓣,,
2001161,水晶商人的小箱子,,
2001162,水晶商人的大箱子,,
2001163,装有恶鬼南瓜的袋子,,
2001164,灭火灰,,
2001165,可爱的人偶,,
2001166,巨像兵的碎片,,
2001167,褐色的药水,,
2001168,哨兵的果实,,
2001169,森林深处的清水,,
2001170,铁笼的钥匙,,
2001171,铁笼的钥匙,,
2001172,猎人的猎具,,
2001173,猎人的长枪,,
2001174,猎人的弓箭,,
2001175,啪啪鳞粉炸弹,,
2001176,冰冷的清水,,
2001177,魔法祭具,,
2001178,树苗的树汁,,
2001179,魔界花的胆汁球,,
2001180,冰冷的清水,,
2001181,冰冷的清水,,
2001182,森林深处的清水,,
2001183,魔界花的胃液,,
2001184,月光草,,
2001185,妖精的种子,,
2001186,成熟的摇篮,,
2001187,软软粉末炸弹,,
2001188,咳咳鳞粉炸弹,,
2001189,小钥匙,,
2001190,灭火灰,,
2001191,镇魂的骨灰,,
2001192,克蜥草的草汁,,
2001193,沉重的水瓶,,
2001194,武具战利品,,
2001195,火蛟的火炎袋,,
2001196,沉重的水瓶,,
2001197,,,
2001198,,,
2001199,,,
2001200,优质的绿金矿,,
2001201,爆弹怪的核心,,
2001202,给弗里德乌里希的委托书,,
2001203,给卡瑟琳的委托书,,
2001204,被夺走的货物,,
2001205,被夺走的婚戒,,
2001206,破旧的木箱,,
2001207,涂黑的金属片,,
2001208,桃香香水,,
2001209,散发桃香的围巾,,
2001210,洛马尼的红酒,,
2001211,阿莉丝的特制菜肴,,
2001212,腐烂的水蜥肉,,
2001213,军用炸弹,,
2001214,黑涡团军用药,,
2001215,士兵的遗体,,
2001216,梅尔维布的密封信,,
2001217,巨像兵的魂石,,
2001218,矿妖虫的硬壳,,
2001219,阿尔基克薰衣草,,
2001220,壶的碎片,,
2001221,修复的壶,,
2001222,小型碎岩炸弹,,
2001223,星光变石地图,,
2001224,,,
2001225,,,
2001226,冒烟的火种,,
2001227,火热榴弹怪的手臂,,
2001228,红热的爆弹怪的手臂,,
2001229,矿妖虫的软壳,,
2001230,爆音摔炮,,
2001231,发光的爆弹怪的手臂,,
2001232,歪曲的锄头,,
2001233,铁矿渣,,
2001234,智能爆弹怪,,
2001235,改良设计图,,
2001236,给基古的信,,
2001237,吸附爆弹怪,,
2001238,维斯卡德的皮袋,,
2001239,维斯卡德的信,,
2001240,大号麻袋,,
2001241,小号麻袋,,
2001242,纳纳拉伊的货款,,
2001243,珍藏的包裹,,
2001244,废弃的爆弹怪的手臂,,
2001245,榴霰弹怪的核心,,
2001246,硫磺结晶,,
2001247,铁矿渣,,
2001248,腐坏的蔬菜,,
2001249,木制玩具,,
2001250,多多赞恩的货款,,
2001251,名门洞穴团的午餐,,
2001252,脏兮兮的小袋子,,
2001253,烤幼龙,,
2001254,枷锁的钥匙,,
2001255,陶制油壶,,
2001256,摔炮,,
2001257,小火种,,
2001258,智能爆弹怪,,
2001259,智能爆弹怪的核心,,
2001260,大火种,,
2001261,强化型智能爆弹怪,,
2001262,强化型智能爆弹怪的核心,,
2001263,燧石,,
2001264,肥厚的水母,,
2001265,贝壶的塞子,,
2001266,榴弹怪的拇指,,
2001267,陆鱼的肉,,
2001268,利螯陆蟹的硬甲壳,,
2001269,白浪蚌,,
2001270,大块燧石,,
2001271,白浊的溶解药,,
2001272,顶级尾肉,,
2001273,小块燧石,,
2001274,明亮的火种,,
2001275,改良型智能爆弹怪,,
2001276,改良型智能爆弹怪的核心,,
2001277,扇贝的贝柱,,
2001278,晃动的火种,,
2001279,新型智能爆弹怪,,
2001280,新型智能爆弹怪的核心,,
2001281,柔软的尾肉,,
2001282,金壶的钥匙,,
2001283,扭动的物体,,
2001284,吸附爆弹怪的核心,,
2001285,强化型吸附爆弹怪的核心,,
2001286,新型吸附爆弹怪,,
2001287,新型吸附爆弹怪的核心,,
2001288,黑涡团军用药,,
2001289,银鲨牙首饰,,
2001290,诺布之印,,
2001291,商船的货物,,
2001292,合手的燧石,,
2001293,顶级拉诺西亚香橙,,
2001294,绑架要人计划书,,
2001295,结实的枷锁的钥匙,,
2001296,海鸥的羽毛,,
2001297,写满内容的笔记,,
2001298,«火天文书»第一卷,,
2001299,«火天文书»第二卷,,
2001300,«火狱文书»第一卷,,
2001301,«水天文书»第一卷,,
2001302,«水天文书»第二卷,,
2001303,«水狱文书»第一卷,,
2001304,«风天文书»第一卷,,
2001305,«风天文书»第二卷,,
2001306,«土天文书»第一卷,,
2001307,«瓦因博德游记»,,
2001308,香葡萄酒,,
2001309,,,
2001310,无浊的清水,,
2001311,嗞嗞鳞粉炸弹,,
2001312,看透鳞粉珠,,
2001313,看透鳞粉珠,,
2001314,给塔塔露的货物,,
2001315,群青色制服,,
2001316,给戈斯顿的信,,
2001317,新鲜的拉诺西亚香橙,,
2001318,飞空艇装甲片,,
2001319,熊熊鳞粉炸弹,,
2001320,给利斯弗洛的信,,
2001321,给缪恩的信,,
2001322,魔女草,,
2001323,给巴德龙的信,,
2001324,冰冷的清水,,
2001325,装有礼物的皮袋,,
2001326,给莫莫蒂的信,,
2001327,给马尔塞特的小包,,
2001328,轻燧石,,
2001329,一捆杂草,,
2001330,幼小的鼹鼠,,
2001331,给柏蕾雅的小包,,
2001332,给格格鲁玖的信,,
2001333,舞蹈教练合同,,
2001334,圣温泉水,,
2001335,给胡恩博克特的小包,,
2001336,高级的礼服,,
2001337,●対ゴーレムピッケル,,
2001338,主飞艇库的钥匙,,
2001339,49式魔导收束器,,
2001340,50式魔导振荡器,,
2001341,51式魔导桶,,
2001342,,,
2001343,被抢走的货物,,
2001344,朴实的服装,,
2001345,靓丽的礼服,,
2001346,古旧的笔记,,
2001347,,,
2001348,,,
2001349,雾须王的金箱,,
2001350,冒险者的遗物,,
2001351,神秘地图,,
2001352,鞣革制的秘宝地图,,
2001353,十二神印戒指,,
2001354,装硬币的皮袋,,
2001355,诡异的烛台,,
2001356,南瓜灯,,
2001357,,,
2001358,,,
2001359,新鲜的克拉卡萝卜,,
2001360,野菜的残渣,,
2001361,怪物通缉令,,
2001362,恶名精英通缉令,,
2001363,装甲气球的部件,,
2001364,船体元件的材料,,
2001365,引擎元件的材料,,
2001366,交易证书,,
2001367,塔塔拉姆的信,,
2001368,旋床的齿轮,,
2001369,舵盘元件的材料,,
2001370,催眠毒酒瓶,,
2001371,重要元件的材料,,
2001372,羽饰元件的材料,,
2001373,气囊元件的材料,,
2001374,姆恩·图伊豆,,
2001375,奥猴的爪子,,
2001376,气囊强化元件的材料,,
2001377,达梅塔的盒饭,,
2001378,空空的饭盒,,
2001379,右舷船体元件的材料,,
2001380,左舷船体元件的材料,,
2001381,动力轮元件的材料,,
2001382,索具元件的材料,,
2001383,甲板元件的材料,,
2001384,软化炼金药,,
2001385,引擎外壳元件的材料,,
2001386,加工工具的材料,,
2001387,右翼元件的材料,,
2001388,优质的橡树枝,,
2001389,优质的橡木原木,,
2001390,左翼元件的材料,,
2001391,小块花岗岩,,
2001392,大块花岗岩,,
2001393,右翼可动元件的材料,,
2001394,左翼可动元件的材料,,
2001395,变速元件的材料,,
2001396,无头骑士的铠甲片,,
2001397,驾驶席外部元件的材料,,
2001398,圣人鲤,,
2001399,驾驶席内部元件的材料,,
2001400,针叶树的木柴,,
2001401,压载物元件的材料,,
2001402,野生巨鳄的硬毛,,
2001403,割毛刀,,
2001404,仪表元件的材料,,
2001405,雷蛟的爪子,,
2001406,空气动力元件的材料,,
2001407,乔西亚的签名,,
2001408,飞行社的时刻表,,
2001409,传声元件的材料,,
2001410,纠缠弹涂鱼,,
2001411,照明元件的材料,,
2001412,纠缠红树枝,,
2001413,纠缠红树原木,,
2001414,排气元件的材料,,
2001415,高纯度水之碎晶,,
2001416,高纯度水之晶簇,,
2001417,废品紧急处理元件的材料,,
2001418,强韧的魔界花卷须,,
2001419,青磷水箱元件,,
2001420,43式强化纤维,,
2001421,驾驶器元件的材料,,
2001422,雪公鱼,,
2001423,紧急逃生工具的材料,,
2001424,红玉云杉枝,,
2001425,红玉云杉原木,,
2001426,战神矿,,
2001427,优质的战神矿,,
2001428,装钱的皮包,,
2001429,抗震元件的材料,,
2001430,令人害怕的外灵质,,
2001431,辅助空气动力元件的材料,,
2001432,装饰元件的材料,,
2001433,缠头带,,
2001434,轻量化元件的材料,,
2001435,预备水箱元件的材料,,
2001436,日光石,,
2001437,月光石,,
2001438,星光石,,
2001439,偏属性水晶碎片,,
2001440,给拉雅·奥·神纳的密信,,
2001441,给坏妖精的信,,
2001442,给斯威古雷尔的信,,
2001443,给瓦瓦拉哥的信,,
2001444,给罗罗迦尔的信,,
2001445,给美容师的信,,
2001446,罗罗迦尔的货箱,,
2001447,小钥匙,,
2001448,异端者的钥匙,,
2001449,给玛舞·利扎的信,,
2001450,给乌拉·利扎的信,,
2001451,朽坏的吉光,,
2001452,矾土晶粒,,
2001453,无限城的石板,,
2001454,«正忍记»,,
2001455,伊弗利特之火,,
2001456,迦楼罗之风,,
2001457,泰坦之土,,
2001458,一叠崇拜信,,
2001459,剑斗大会的海报,,
2001460,剑斗大会的传单,,
2001461,,,
2001462,破旧的瓶子,,
2001463,年代久远的魔导书,,
2001464,同心铃,,
2001465,给人工生命的信,,
2001466,黑兔堂的收据,,
2001467,巴特商会的票据,,
2001468,合同副本,,
2001469,调查书副本,,
2001470,异端者的羊皮纸,,
2001471,异端者的书简,,
2001472,牢狱的钥匙,,
2001473,十二神戒指,,
2001474,,,
2001475,,,
2001476,,,
2001477,,,
2001478,漂亮的耳饰,,
2001479,给玛舞·利扎的信,,
2001480,给维蒙德的信,,
2001481,诱拐犯留下的信,,
2001482,天秤银行的支票,,
2001483,青磷水的期货票据,,
2001484,令人怜爱的红花,,
2001485,给朗贝尔坦的信,,
2001486,属性转移理论概说的原本,,
2001487,美丽的盆栽,,
2001488,绝灵壶,,
2001489,采石用碎石锤,,
2001490,偏属性水晶,,
2001491,给德雷斯特的信,,
2001492,肮脏的皮袋,,
2001493,布莱西的调查笔记,,
2001494,字迹潦草的匿名信,,
2001495,正教法大全11卷,,
2001496,,,
2001497,守护天节的灯笼,,
2001498,收缴来的木箱,,
2001499,给密亚·莫尔柯特的信,,
2001500,给希希菈的信,,
2001501,商贸神豌豆的根,,
2001502,遗物首饰,,
2001503,给安瑟姆的挑战书,,
2001504,给可可布奇的信,,
2001505,咒术师行会藏书目录,,
2001506,给吉吉卢恩的信,,
2001507,43式点火装置,,
2001508,财团的废品,,
2001509,散发异臭的麻袋,,
2001510,装硬币的皮袋,,
2001511,变身游行传单,,
2001512,（仮）魔道書,,
2001513,送往雪绒花商会的货物,,
2001514,高级饲料,,
2001515,忘了带走的眼镜,,
2001516,陆行鸟尾羽,,
2001517,星神卡片,,
2001518,幸运星礼物,,
2001519,放错的星神卡片,,
2001520,星神卡片,,
2001521,幸运星礼物,,
2001522,星神卡片,,
2001523,幸运星礼物,,
2001524,星神卡片,,
2001525,幸运星礼物,,
2001526,遗物手镯,,
2001527,放错的星神卡片,,
2001528,巴特拉尔的尖角,,
2001529,6号哥布林钢板,,
2001530,那罗希摩的皮膜,,
2001531,芬里尔的尖牙,,
2001532,黄辉石,,
2001533,虚无魔布,,
2001534,无限城纸片,,
2001535,苍茫玉,,
2001536,冬贝利王的血液,,
2001537,岩窟王的血液,,
2001538,克拉肯的血液,,
2001539,代言者的血液,,
2001540,古城的秘宝,,
2001541,灯塔的秘宝,,
2001542,墓园的秘宝,,
2001543,城塞的秘宝,,
2001544,给拉雅·奥·神纳的信,,
2001545,微脏的瓶子,,
2001546,买花的钱,,
2001547,梅茵菲娜雏菊,,
2001548,可疑物品,,
2001549,东方风格的魔笛,,
2001550,给朗德内尔的信,,
2001551,索恩朝时代的宝物地图,,
2001552,迷宫宝珠,,
2001553,晶塔宝珠,,
2001554,异界宝珠,,
2001555,特别搭乘许可证,,
2001556,香木护身符,,
2001557,放有原石的信,,
2001558,薄荷巧克力,,
2001559,亡灵裹布,,
2001560,高纯度蒸馏水,,
2001561,珍藏的蒸馏酒,,
2001562,彩蛋卡,,
2001563,幸运彩蛋卡,,
2001564,咳咳鳞粉蛋,,
2001565,识破鳞粉珠,,
2001566,驱幻晶粉末,,
2001567,帝国军认证密钥,,
2001568,云卵石,,
2001569,钢铁制操纵杆,,
2001570,骑兵驻所的钥匙,,
2001571,作战会议室的钥匙,,
2001572,黯淡硬毛,,
2001573,暖和的包裹,,
2001574,泉水水晶,,
2001575,以太收束器的论文,,
2001576,,,
2001577,,,
2001578,异端者的信,,
2001579,南加幼崽的肉,,
2001580,南加幼崽的肉,,
2001581,白云花,,
2001582,☓未使用,,
2001583,新作绘饰石,,
2001584,牦牛毛皮,,
2001585,封印楔石,,
2001586,封印大楔石,,
2001587,空壶,,
2001588,妖异研究者的货物,,
2001589,密斯里尔·哈特的战斧,,
2001590,断气的鲑鱼,,
2001591,新鲜香草,,
2001592,特制香葡萄酒,,
2001593,特制香葡萄酒,,
2001594,小羚羊腿肉,,
2001595,亨明的皮袋,,
2001596,护身符碎片,,
2001597,冠恐鸟腿肉,,
2001598,刚做好的盒饭,,
2001599,无伤飞膜,,
2001600,妮美雅百合,,
2001601,蔷薇骑兵团的武具,,
2001602,牦牛毛皮,,
2001603,空葡萄酒瓶,,
2001604,隐秘温泉的泉水,,
2001605,军用陆行鸟的羽毛,,
2001606,瑟瑟发抖的小猫？,,
2001607,荧光菇,,
2001608,满是孢子的野菜,,
2001609,芳香四溢的浑水,,
2001610,木制猎弓,,
2001611,南加蛋,,
2001612,成熟的七天树果实,,
2001613,洛夫坦山羊肉,,
2001614,骨颌族的枪,,
2001615,龙堡黏土,,
2001616,银露草,,
2001617,●ラーニングの書,,
2001618,,,
2001619,,,
2001620,黄色小石头,,
2001621,货车的货物,,
2001622,枪支的火药袋,,
2001623,细齿兽肉,,
2001624,似鸡龙蛋,,
2001625,陆行鸟腿肉,,
2001626,炸腿肉,,
2001627,骏雕的粗皮,,
2001628,深灰色的打火石,,
2001629,格伦玛尔花,,
2001630,光滑的龙鳞,,
2001631,山克芹尼的藤蔓,,
2001632,牵牛花,,
2001633,编织篮,,
2001634,优质黑土,,
2001635,库啵果,,
2001636,古代的武具,,
2001637,厄丝蒂安的铠甲碎片,,
2001638,奇妙的纸片,,
2001639,强力草,,
2001640,素烧水瓶,,
2001641,充满水的水瓶,,
2001642,莫古灵小刀,,
2001643,带电鳞片,,
2001644,光亮的金属片,,
2001645,暖暖草的苗,,
2001646,莫古索恩的编织篮,,
2001647,枯树精的枝,,
2001648,火蛟的尾巴,,
2001649,石灰巨像的核心,,
2001650,茂密草的苗,,
2001651,轻飘飘草,,
2001652,光亮的古代工具,,
2001653,光亮的戒指,,
2001654,矿怪虫的甲壳,,
2001655,文森野牛肉,,
2001656,柔软的黑土,,
2001657,×未使用,,
2001658,冠恐鸟蛋,,
2001659,以太测量仪,,
2001660,初次调查报告书,,
2001661,以太测量仪,,
2001662,龙骑士团的货箱,,
2001663,龙巢观测记录,,
2001664,森林野豌豆,,
2001665,园艺工行会的野菜,,
2001666,马蒂诺的证明信,,
2001667,弗弗茶的介绍信,,
2001668,瓦魔蛾肉,,
2001669,恩底弥翁的爪,,
2001670,食虫草,,
2001671,尊杜族的贡品,,
2001672,枷锁的钥匙,,
2001673,帕拉纳的妖药,,
2001674,陆行鸟腿肉,,
2001675,斑攫兽肉,,
2001676,塞满硬币的钱袋,,
2001677,洛马尼红酒,,
2001678,库啵果,,
2001679,候鸟的巢穴,,
2001680,龙蛋,,
2001681,缺少枪尖的枪,,
2001682,枪尖,,
2001683,安祖的巢,,
2001684,古旧甲胄的碎片,,
2001685,散落的遗物,,
2001686,角尊的密信,,
2001687,死灵肉片,,
2001688,死灵肉片,,
2001689,铸甲匠行会的礼物,,
2001690,成熟的果实,,
2001691,牛羚魔眼,,
2001692,废品袋,,
2001693,纳布芮依的嫩叶,,
2001694,钓饵袋,,
2001695,钓饵的货款,,
2001696,地脉分配结晶,,
2001697,奥恩飞鸢的羽毛,,
2001698,太阳熊肉,,
2001699,装有被盗物品的货箱,,
2001700,初级兵团怪物通缉令,,
2001701,中级兵团怪物通缉令,,
2001702,高级兵团怪物通缉令,,
2001703,兵团恶名精英通缉令,,
2001704,塞文利安的鉴定书,,
2001705,摩杜纳的暗号地图,,
2001706,亚拉戈的锡杖,,
2001707,失踪者的日记,,
2001708,塞文利安的试剂,,
2001709,杰尔凡家的宝剑,,
2001710,天鹅念锁,,
2001711,陶瓷制货箱,,
2001712,雷波干扰器,,
2001713,捐赠用棉线,,
2001714,装钱的皮包,,
2001715,皇都商人,,
2001716,给盖娃的信,,
2001717,行会的样本,,
2001718,给艾蕾兹的信,,
2001719,样品靴,,
2001720,经常使用的钓竿,,
2001721,发光的钓竿,,
2001722,皮耶里万的乐谱,,
2001723,特制烟雾弹,,
2001724,装硬币的皮袋,,
2001725,睡眠香,,
2001726,采矿工行会的密封信,,
2001727,钛矿样品,,
2001728,未知矿石,,
2001729,佣兵团的皮袋,,
2001730,红银矿,,
2001731,近卫骑士的头冠,,
2001732,☓未使用,,
2001733,近卫骑士的笼手,,
2001734,被夺走的物资,,
2001735,白隼羽毛饰品,,
2001736,隼巢的生活用具,,
2001737,放有酒瓶的木箱,,
2001738,有异味的酒瓶,,
2001739,有异味的酒瓶,,
2001740,雷德沃尔德的信,,
2001741,小火种,,
2001742,非常香的香草,,
2001743,怪鸟的血液,,
2001744,满是伤痕的骨头,,
2001745,满是伤痕的骨头,,
2001746,火尾飞蜥鳞,,
2001747,神蜥蜴瓦吉特鳞,,
2001748,龙牙,,
2001749,战死者的遗物,,
2001750,龙牙,,
2001751,飞龙骨,,
2001752,清水南加的尾肉,,
2001753,地鱼肉,,
2001754,洛夫坦山羊肩里脊,,
2001755,肮脏的石板,,
2001756,×未使用,,
2001757,飞龙草,,
2001758,飞龙草药液,,
2001759,肮脏的石板,,
2001760,奇纳哈尔鸟妖的喙,,
2001761,鞣革制缰绳,,
2001762,古鸟革制的宝物地图,,
2001763,飞龙革制的宝物地图,,
2001764,巨龙革制的宝物地图,,
2001765,云顶菇,,
2001766,桑松的笔记,,
2001767,以太之晶碎片,,
2001768,干净的泉水,,
2001769,鹤嘴镐,,
2001770,德利普威克斯的笔记,,
2001771,借出记录账本,,
2001772,画有边境线的地图,,
2001773,毛爬虫肉,,
2001774,烤毛爬虫肉,,
2001775,牛肉干,,
2001776,哥布林族药茶,,
2001777,给诺奇德·伯恩的信,,
2001778,有田园郡印的信封,,
2001779,文件信封,,
2001780,库啵果,,
2001781,库啵果,,
2001782,库啵果,,
2001783,黑色羽毛,,
2001784,给利迪尔隆娜的介绍信,,
2001785,给奥尔德兰的介绍信,,
2001786,给酷酷萨姆的介绍信,,
2001787,给盖姆隆娜的介绍信,,
2001788,龙堡古钱,,
2001789,蜡烛菇,,
2001790,特制野菜,,
2001791,龙堡百合,,
2001792,魏吉的试剂,,
2001793,神秘的辉石,,
2001794,古书的一部分,,
2001795,,,
2001796,神秘试验装置,,
2001797,迪迪阿恩的传单,,
2001798,制革匠行会的皮袋,,
2001799,幻术师行会的布袋,,
2001800,睡眠香的货款,,
2001801,热葡萄酒,,
2001802,陆行鸟的饲料,,
2001803,废柴捆,,
2001804,晚餐会请柬,,
2001805,战神的宗教画,,
2001806,玫瑰香情书,,
2001807,烧焦的战旗,,
2001808,热乎乎的汤,,
2001809,肮脏的麻袋,,
2001810,风水破魔石,,
2001811,炎土破魔石,,
2001812,山羊胸肉,,
2001813,被夺走的商品,,
2001814,41式魔导螺旋仪,,
2001815,艾因哈特家的货物,,
2001816,魔导兵器备用部件,,
2001817,泽梅尔家的印章,,
2001818,高纯度雷之水晶,,
2001819,给教皇厅的推荐信,,
2001820,飞行计划书,,
2001821,有洞的硬币袋,,
2001822,结实的火山岩,,
2001823,沉重的火山岩,,
2001824,监视塔用石材,,
2001825,结实的石材,,
2001826,风化的石材,,
2001827,异端风格的石材,,
2001828,遗迹的石材,,
2001829,数枪矿,,
2001830,优质的星蓝石原石,,
2001831,云海岩石,,
2001832,云海泥土,,
2001833,苍天沙,,
2001834,光泽暗淡的箭头,,
2001835,满是泥的古钱,,
2001836,亚战神矿,,
2001837,云海沙,,
2001838,大块云海轻石,,
2001839,小块云海轻石,,
2001840,优质的小刀矿,,
2001841,小刀矿,,
2001842,透明的水晶,,
2001843,废都的建材,,
2001844,陈旧的建材,,
2001845,优质的红玉草根,,
2001846,红玉草根,,
2001847,圣人草,,
2001848,库尔札斯雪松木,,
2001849,库尔札斯雪松枝,,
2001850,优质的龙胆,,
2001851,龙胆,,
2001852,利克瓦兹草,,
2001853,七天树根,,
2001854,神秘草,,
2001855,奇妙草,,
2001856,古代蒲公英,,
2001857,野草残渣,,
2001858,翻云雾海的野草,,
2001859,巨大球蓟,,
2001860,蓝云花,,
2001861,飘香花蜜,,
2001862,甘甜花蜜,,
2001863,黑雪松木,,
2001864,黑雪松枝,,
2001865,沙利亚克之指,,
2001866,优质的树苗枝,,
2001867,树苗枝,,
2001868,妖异全集«假面怪物»之页,,
2001869,妖异全集«青眼怪物»之页,,
2001870,臭臭弹,,
2001871,坚硬龙鳞,,
2001872,冠恐鸟胸肉,,
2001873,上等肥料,,
2001874,冠恐鸟羽毛,,
2001875,格伦阿穆花,,
2001876,嘭嘭草,,
2001877,泉水核心,,
2001878,赛伦蒂碧提的密封信,,
2001879,刺客的书信,,
2001880,装有上缴金的皮袋,,
2001881,,,
2001882,全新系统装置,,
2001883,冰枪石,,
2001884,招雷巨蛇鳞,,
2001885,野生陆行鸟的羽毛,,
2001886,风脉仪,,
2001887,灯塔钥匙,,
2001888,地灵军钥匙,,
2001889,新鲜的黑线鳕,,
2001890,故障虫的碎片,,
2001891,匠师的笔记,,
2001892,,,
2001893,,,
2001894,,,
2001895,海盗的私酿酒,,
2001896,奇妙的饼干,,
2001897,魔女扫帚,,
2001898,扫帚的灰,,
2001899,桑克瑞德的肖像画,,
2001900,旧匕首,,
2001901,有伤痕的骨头,,
2001902,陈旧的腾云蛇角笛,,
2001903,优质的阿巴拉提亚岩盐,,
2001904,浮岛的野草,,
2001905,特制菜丸子,,
2001906,柴火,,
2001907,温杜族的食品罐,,
2001908,泉水水晶,,
2001909,瓦魔蛾幼虫嫩肉,,
2001910,尊杜制梳子,,
2001911,松软的土,,
2001912,蠕动的虫子,,
2001913,奇纳哈尔鸟妖筋腱,,
2001914,战神钢钉,,
2001915,人形岩硬石,,
2001916,长颈驼的长腿骨,,
2001917,温杜族的涂料罐,,
2001918,瓦魔蛾茧,,
2001919,离群的风筝猫,,
2001920,鲜艳的柯瑞甘,,
2001921,冠恐鸟柔软的羽毛,,
2001922,秘制菜丸子,,
2001923,活蹦乱跳的猴面雀,,
2001924,,,
2001925,,,
2001926,薰风水晶,,
2001927,流泪草,,
2001928,目之石的碎片,,
2001929,耳之石的碎片,,
2001930,口之石的碎片,,
2001931,安祖蛋,,
2001932,起床钟和乐谱,,
2001933,星芒钟和乐谱,,
2001934,干燥的云海藤,,
2001935,瓦努族编织袋,,
2001936,雪米果,,
2001937,长颈驼的胫骨,,
2001938,恋人卡,,
2001939,被遗忘的卡,,
2001940,粘粘的降神糕,,
2001941,干燥枯草,,
2001942,火神伊弗利特之火,,
2001943,风神迦楼罗之风,,
2001944,土神泰坦之土,,
2001945,给希尔达的信,,
2001946,英格玛秘典的碎片,,
2001947,东方软膏,,
2001948,妖怪手表,,
2001949,枯树精的嫩枝,,
2001950,干燥的木柴,,
2001951,枯树精的嫩枝,,
2001952,烟草,,
2001953,切碎的烟草,,
2001954,骨颌族的食品罐,,
2001955,肥沃的黑土,,
2001956,阿瓦隆尼亚红沙,,
2001957,枯树的圆木,,
2001958,银露草,,
2001959,成熟的七天树果实,,
2001960,七天树果酒,,
2001961,陆行鸟筋腱,,
2001962,斑攫兽的毛皮,,
2001963,锐爪虾,,
2001964,南加蛋,,
2001965,昔日薄荷,,
2001966,龙人鼠尾草,,
2001967,香草组合包,,
2001968,给乌姆·阿拉的包裹,,
2001969,亚拉戈魔神神典石,,
2001970,魔法鳞粉,,
2001971,巨蛋的蛋壳碎片,,
2001972,预言蛋,,
2001973,耐热捕获网,,
2001974,捕获到的轰击怪,,
2001975,阿维尔的戒指,,
2001976,妖怪大辞典,,
2001977,1级传送魔纹的地图,,
2001978,给修复团的资材,,
2001979,给昂德卢的书信,,
2001980,异端的雕像,,
2001981,神秘的碎片,,
2001982,给工匠学徒的包裹,,
2001983,脏兮兮的废材,,
2001984,杂七杂八的材料,,
2001985,山克芹尼的藤蔓,,
2001986,破旧的废材,,
2001987,高精度的石砖,,
2001988,,,
2001989,泉水修补部件的材料,,
2001990,慰问品菜肴,,
2001991,库啪树的水晶,,
2001992,机龙魔笛,,
2001993,乌兰的笔记,,
2001994,元灵透镜,,
2001995,双足飞龙的旧鳞,,
2001996,给双足飞龙的礼物,,
2001997,候鸟巢,,
2001998,神蜥蜴刺,,
2001999,大量的水晶,,
2002000,伊修加德风味的晚餐组合,,
2002001,宝物库的钥匙,,
2002002,,,
2002003,不可思议的饼干,,
2002004,微弱的火种,,
2002005,识破变身用烟雾弹,,
2002006,起风珠,,
2002007,起风珠,,
2002008,鸟人风格的钥匙,,
2002009,亚拉戈女神神典石,,
2002010,皮革封面的书籍,,
2002011,老者御敌战甲,,
2002012,召唤用水晶,,
2002013,老者御敌铠靴,,
2002014,星星的礼物,,
2002015,给罗韦尔的信,,
2002016,星神的礼物,,
2002017,给罗韦尔的礼物,,
2002018,历练冒险谭第一章,,
2002019,带有药学院标记的木箱,,
2002020,灵布,,
2002021,记忆灵布,,
2002022,粹星水,,
2002023,库洛的奇谈书,,
2002024,历练冒险谭第二章,,
2002025,历练冒险谭第三章,,
2002026,秘制蒸馏酒,,
2002027,古老的抄本,,
2002028,亚拉戈兵器的残骸,,
2002029,改良型元灵透镜,,
2002030,魔晶堂宝玉,,
2002031,古代魔法人偶,,
2002032,索姆阿尔灵熔岩,,
2002033,亚拉戈鬼神神典石,,
2002034,蝾螈油,,
2002035,放属性雷之碎晶,,
2002036,放属性火之碎晶,,
2002037,放属性土之碎晶,,
2002038,放属性冰之碎晶,,
2002039,放属性水之碎晶,,
2002040,放属性风之碎晶,,
2002041,过属性雷之水晶,,
2002042,过属性火之水晶,,
2002043,过属性土之水晶,,
2002044,过属性冰之水晶,,
2002045,过属性水之水晶,,
2002046,过属性风之水晶,,
2002047,曼德维尔蝾螈油,,
2002048,帝国军认证密钥,,
2002049,帝国军认证密钥,,
2002050,帝国军认证密钥,,
2002051,帝国军认证密钥,,
2002052,凤凰魔笛,,
2002053,珊琪的药,,
2002054,惊喜彩蛋,,
2002055,惊喜彩蛋,,
2002056,曼德维尔优待券,,
2002057,采矿工行会的密封信,,
2002058,为最技研准备的资材,,
2002059,云海妖花粉,,
2002060,巨虫肝,,
2002061,弱化试剂,,
2002062,云海物种的骨骼标本,,
2002063,,,
2002064,云海物种的器官标本,,
2002065,防身用刀,,
2002066,崭新的锻铁工具,,
2002067,黄色的小菊花,,
2002068,吹箭筒,,
2002069,,,
2002070,忘却粉,,
2002071,生锈的废铁,,
2002072,负责监视的十夫长,,
2002073,负责监视的帝国兵,,
2002074,嘉·凯碧卡制作的圆筒,,
2002075,包装好的管弦乐琴,,
2002076,古旧的笔记,,
2002077,药用香草,,
2002078,染血头巾,,
2002079,苦土石灰的麻袋,,
2002080,通透的阿剌吉酒,,
2002081,维德制作的框架,,
2002082,哈尔制作的装饰部件,,
2002083,土壤样本,,
2002084,水质样本,,
2002085,帝王鳄的肉,,
2002086,威罗迪纳菇,,
2002087,土元精核心,,
2002088,锻冶油壶,,
2002089,恩惠石,,
2002090,走味的麦酒,,
2002091,干粉末,,
2002092,蚁狮的分泌液,,
2002093,腐烂的小杂鱼,,
2002094,无瑕的鲎壳,,
2002095,发光的辉石,,
2002096,八尺琼勾玉,,
2002097,小熊猫,,
2002098,炽热的熔岩,,
2002099,寻人画像,,
2002100,美丽的红珊瑚,,
2002101,武将的腰刀,,
2002102,红色的海藻,,
2002103,力量菇,,
2002104,新鲜的狗肉,,
2002105,候鸟的财宝,,
2002106,装着干货的包裹,,
2002107,未完工的铃铛,,
2002108,坚硬的石子,,
2002109,梅弗里德的护身符,,
2002110,应急用的炼金药,,
2002111,犏牛肉,,
2002112,奥罗尼部的灯油,,
2002113,初级雄兵怪物通缉令,,
2002114,中级雄兵怪物通缉令,,
2002115,高级雄兵怪物通缉令,,
2002116,雄兵恶名精英通缉令,,
2002117,模儿部的剑,,
2002118,供奉用的供品,,
2002119,清澈的水,,
2002120,护身符的木片,,
2002121,护身符的优质木片,,
2002122,天柱树的树液,,
2002123,干树皮,,
2002124,湿树皮,,
2002125,奥萨德松原木,,
2002126,优质奥萨德松原木,,
2002127,红矶花的碎片,,
2002128,螺旋海鳃,,
2002129,硬竹,,
2002130,软竹,,
2002131,高级家具用原木,,
2002132,风铃草,,
2002133,长风铃草,,
2002134,熟客的原木,,
2002135,毒羊草,,
2002136,柔软的叶子,,
2002137,芳香的叶子,,
2002138,花茶的花瓣,,
2002139,优质花茶的花瓣,,
2002140,尖嘴草花,,
2002141,野生品种的种子,,
2002142,有前途的种子,,
2002143,陶瓷合金装甲片,,
2002144,超硬陶瓷合金装甲片,,
2002145,古代贝的化石,,
2002146,磨损的岩石,,
2002147,坚硬的岩石,,
2002148,红玉海的矿石标本,,
2002149,红玉海的优质矿石标本,,
2002150,海绿石,,
2002151,菊目石的碎片,,
2002152,普通强度的白色石头,,
2002153,强度过硬的白色石头,,
2002154,高速魔导驱逐艇的装甲片,,
2002155,龙鳞桥的脆弱石材,,
2002156,龙鳞桥的石材,,
2002157,制作念珠的小石子,,
2002158,太阳神草原的辉石,,
2002159,月神沙漠的砂岩,,
2002160,月神沙漠的硬砂岩,,
2002161,肮脏的废石,,
2002162,紫色的废石,,
2002163,制作建材的砖瓦,,
2002164,无价值的矿石,,
2002165,有价值的矿石,,
2002166,极小的白色石头,,
2002167,艾德姬丝的试剂订单,,
2002168,用于检测的试剂,,
2002169,被脱下来扔掉的手套,,
2002170,,,
2002171,达尔马斯卡葡萄酒的空瓶,,
2002172,有玫瑰花纹的葡萄酒,,
2002173,熟睡的小羊,,
2002174,寄往乌尔达哈商会馆的密封信,,
2002175,西德寄来的书信,,
2002176,手工炸弹,,
2002177,剥落的装甲板,,
2002178,轻微损伤的武具,,
2002179,手工烟雾弹,,
2002180,装着大方士的鱼篓,,
2002181,给西·如恩的包裹,,
2002182,货箱的钥匙,,
2002183,羊皮纸信,,
2002184,手工爆竹,,
2002185,威罗迪纳灰熊的粗皮,,
2002186,剥落的装甲板,,
2002187,剥落的装甲板,,
2002188,沉重的包裹,,
2002189,烧焦的石板,,
2002190,缺损的石板,,
2002191,破裂的石板,,
2002192,大型乌洛里石的核心,,
2002193,,,
2002194,夜之血族,,
2002195,宴会请柬,,
2002196,狼獾的筋腱,,
2002197,装有肉的袋子,,
2002198,遗物风景画,,
2002199,家畜的内脏,,
2002200,鲶鱼精的铃铛,,
2002201,用旧了的罐子,,
2002202,羊奶罐,,
2002203,褐色的草团,,
2002204,灵树树根,,
2002205,乌洛里石的核心,,
2002206,延夏虎肉,,
2002207,剑草,,
2002208,,,
2002209,迦迦纳怪鸟革制的宝物地图,,
2002210,瞪羚革制的宝物地图,,
2002211,水晶首饰,,
2002212,牛鬼肝脏,,
2002213,小鸟笼,,
2002214,空壶,,
2002215,装有树脂的壶,,
2002216,瓶装阿剌吉酒,,
2002217,补给物资木箱,,
2002218,遗物首饰,,
2002219,被抢走的货物,,
2002220,姆德斯德的大角,,
2002221,姆德斯德药茶,,
2002222,大块苔玉,,
2002223,红色船旗,,
2002224,货物目录,,
2002225,寄给琪琪茉的书信,,
2002226,飞鲨鳍,,
2002227,,,
2002228,,,
2002229,黏糊糊的兽脂,,
2002230,黏糊糊的兽脂,,
2002231,盖章的羊皮纸,,
2002232,破碎的子弹,,
2002233,皮项圈,,
2002234,锋利的石片,,
2002235,失窃的首饰,,
2002236,2级传送魔纹的地图,,
2002237,乌尔王杯斗技大会的请柬,,
2002238,染血的护身符,,
2002239,水蛇肝,,
2002240,致古恩德巴尔德的信,,
2002241,散发恶臭的液体,,
2002242,修缮石围墙用的石头,,
2002243,幽暗行灯,,
2002244,捕兽夹,,
2002245,捕鱼人的钓具箱,,
2002246,木柴,,
2002247,生鲜淡水鱼,,
2002248,延夏艾草束,,
2002249,无二江的河藻,,
2002250,小树苗,,
2002251,木酢液,,
2002252,浑浊的泥水,,
2002253,沾满泥的钱包,,
2002254,老师的铃铛,,
2002255,装药草的袋子,,
2002256,装道具的箱子,,
2002257,装种子的壶,,
2002258,伯尔斯虎的大牙,,
2002259,装满肉的袋子,,
2002260,3级传送魔纹的地图,,
2002261,维达盖尔特的挑战书,,
2002262,线索笔记,,
2002263,东阿尔迪纳德商会的契约书,,
2002264,飞鲨的肝脏,,
2002265,力量之石,,
2002266,金黄色的胃石,,
2002267,狮鹫的羽毛,,
2002268,漂亮的珊瑚,,
2002269,被抢走的宝物,,
2002270,稻苗,,
2002271,红角犀鸟的蛋,,
2002272,亚拉戈文明的书籍,,
2002273,给罗薇娜的信,,
2002274,42式手榴弹,,
2002275,水精核心,,
2002276,被抢走的皮袋,,
2002277,装有矿石的木箱,,
2002278,远东米酒,,
2002279,大铃铛的画,,
2002280,壮丽的门的画,,
2002281,大麻袋,,
2002282,捕获的大海蛇,,
2002283,陆生者药丸,,
2002284,干燥的兽骨,,
2002285,42式手榴弹,,
2002286,手工药弹,,
2002287,护身烟雾弹,,
2002288,快要腐烂的鱼,,
2002289,珊瑚壳的腿,,
2002290,海底的漂流物,,
2002291,卡克儿部的食材,,
2002292,答兹喀部的食材,,
2002293,渔村的食材,,
2002294,帐篷支柱,,
2002295,长毛象的粗皮,,
2002296,干燥的树叶,,
2002297,奥罗尼部的奶酒,,
2002298,奥罗尼部的皮袋,,
2002299,传统秘药,,
2002300,邪鸟木绍布的蛋,,
2002301,七彩沟的结晶,,
2002302,七彩沟的泉水,,
2002303,纯黑色的墨汁,,
2002304,玄水酒,,
2002305,酸性秘药,,
2002306,和服店的传单,,
2002307,姆德斯德的兽脂,,
2002308,冰镇的皮袋,,
2002309,青绿色的茨菰,,
2002310,帝国式物资箱,,
2002311,装着食材的包裹,,
2002312,石匠的锤子,,
2002313,帝国军的物资箱,,
2002314,狱蟾蜍的筋腱,,
2002315,结实的麻袋,,
2002316,装有虾蛄的麻袋,,
2002317,特制麻痹粉,,
2002318,褐色液体,,
2002319,木棉手巾,,
2002320,红角犀鸟胸肉,,
2002321,巨大腐花,,
2002322,玛塔蛇颈龟的大甲壳,,
2002323,玛塔蛇颈龟的大爪,,
2002324,大麻袋,,
2002325,装有远角犀的麻袋,,
2002326,协商会的通知书,,
2002327,鱼鳞的鱼竿,,
2002328,水蛇肉,,
2002329,纪念戒指,,
2002330,写给贝蕾塔的信,,
2002331,艾拉特的礼物,,
2002332,海藻撒饵,,
2002333,贵人观梦螺的壳,,
2002334,拉尔戈护身符,,
2002335,阿尼罗的核心,,
2002336,土壤样本,,
2002337,水质样本,,
2002338,装着灯笼的木箱,,
2002339,冰凉的井水,,
2002340,海蕴,,
2002341,倒卖的物资箱,,
2002342,乳白色的软膏,,
2002343,生姜膏药贴,,
2002344,吉祥天女鸢尾花,,
2002345,用旧了的工具,,
2002346,瞪羚的大角,,
2002347,洽普利蚱蜢的腿,,
2002348,闪蝶鳞粉,,
2002349,花蜜糖浆,,
2002350,轻巧包裹,,
2002351,新鲜的蔬菜,,
2002352,褐色的麻痹粉,,
2002353,卡托布莱帕斯的邪眼,,
2002354,长颈骆的粗皮,,
2002355,吹箭筒,,
2002356,麻痹的弗帕,,
2002357,真狮鹫的肉,,
2002358,拉尔戈黄金花,,
2002359,情书,,
2002360,紫罗兰花,,
2002361,雉鸡的羽毛,,
2002362,长毛象的肉,,
2002363,写给也速根的信,,
2002364,果子,,
2002365,迷途羊羔的骨头,,
2002366,毕方的胸肉,,
2002367,小包裹,,
2002368,帝国军物资箱,,
2002369,菊蒿汤,,
2002370,捕牛绳,,
2002371,装箭头的皮袋,,
2002372,伯尔斯虎的腿肉,,
2002373,大量伯尔斯虎的腿肉,,
2002374,木雕拟饵,,
2002375,名吉的鱼竿,,
2002376,刺球爆弹怪的尸体,,
2002377,刺球爆弹怪的脂肪,,
2002378,海贼众的爆竹,,
2002379,厚厚的情书,,
2002380,新鲜的羊奶,,
2002381,黑皮卷轴,,
2002382,多玛鼬的大爪,,
2002383,赏钱,,
2002384,威尔雷德的剑,,
2002385,新鲜的羊奶,,
2002386,传送魔纹的地图,,
2002387,尚可使用的箭矢,,
2002388,牛鬼尾肉,,
2002389,被抢走的供品,,
2002390,新鲜的黑线鳕,,
2002391,洽普利蚱蜢的锐角,,
2002392,犀鸟爪子,,
2002393,沉甸甸的麻袋,,
2002394,永夏烟花,,
2002395,永夏烟花,,
2002396,格格鲁玖的望远镜,,
2002397,红莲节的垃圾,,
2002398,金黄色的鱼冻,,
2002399,无瑕的珍珠,,
2002400,翠水乡的淡水,,
2002401,珍珠贝的肉身,,
2002402,炽热的甲壳,,
2002403,牛鬼肥厚的肉,,
2002404,碧甲族的软膏,,
2002405,碧甲族的防水袋,,
2002406,气味浓郁的袋子,,
2002407,写给格贝林的介绍信,,
2002408,西方的金币,,
2002409,西方的银币,,
2002410,渔村的干货,,
2002411,渔村的鱼笼,,
2002412,渔村的木桶,,
2002413,月之碎片,,
2002414,海贼炸药,,
2002415,红玉海的漂流物,,
2002416,血橙汁,,
2002417,东方风味橙汁,,
2002418,湿滑滑的漂流物,,
2002419,活蹦乱跳的红玉虾,,
2002420,龙之子的卵,,
2002421,远东米酒,,
2002422,海贼炸弹,,
2002423,大毯子章鱼,,
2002424,苦药丸,,
2002425,萨利夏的信,,
2002426,甲人腌菜,,
2002427,被抢走的弓,,
2002428,沉甸甸的钱袋,,
2002429,42式手榴弹,,
2002430,阿露帕的请柬,,
2002431,占卜用的石子,,
2002432,陶瓷合金装甲片,,
2002433,深色的活力液,,
2002434,苔小妖的碎块,,
2002435,干谷的蘑菇,,
2002436,瞪羚臀肉,,
2002437,恶臭的袋子,,
2002438,红色的眼药,,
2002439,清澈的盐水,,
2002440,饲料干草,,
2002441,大音量炸药,,
2002442,称奇道绝的脏床单,,
2002443,登峰造极的脏床单,,
2002444,返璞归真的脏床单,,
2002445,干净的床单,,
2002446,瞪羚碎肉,,
2002447,帝王鳄的油脂,,
2002448,鱼腥草叶,,
2002449,鱼腥草软膏,,
2002450,植物保存剂,,
2002451,盛开的石竹花,,
2002452,油桃,,
2002453,阿难陀族药膏,,
2002454,优质的泥岩,,
2002455,迦迦纳怪鸟的羽毛,,
2002456,管家之王的票据,,
2002457,特制声援装,,
2002458,生锈的项链,,
2002459,褪色的耳坠,,
2002460,特制魔导光棒,,
2002461,漂亮的装饰彩蛋,,
2002462,剥落的石片,,
2002463,黑色的兽毛,,
2002464,夺回的装饰彩蛋,,
2002465,写给开拓团的书信,,
2002466,手绘风景画,,
2002467,,,
2002468,,,
2002469,,,
2002470,风水玉手箱,,
2002471,昏倒的鲶鱼精,,
2002472,祭礼服装,,
2002473,装有鱼信的皮袋,,
2002474,装有鱼信的皮袋,,
2002475,从暴发户那里得到的木材,,
2002476,犏牛的大角,,
2002477,模儿部的豆茶,,
2002478,烤鲶鱼,,
2002479,驱魔的爆竹,,
2002480,神奇的泥水,,
2002481,献给维亚吉儿部的薄礼,,
2002482,幸运胡萝卜,,
2002483,达尔马斯卡葡萄酒,,
2002484,超高纯度土之水晶,,
2002485,超高纯度水之水晶,,
2002486,超高纯度火之水晶,,
2002487,超高纯度风之水晶,,
2002488,42式手榴弹,,
2002489,,,
2002490,,,
2002491,,,
2002492,,,
2002493,幸福烟雾弹,,
2002494,圣歌队的指挥棒,,
2002495,圣歌队的服装,,
2002496,九尾的魔笛,,
2002497,神秘纸张,,
2002498,浅葱色装饰彩蛋,,
2002499,神秘纸张,,
2002500,琥珀色装饰彩蛋,,
2002501,,,
2002502,,,
2002503,特殊宝物地图1,,
2002504,特殊传送魔纹地图1,,
2002505,大丁草的花冠,,
2002506,大丁草的花冠,,
2002507,良缘仪式邀请函,,
2002508,达尔马斯卡葡萄酒,,
2002509,返魂树根,,
2002510,,,
2002511,,,
2002512,,,
2002513,,,
2002514,,,
2002515,,,
2002516,,,
2002517,,,
2002518,,,
2002519,夜之解毒药,,
2002520,古树的树皮,,
2002521,凉了的红茶,,
2002522,茶菇,,
2002523,鲜艳的辉石,,
2002524,甜美花蜜,,
2002525,大薄荷叶,,
2002526,崭新的蜡烛,,
2002527,话题“关于水晶都”,,
2002528,话题“关于光之泛滥”,,
2002529,话题“关于第一世界的人类”,,
2002530,光之巫女传说,,
2002531,王子之吻,,
2002532,特制饲料,,
2002533,透镜草,,
2002534,常春草的种子,,
2002535,挂钟果,,
2002536,身镜清水,,
2002537,苔菇的腿,,
2002538,隐形墨水,,
2002539,纪念之剑,,
2002540,特制毒饵,,
2002541,龙堡百合,,
2002542,给卡萨德的信,,
2002543,孚布特金币,,
2002544,,,
2002545,翡翠命名石,,
2002546,蓝火蜡烛,,
2002547,手工烟雾弹,,
2002548,大麻袋,,
2002549,装着巨型蜂的麻袋,,
2002550,隆卡印章,,
2002551,话题“关于灵光卫的所在地”,,
2002552,摹写黏土板,,
2002553,永暗解毒药,,
2002554,寻脉灯火,,
2002555,菁灵莳萝,,
2002556,话题“关于索道矿车”,,
2002557,话题“关于矿车铁轨”,,
2002558,话题“关于飞空艇”,,
2002559,检查用工具箱,,
2002560,废片的碎片,,
2002561,古旧的孚布特金币,,
2002562,手工烟包,,
2002563,闪烁矿石,,
2002564,,,
2002565,狮目石,,
2002566,驱幻粉尘,,
2002567,豚猪结实的牙,,
2002568,堇菜花,,
2002569,驱幻孢子,,
2002570,蓝鹿胸肉,,
2002571,狞猫的血液,,
2002572,北洋风格的机关箱子,,
2002573,装有鹰蜓的机关箱子,,
2002574,雷克兰德百里香,,
2002575,劳动民香水,,
2002576,被托付的纸条,,
2002577,作为药钱的妙料,,
2002578,金黄勋章,,
2002579,没有署名的信件,,
2002580,红色秘药,,
2002581,浓烈的蒸馏酒,,
2002582,芳香麻袋,,
2002583,装有蔬菜碎末的麻袋,,
2002584,古旧的戒指,,
2002585,破旧的装饰盾牌,,
2002586,损坏的鼹灵族石像,,
2002587,人才招募传单,,
2002588,绯妖花蜜,,
2002589,绯妖花叶,,
2002590,主要设施列表,,
2002591,香喷喷烤点心,,
2002592,草人集会图,,
2002593,草人入浴图,,
2002594,双向海龙的脊骨,,
2002595,三叶虫的腿,,
2002596,三叶虫炖菜,,
2002597,硬皮刺魟的皮,,
2002598,刺魟革制的装饰品,,
2002599,封好的信封,,
2002600,话题：孚布特松饼,,
2002601,话题：推荐美食,,
2002602,话题：珂露西亚风味海鲜汤,,
2002603,废船的木材,,
2002604,古旧的戒指,,
2002605,镶有纹章的王冠,,
2002606,刻有家名的项链,,
2002607,紫水晶戒指,,
2002608,香肠香水,,
2002609,睡梦粉,,
2002610,睡梦粉,,
2002611,矮人锄头,,
2002612,束缚魔法球,,
2002613,以太绳,,
2002614,被束缚的卡部斯,,
2002615,新鲜的羊奶,,
2002616,结实的海藻绳,,
2002617,捕获的海洋生物,,
2002618,订购商品,,
2002619,手工炸药,,
2002620,新鲜的白蚯蚓,,
2002621,巨人掌的果肉,,
2002622,香甜粉末,,
2002623,给赛莫斯的信,,
2002624,给吉因金的信,,
2002625,商品小包,,
2002626,黄铜采水器,,
2002627,装满甘露的采水器,,
2002628,初级狂热怪物通缉令,,
2002629,中级狂热怪物通缉令,,
2002630,高级狂热怪物通缉令,,
2002631,狂热恶名精英通缉令,,
2002632,麻醉藓,,
2002633,笔记“板材数量”,,
2002634,笔记“板材数量”,,
2002635,笔记“板材数量”,,
2002636,螺旋水草,,
2002637,温暖红花,,
2002638,仙子的望远镜,,
2002639,黑色卷轴,,
2002640,麻醉菇的孢子囊,,
2002641,装有种子的袋子,,
2002642,盛开的花,,
2002643,,,
2002644,,,
2002645,古书风格的笔记,,
2002646,打磨过的剑,,
2002647,琥珀鬣蜥的肉,,
2002648,祛兽粉,,
2002649,小水瓶,,
2002650,用旧的镐,,
2002651,腐朽木箱,,
2002652,闪闪发光的矿石,,
2002653,酸味液体,,
2002654,使魔仙子猪,,
2002655,特制煎鸡油菌,,
2002656,普卡精的血,,
2002657,温蒂尼的核心,,
2002658,赛米德的丝,,
2002659,苔菇的腿,,
2002660,独脚金的刺,,
2002661,大麻袋,,
2002662,装有石莲猬的麻袋,,
2002663,绿飘龙革制的宝物地图,,
2002664,缠尾蛟革制的宝物地图,,
2002665,4级传送魔纹的地图,,
2002666,,,
2002667,有毒的树液,,
2002668,蛇蜥蜴筋腱,,
2002669,折断的钓竿,,
2002670,褪色的首饰,,
2002671,锈蚀的戒指,,
2002672,大个硬壳贝,,
2002673,秘银小刀,,
2002674,奇坦那复制画,,
2002675,盖雷诺尔特的落地灯,,
2002676,议事堂参观申请书,,
2002677,议事堂参观许可证,,
2002678,捕获草绳,,
2002679,大麻袋,,
2002680,装有角雉的麻袋,,
2002681,珂露西亚鼠尾草,,
2002682,珂露西亚鼠尾草香包,,
2002683,铜制小刀,,
2002684,干燥树皮,,
2002685,茶色药丸,,
2002686,金黄大麦,,
2002687,工匠麦酒,,
2002688,绯红粉末,,
2002689,鲜艳的花,,
2002690,青石炭,,
2002691,古旧的袋子,,
2002692,磷矿石,,
2002693,诱饵食物,,
2002694,散落的食材,,
2002695,弃置的木材,,
2002696,谢罪的信,,
2002697,壁崖飞鸢的羽毛,,
2002698,爆岩怪的岩块,,
2002699,给柴莫田梅的信,,
2002700,劳动民登记申请书,,
2002701,沃茨的锤子,,
2002702,可疑的咒具,,
2002703,净化作战计划书,,
2002704,蠕动的虫子,,
2002705,大麻袋,,
2002706,装有壁崖鼹鼠的麻袋,,
2002707,优质的煤炭,,
2002708,自走人偶的核心,,
2002709,特制炸弹,,
2002710,耀眼的矿石,,
2002711,光滑小石子,,
2002712,捕获铁丝,,
2002713,被捕获的敲石虫,,
2002714,,,
2002715,,,
2002716,蜥蜴肉,,
2002717,卡萨德的笔记,,
2002718,鬣蜥的生肉,,
2002719,粘稠的树液,,
2002720,鲜艳的花,,
2002721,肮脏的信封,,
2002722,废片的核心,,
2002723,水晶都麦酒,,
2002724,山人提灯,,
2002725,暗光原石,,
2002726,生锈的硬币,,
2002727,隆索风格的餐具,,
2002728,古旧的柜子,,
2002729,薄刃小刀,,
2002730,岩石蚯蚓,,
2002731,带条纹的石头,,
2002732,挖出的遗物箱,,
2002733,猫眼石护身符,,
2002734,灯油,,
2002735,有年代感的烟斗,,
2002736,无瑕塔罗斯外壳素材,,
2002737,伤痕累累的塔罗斯外壳素材,,
2002738,代达罗斯公司的工具,,
2002739,铁喙魔鸟的羽毛,,
2002740,仙人掌的货款,,
2002741,毛虫仙人掌的块茎,,
2002742,棘刺鼹鼠的油脂,,
2002743,轴承润滑油,,
2002744,蓝鹿胫肉,,
2002745,天然松茸,,
2002746,触手鮟的肝,,
2002747,红贝壳,,
2002748,海风花的卷须,,
2002749,特制助产绳,,
2002750,古旧的袋子,,
2002751,仙子油灯,,
2002752,山羊角首饰,,
2002753,市场的礼物,,
2002754,果树园的礼物,,
2002755,大地资源部的礼物,,
2002756,夜色药水,,
2002757,臭臭弹,,
2002758,慰问三明治,,
2002759,影椒,,
2002760,优质影椒,,
2002761,珂露西亚鼠尾草,,
2002762,珂露西亚废材,,
2002763,珂露西亚优质废材,,
2002764,棉雪树的树液,,
2002765,优质棉雪树的树液,,
2002766,沉没的木材,,
2002767,仙子种子,,
2002768,洛克瓦之泪,,
2002769,优质洛克瓦之泪,,
2002770,隆卡芦荟,,
2002771,睡梦藻,,
2002772,优质睡梦藻,,
2002773,安穆·艾兰的干枯木材,,
2002774,油菜籽,,
2002775,鼹灵之尾,,
2002776,优质鼹灵之尾,,
2002777,雷克兰德橡木原木,,
2002778,优质的雷克兰德橡木原木,,
2002779,菁灵香草,,
2002780,湖藻,,
2002781,湖藻嫩芽,,
2002782,绿磷铝石原石,,
2002783,大颗绿磷铝石原石,,
2002784,珂露西亚废石,,
2002785,珂露西亚铁矿,,
2002786,珂露西亚优质铁矿,,
2002787,孚布特石材,,
2002788,孚布特优质石材,,
2002789,粉色蓝宝石原石,,
2002790,伊尔美格结晶片,,
2002791,污染的砂砾,,
2002792,严重污染的砂砾,,
2002793,拉凯提卡翡翠原石,,
2002794,水蛇石,,
2002795,优质的水蛇石,,
2002796,净化石,,
2002797,拿巴示矿石原石,,
2002798,塔罗斯元件,,
2002799,优质塔罗斯元件,,
2002800,雷克兰德建材,,
2002801,雷克兰德无瑕建材,,
2002802,堇云石原石,,
2002803,湖之碎晶,,
2002804,湖之水晶,,
2002805,熔岩草花瓣,,
2002806,鬣蜥的尾巴,,
2002807,矮人麦酒的酒桶,,
2002808,登山手杖,,
2002809,调查记录专用笔记,,
2002810,装有样本的小袋子,,
2002811,生锈的锁链,,
2002812,刻有文字的石片,,
2002813,小钥匙,,
2002814,卫兵团的订单,,
2002815,阴沉乡的干货,,
2002816,腌制瓶,,
2002817,装满蚯蚓的袋子,,
2002818,埋起来的木箱,,
2002819,金黄花蜜,,
2002820,毒壶碎片,,
2002821,隆卡的遗物,,
2002822,塔里丘魔鸟之羽,,
2002823,红血珊瑚,,
2002824,黑风海珍珠,,
2002825,补给物资木箱,,
2002826,风花的种子,,
2002827,慰问麦酒,,
2002828,卫兵团的武器,,
2002829,特产热葡萄酒,,
2002830,卫兵团的皮袋,,
2002831,修补泥浆,,
2002832,卫兵团的治疗道具,,
2002833,补给物资订单,,
2002834,珂露西亚香橙,,
2002835,新鲜的水产品,,
2002836,腐坏蟹肉,,
2002837,鳍人族闪光弹,,
2002838,双向海龙的硬鳞,,
2002839,有价值的沉没物,,
2002840,隆卡的石板,,
2002841,风花的尸体,,
2002842,被遗留下来的纸屑,,
2002843,被遗留下来的钓竿,,
2002844,被遗留下来的瓶子,,
2002845,小漂流瓶,,
2002846,摹写过的黏土板,,
2002847,充满谜团的信,,
2002848,转交的包裹,,
2002849,慰问品菜肴,,
2002850,朴素角笛,,
2002851,三尖树的树液,,
2002852,砍伐的木材,,
2002853,格鲁格棱晶,,
2002854,牧童之杖,,
2002855,仙子的宝物,,
2002856,风花的尸体,,
2002857,小渔叉,,
2002858,赛米德的腿,,
2002859,崭新的木箱,,
2002860,有年头的笔记,,
2002861,美丽箭束,,
2002862,柔软毛毯,,
2002863,清澈的水,,
2002864,雕刻耳饰,,
2002865,隆卡百合铃,,
2002866,雕刻戒指,,
2002867,金黄花蜜,,
2002868,轻飘飘鳞粉,,
2002869,新鲜的黑线鳕,,
2002870,装有蘑菇的小包,,
2002871,神秘炼金药,,
2002872,孚布特香草,,
2002873,高贵的蓝花,,
2002874,纯洁的黄花,,
2002875,可爱的粉花,,
2002876,绿飘龙的尾巴,,
2002877,恩莫手织毛毯,,
2002878,兔尾的绒毛,,
2002879,幼体龙鸟的羽毛,,
2002880,普卡精的毛皮,,
2002881,银色徽章,,
2002882,蛋的碎片,,
2002883,手工制作的软膏,,
2002884,结实的皮袋,,
2002885,装有秧鸡的皮袋,,
2002886,孚布特样式的小箱子,,
2002887,射手战装,,
2002888,法诺之证,,
2002889,手工制作的煎饼,,
2002890,贴花的信,,
2002891,镇尼的核心,,
2002892,洛克瓦之泪的种子,,
2002893,隆卡的命石,,
2002894,诺姆的核心,,
2002895,矮人石酒,,
2002896,暗号笔记,,
2002897,状态良好的木材,,
2002898,旅者的行李,,
2002899,悼念之花,,
2002900,自走人偶的核心,,
2002901,坑道油灯,,
2002902,中漂流瓶,,
2002903,大漂流瓶,,
2002904,拜克·拉各的秘药,,
2002905,优质黏土,,
2002906,镶着宝石的手镯,,
2002907,坏掉的机械部件,,
2002908,肮脏的机械部件,,
2002909,生锈的机械部件,,
2002910,坏掉的机械部件,,
2002911,肮脏的机械部件,,
2002912,生锈的机械部件,,
2002913,,,
2002914,,,
2002915,,,
2002916,,,
2002917,话题“关于担心产业衰退”,,
2002918,话题“关于担心维持治安”,,
2002919,话题“关于担心生活状况”,,
2002920,软绵绵的羊毛团,,
2002921,迷你篮筐,,
2002922,美丽昆虫的翅膀,,
2002923,漂亮的花束,,
2002924,圆滑的小石头,,
2002925,草人的枝叶,,
2002926,石莲猬的尾巴,,
2002927,沉没都市的遗留品,,
2002928,独脚金的巨大花瓣,,
2002929,损坏的辅助机,,
2002930,损坏的辅助机,,
2002931,轻飘小草,,
2002932,苔菇的伞帽,,
2002933,宽翼飘龙的翼膜,,
2002934,青青的牧草,,
2002935,亮晶晶的陶器碎片,,
2002936,滑溜溜的小树枝,,
2002937,闪闪发亮的树木果实,,
2002938,亮闪闪的小石头,,
2002939,捕鱼的陷阱,,
2002940,温蒂尼的核心,,
2002941,仰慕花侯爵的花,,
2002942,新鲜的风花卷须,,
2002943,心动药,,
2002944,恩莫族的情书,,
2002945,仙子手织的袋子,,
2002946,有活力的普卡精,,
2002947,普拉恩尼培养菌,,
2002948,赛米德结实的丝,,
2002949,,,
2002950,,,
2002951,,,
2002952,,,
2002953,,,
2002954,热红酒,,
2002955,降神糕袋,,
2002956,重建用的物资,,
2002957,重建用的物资,,
2002958,重建用的物资,,
2002959,重建用的物资,,
2002960,重建用的物资,,
2002961,重建用的物资,,
2002962,加工过的建筑资材,,
2002963,加工过的建筑资材,,
2002964,加工过的建筑资材,,
2002965,加工过的建筑资材,,
2002966,加工过的建筑资材,,
2002967,加工过的燃料,,
2002968,沉没都市的遗留品,,
2002969,沉没都市的遗留品,,
2002970,用旧的扫帚,,
2002971,装肝的大袋子,,
2002972,敲石虫的魔结晶,,
2002973,签订好的合同,,
2002974,玫瑰花纹的信,,
2002975,,,
2002976,废弃的木柴,,
2002977,奇塔利族的液肥,,
2002978,翡翠装饰品,,
2002979,陈旧的隆卡风格箱子,,
2002980,大麻袋,,
2002981,装有鸡的麻袋,,
2002982,采掘队用鸡蛋,,
2002983,瓦砾碎片,,
2002984,修补物资,,
2002985,,,
2002986,土木资材,,
2002987,建筑物资,,
2002988,建筑资材,,
2002989,蛇行枝的蔬菜,,
2002990,法诺村的药丸,,
2002991,受到祝福的装饰彩蛋,,
2002992,沾满油的装饰彩蛋,,
2002993,格外巨大的装饰彩蛋,,
2002994,萨维奈灵鳞粉,,
2002995,,,
2002996,,,
2002997,本部迁移计划书,,
2002998,遗留的手册,,
2002999,龙族用的锤子,,
2003000,微型葡萄,,
2003001,用旧的手炉,,
2003002,吸血鬼蝙蝠的牙,,
2003003,贤人面包,,
2003004,暗淡的水晶,,
2003005,红菇,,
2003006,装有冷水的木桶,,
2003007,新鲜的鸡蛋,,
2003008,红石耳饰,,
2003009,长须豹幼崽的胡须,,
2003010,精金龟的巨蛋,,
2003011,开胃酒订单,,
2003012,细头錾子,,
2003013,小钳子,,
2003014,小皮袋,,
2003015,修好的怀表,,
2003016,奥尔什方的密封信,,
2003017,弗朗塞尔的密封信,,
2003018,冰元精核心,,
2003019,赤心石,,
2003020,偏属性水晶,,
2003021,受损的帝国军军装,,
2003022,受损的帝国军头盔,,
2003023,修复的帝国军军装,,
2003024,修复的帝国军头盔,,
2003025,沙蚤的卵囊,,
2003026,变色龙蛋,,
2003027,矮人火酿,,
2003028,萝拉希雅的介绍信,,
2003029,传统旗帜装饰,,
2003030,特制炸弹,,
2003031,异乡的地酒,,
2003032,以太观测装置,,
2003033,停下的迷途自走人偶,,
2003034,装着货款的皮袋,,
2003035,印有钟形纹样的信,,
2003036,装着云海藤的袋子,,
2003037,格雷姆林驱赶剂,,
2003038,,,
2003039,,,
2003040,以太观测装置,,
2003041,以太观测装置,,
2003042,宣传用的传单,,
2003043,新兵器部件,,
2003044,宣传用的传单,,
2003045,,,
2003046,帝国军的补给物资,,
2003047,一套蓝色假面的服装,,
2003048,好闻的花,,好闻的花
2003049,发出光辉的吸魂晶,,发出光辉的吸魂晶
2003050,小火种,,小火种
2003051,柔软的毛线,,柔软的毛线
2003052,降神糕袋,,
2003053,错误的装饰品,,错误的装饰品
2003054,永久冰晶,,永久冰晶
2003055,星芒节花环,,星芒节花环
2003056,高压雷之碎晶,,高压雷之碎晶
2003057,加隆德炼铁厂的交易票据,,加隆德炼铁厂的交易票据
2003058,小袋子,,小袋子
2003059,妮美雅百合,,妮美雅百合
2003060,,,
2003061,充满回忆的怀表,,
2003062,机械生物的残骸,,
2003063,,,
2003064,未知语言的书籍,,
2003065,未知的机械零件,,
2003066,古代博兹雅铁具,,
2003067,,,
2003068,沉重的货箱,,
2003069,搜查记录手册,,
2003070,用于研究的吸魂晶,,
2003071,大麻袋,,
2003072,装有自走人偶的麻袋,,
2003073,刚产下的蛋,,
2003074,搜查记录手册,,
2003075,特殊宝物地图2,,
2003076,特殊传送魔纹地图2,,
2003077,引诱妖异的蜡烛,,
2003078,染血的戒指,,
2003079,妮美雅百合香囊,,
2003080,,,
2003081,牦牛毛,,
2003082,幸运玩偶,,
2003083,,,
2003084,军用桶装青磷水,,
2003085,,,
2003086,,,
2003087,新型魔导部件,,
2003088,古代博兹雅战装,,
2003089,古代博兹雅皮甲,,
2003090,初级总会怪物通缉令,,
2003091,中级总会怪物通缉令,,
2003092,高级总会怪物通缉令,,
2003093,总会恶名精英通缉令,,
2003094,话题“万德罗被人发现的地点”,,
2003095,话题“低空飞行的飞空艇”,,
2003096,话题“万德罗被发现时的状态”,,
2003097,贤人面包,,
2003098,断金的信,,
2003099,锁死病的特效药,,
2003100,长老树的树枝,,
2003101,«天文台的历史»,,
2003102,«望远镜大全»,,
2003103,«观星镜必读手册»,,
2003104,开封的信,,
2003105,灰扑扑的戒指,,
2003106,追悼仪式的邀请函,,
2003107,乌尔达哈出产的炼金药,,
2003108,结实的麻袋,,
2003109,装有逃命矿爬虫的麻袋,,
2003110,«伊修加德占星论»,,
2003111,«云海纪行»,,
2003112,«草海行记»,,
2003113,宝石兽玩偶,,
2003114,手工炸弹,,
2003115,沾满了煤灰的信封,,
2003116,古风蜡烛,,
2003117,高雅威风的魔法人偶,,
2003118,倒地的腐木,,
2003119,家畜的肉,,
2003120,黑棕色的泥土,,
2003121,样本编号316的插画,,
2003122,316号样本,,
2003123,装有果实的袋子,,
2003124,黄金奶酪,,
2003125,实验用农作物的幼苗,,
2003126,话题“突如其来的大整理”,,
2003127,话题“大量物品的搬入与搬出”,,
2003128,话题“过劳的拾穗人”,,
2003129,大麻袋,,
2003130,装有斑灰鼠的麻袋,,
2003131,生产纸用的木材,,
2003132,生产纸用的优质木材,,
2003133,研究用的水芥菜,,
2003134,生态调查用的树枝,,
2003135,生态调查用的有虫的树枝,,
2003136,萨维奈岛的牧草,,
2003137,萨维奈岛的优质牧草,,
2003138,口感刺激的辣椒,,
2003139,制造燃料所需的棕榈树液,,
2003140,研究用的红菜,,
2003141,研究用的优质红菜,,
2003142,嫁接用的树枝,,
2003143,焦黑的行道树,,
2003144,恢复生机的行道树,,
2003145,奶茶用的桂皮,,
2003146,近东的巨大草本植物,,
2003147,试吃实验用的西米棕榈,,
2003148,试吃实验用的优质西米棕榈,,
2003149,迷津的纤维植物,,
2003150,迷津的优质纤维植物,,
2003151,研究转魂塔所需的原木,,
2003152,金黄色的树液,,
2003153,优质的金黄树液,,
2003154,鉴赏用的石头,,
2003155,鉴赏用的美观石头,,
2003156,修复用的硅石,,
2003157,岩盘样本,,
2003158,优质岩盘样本,,
2003159,萨维奈巨胆石,,
2003160,优质萨维奈巨胆石,,
2003161,土壤改良用的石灰石,,
2003162,鉴赏用的巨胆石,,
2003163,49式客车的外装,,
2003164,49式客车的优质外装,,
2003165,鉴赏用的北洲石,,
2003166,军用青磷引擎的零件,,
2003167,军用青磷引擎的新型零件,,
2003168,鉴赏用的火山岩,,
2003169,优质的过滤砂,,
2003170,土壤改良用的石粉,,
2003171,土壤改良用的优质石粉,,
2003172,鉴赏用的奇石,,
2003173,鉴赏用的精美奇石,,
2003174,研磨用的铁云母,,
2003175,最终调查用的样本,,
2003176,最终调查用的优质样本,,
2003177,爬满苔藓的喀恰帕龟甲壳,,
2003178,鸵鸟胸肉,,
2003179,,,
2003180,特制庵摩罗果酸奶昔,,
2003181,醉醺醺的迪帕,,
2003182,装有巨胆石的麻袋,,
2003183,落海的木箱,,
2003184,落海的麻袋,,
2003185,代米尔硬化药,,
2003186,巨胆石短刀,,
2003187,大树的树皮,,
2003188,被盗的金属板,,
2003189,装钱的皮袋,,
2003190,装辉石的皮袋,,
2003191,迷路的桓娑鸟,,
2003192,,,
2003193,香甜的精油,,
2003194,庵摩罗果的果实,,
2003195,含有安眠药的肉,,
2003196,荞麦的果实,,
2003197,,,
2003198,,,
2003199,驱赶魔物用的炼金药,,
2003200,大个的桓娑鸟蛋,,
2003201,军用以太药,,
2003202,超硬陶瓷合金锁链,,
2003203,捕获到的魔导机车大魔,,
2003204,空酒瓶,,
2003205,尚有余香的空香水瓶,,
2003206,没有收件人的信,,
2003207,青磷水箱,,
2003208,麻痹的蛇毒药,,
2003209,热乎乎的汤,,
2003210,清障用的爆破装置,,
2003211,加雷马伏特加,,
2003212,阿尔马斯提的血,,
2003213,弃置的武器,,
2003214,巨胆石护身符,,
2003215,捕鱼用的陷阱,,
2003216,洞虎的尸体,,
2003217,银色的硬质鳞片,,
2003218,萨维奈月桂叶,,
2003219,因地辛的根茎,,
2003220,驱邪的针叶,,
2003221,,,
2003222,结实的麻袋,,
2003223,装有曲蛇的麻袋,,
2003224,曲蛇的尸体,,
2003225,,,
2003226,护魂灵鳞,,
2003227,救援队的防寒药水,,
2003228,循环装置的青磷水箱,,
2003229,37式炸药,,
2003230,青磷水箱,,
2003231,缚魔锁,,
2003232,以太绳,,
2003233,捕获到的彩蝶,,
2003234,聚雷魔法的理念,,
2003235,记刻着理念的水晶,,
2003236,特大胡萝卜,,
2003237,热乎乎的奶茶,,
2003238,,,
2003239,,,
2003240,盖章的文件,,
2003241,神秘的箱子,,
2003242,神秘的钥匙,,
2003243,神秘的草书,,
2003244,紧急恢复药,,
2003245,赛加羚羊革制的宝物地图,,
2003246,金毗罗鳄革制的宝物地图,,
2003247,5级传送魔纹的地图,,
2003248,人趣神的雕像,,
2003249,特制饼干,,
2003250,变异凶鹰蛋,,
2003251,,,
2003252,,,
2003253,破幻魔法的理念,,
2003254,艾伊德斯的碎片,,
2003255,遗光的核心,,
2003256,,,
2003257,龙星的红花,,
2003258,龙星的白花,,
2003259,被抢的观察记录,,
2003260,熟睡的奥瑞亚斯,,
2003261,方形通用系统,,
2003262,成熟的果实,,
2003263,对草木纲弱化试剂,,
2003264,吃剩下的强壮胡萝卜,,
2003265,修普诺斯的灵药,,
2003266,,,
2003267,干燥灵药,,
2003268,长尺寸的以太绳,,
2003269,被束缚的菭小妖,,
2003270,魔法人偶收纳箱,,
2003271,装有魔法人偶的收纳箱,,
2003272,青磷引擎零件,,
2003273,小型等级检测仪,,
2003274,记录完毕的小型等级检测仪,,
2003275,,,
2003276,自制的皮钱包,,
2003277,装蛋的皮袋,,
2003278,小个头桓娑鸟用的饲料袋,,
2003279,大个头桓娑鸟用的饲料袋,,
2003280,,,
2003281,圣线手链,,
2003282,,,
2003283,,,
2003284,,,
2003285,给炼金术制药堂的信,,
2003286,给巴里克家的信,,
2003287,慕斯怪的黏液,,
2003288,休眠草的粉末,,
2003289,回收的书籍,,
2003290,合金模具,,
2003291,«德莱蒙的甜点百科全书»,,
2003292,新鲜的亚考牛奶,,
2003293,没有署名的信,,
2003294,木箱的钥匙,,
2003295,,,
2003296,,,
2003297,妮美雅百合球茎,,
2003298,背水咖啡厅式三明治,,
2003299,天测园式鲜果汁,,
2003300,苏摩草,,
2003301,附有装饰的宝珠,,
2003302,阿切斯特拉图之花,,
2003303,,,
2003304,黄金生命药,,
2003305,苏摩的碎片,,
2003306,最高机密相关文件,,
2003307,精舍花,,
2003308,中逢花,,
2003309,灯芯水晶,,
2003310,驱兽香袋,,
2003311,小包裹,,
2003312,金色的糖浆,,
2003313,引导辉石,,
2003314,独行宝石兽,,
2003315,亚麻色的炼金药,,
2003316,厚实的麻袋,,
2003317,装有番茄的麻袋,,
2003318,家人的肖像画,,
2003319,硫磺粉末,,
2003320,巨大苹果,,
2003321,斯卡尼特的眼药水,,
2003322,苏摩的冰晶,,
2003323,«星晶镜计划史»,,
2003324,«星晶镜计划史II»,,
2003325,«方舟计划准备会记录»,,
2003326,阿尼罗的核心,,
2003327,灰色的沙土,,
2003328,开心胡萝卜的种子,,
2003329,新鲜的开心胡萝卜,,
2003330,稀有材料,,
2003331,我的所爱的残骸,,
2003332,山鸡的毒囊,,
2003333,小块的石灰岩,,
2003334,阿那罗的强化核心,,
2003335,苏摩的核心,,
2003336,厄尔庇斯之鸟的羽毛,,
2003337,怪树的果实,,
2003338,铁肌灵药,,
2003339,以太绳,,
2003340,,,
2003341,礼物果实,,
2003342,极细以太绳,,
2003343,被束缚的兽身异蛇,,
2003344,,,
2003345,创造生物的理念,,
2003346,红色的小果实,,
2003347,甜美的香水,,
2003348,浮游以太块,,
2003349,剧毒水母的情报,,
2003350,有毒果实的情报,,
2003351,魔界花的情报,,
2003352,超细以太绳,,
2003353,被束缚的新品种植物,,
2003354,小号饲料袋,,
2003355,仄费罗斯72号的幼体,,
2003356,轻飘飘草,,
2003357,靶向水晶,,
2003358,连理花,,
2003359,黄色的创造花,,
2003360,造物院的引导手册,,
2003361,粉碎魔法的理念,,
2003362,矿石的碎块,,
2003363,缓步急行之像,,
2003364,色彩鲜艳的胡萝卜,,
2003365,睡着的创造生物,,
2003366,思考之物的菌丝,,
2003367,人工雷之水晶,,
2003368,人工风之水晶,,
2003369,空荡荡的小瓶,,
2003370,装满水的小瓶,,
2003371,月蚤的尸体,,
2003372,麻麻赖赖的月面植物,,
2003373,晶晶亮亮的月面植物,,
2003374,颤颤巍巍的月面植物,,
2003375,月面仙人刺的结晶花,,
2003376,人趣神花,,
2003377,兽道神花,,
2003378,青磷引擎的汽化器,,
2003379,遗留的信,,
2003380,,,
2003381,,,
2003382,被束缚的东云猬,,
2003383,金属饭盒,,
2003384,遗烈乡伤药,,
2003385,再者的神经组织,,
2003386,精神干涉绳,,
2003387,失去自我的异亚,,
2003388,获得认可的理念,,
2003389,连结以太绳,,
2003390,被束缚的卡律布狄斯,,
2003391,代米尔家的奇迹,,
2003392,具有星极性的水,,
2003393,河马骑手团宣传单,,
2003394,漂亮的小包,,
2003395,装干物的袋子,,
2003396,纳尔迪克＆威米利作坊的木箱,,
2003397,粗壮的彼岸妖红花藤蔓,,
2003398,«破坏论»的抄本,,
2003399,几乎空了的水壶,,
2003400,深绿色八宝花,,
2003401,河马用的肥皂,,
2003402,新鲜的水草,,
2003403,散发气味的腐肉,,
2003404,古老毕舍遮的硬鳞,,
2003405,巨胆石匕首,,
2003406,巨木树汁,,
2003407,代米尔爆破弹,,
2003408,泥岩碎片,,
2003409,斡德罕碎片,,
2003410,装着苔藓的袋子,,
2003411,回收的酒钱,,
2003412,浸水的货物,,
2003413,装鱼的袋子,,
2003414,白滨蟹的腿,,
2003415,装蛋的麻袋,,
2003416,鲜红海葵,,
2003417,金属饭盒,,
2003418,庵摩罗果的果实,,
2003419,装有废弃食材的袋子,,
2003420,代米尔解毒剂,,
2003421,阿输陀花的果实,,
2003422,河马的饲料袋,,
2003423,娜修的特制药,,
2003424,绅士的吸魂晶,,
2003425,,,
2003426,,,
2003427,,,
2003428,,,
2003429,,,
2003430,,,
2003431,,,
2003432,,,
2003433,,,
2003434,,,
2003435,,,
2003436,,,
2003437,,,
2003438,,,
2003439,,,
2003440,背世咖啡厅的盒饭,,
2003441,合成纤维袋,,
2003442,装有格雷布洛弗的袋子,,
2003443,装矿石的麻袋,,
2003444,焚香炉,,
2003445,木制的桶,,
2003446,装有青磷水的桶,,
2003447,预言蛋,,
2003448,试验型协助机,,
2003449,胡萝卜榴弹,,
2003450,胡萝卜肉排,,
2003451,迷你戈德伯特,,
2003452,来自广播听众的信,,
2003453,诺亚的有用道具套装,,
2003454,索恩朝风格的扇子,,
2003455,特殊宝物地图3,,
2003456,特殊传送魔纹地图3,,
2003457,蛇牛革制的宝物地图,,
2003458,6级传送魔纹的地图,,
2003459,大型陆龟的肝脏,,
2003460,紫州土偶,,
2003461,经过调制的专用香辛料,,
2003462,描有蓝色陆行鸟的信件,,
2003463,特殊宝物地图4,,
2003464,特殊传送魔纹地图4,,
2003465,少年们的礼物,,
2003466,绳编手环,,
2003467,刻有朋友名字的手环,,
2003468,文鸟木像,,
2003469,南洋潮虫,,
2003470,南洋蠕虫,,
2003471,胡萝卜型增幅装置,,
2003472,无穷魔笛,,
2003473,,,
2003474,海龟木像,,
2003475,鲸鱼木像,,
2003476,休假服装,,
2003477,河川调查记录,,
2003478,散发香味的野草,,
2003479,羊驼毛,,
2003480,青铜手斧,,
2003481,青翠的马黛茶叶,,
2003482,高级大袋马黛茶叶,,
2003483,风生结晶,,
2003484,普努蒂的饲料,,
2003485,羊毛斗篷,,
2003486,三年陈酿特级美斯卡尔酒,,
2003487,绿色磁铁矿,,
2003488,剥落的陨石碎片,,
2003489,耀眼的蒲公英,,
2003490,熟成的莫尔波尔唾液,,
2003491,阿波基沙原石,,
2003492,闪耀的砂砾,,
2003493,黄金石英,,
2003494,科帕尔香,,
2003495,特制编绳,,
2003496,捕获的幼年莫尔波尔球茎,,
2003497,,,
2003498,巴库贾贾的鳞片,,
2003499,哈特野牛角,,
2003500,麻袋中的普波波,,
2003501,漂流的木箱,,
2003502,巨蟹壳,,
2003503,麻袋中的普波波,,
2003504,青年的订婚戒指,,
2003505,小号麻袋,,
2003506,麻袋中的失物,,
2003507,特制香囊,,
2003508,高纯度水晶,,
2003509,图拉尔怪物通缉令：初级,,
2003510,图拉尔怪物通缉令：中级,,
2003511,图拉尔怪物通缉令：高级,,
2003512,图拉尔危险怪物通缉令,,
2003513,金漩涡芦苇,,
2003514,大径金漩涡芦苇,,
2003515,刷子花,,
2003516,调查用的空星花,,
2003517,调查用的辉星花,,
2003518,里加卡红草叶,,
2003519,里加卡红草嫩芽,,
2003520,大王莲的浮水叶,,
2003521,带虫的香木,,
2003522,奥阔尔皮纳斯花,,
2003523,奥阔尔皮纳斯豆,,
2003524,奥阔玉米,,
2003525,适应性调查用种子,,
2003526,适应性调查用大粒种子,,
2003527,光鳞叶,,
2003528,幻煌树液,,
2003529,肖布里特木材,,
2003530,碳化肖布里特木材,,
2003531,皂草叶,,
2003532,皂草长叶,,
2003533,诺帕尔茎节,,
2003534,大地之角,,
2003535,大地大角,,
2003536,高地凝灰岩,,
2003537,优质高地凝灰岩,,
2003538,查巴·尤凯克石材,,
2003539,岩基调查用火成岩,,
2003540,岩基调查用优质火成岩,,
2003541,废弃石材,,
2003542,废弃大石材,,
2003543,高山化石,,
2003544,纳约黑曜石,,
2003545,流通用阿波基沙原石,,
2003546,流通用优质阿波基沙原石,,
2003547,岸壁工程用岩石,,
2003548,质朴圆石,,
2003549,光滑圆石,,
2003550,树林地层标本,,
2003551,仙诺提水晶,,
2003552,激战地痕迹,,
2003553,激战地魔法痕迹,,
2003554,荒野地层标本,,
2003555,荒野化石,,
2003556,荒野燃石,,
2003557,托里湖辉石,,
2003558,托里湖透辉石,,
2003559,芬芳诱饵,,
2003560,给格诺特的能量饮料,,
2003561,初学者能量饮料,,
2003562,陈旧的地图G16,,
2003563,陈旧的地图G17,,
2003564,G7传送魔纹地图,,
2003565,佩尔佩尔香味鞍,,
2003566,古老硬币,,
2003567,雷气治疗术,,
2003568,亚历山大医疗史,,
2003569,属性偏移症状事例集,,
2003570,隐藏的备忘录1,,
2003571,隐藏的备忘录2,,
2003572,隐藏的备忘录3,,
2003573,重要图纸,,
2003574,香蕉叶,,
2003575,涅佩莱叶,,
2003576,伊雷涅菲尔姆叶,,
2003577,羊毛背肉,,
2003578,加工好的电学绳索,,
2003579,饮品兑换券,,
2003580,冷井水,,
2003581,黄色粉末,,
2003582,诺帕尔仙人掌果,,
2003583,犎牛干草,,
2003584,罗纳克的齿玉米,,
2003585,传统保存食品,,
2003586,鱼油蜡烛,,
2003587,驱赶飞行普波波的苦汁,,
2003588,用旧的镐,,
2003589,巨型盾蜥尸体,,
2003590,晨光戒指,,
2003591,夜之指环,,
2003592,打磨的角饰,,
2003593,鲜嫩的蔬菜,,
2003594,驱虫药,,
2003595,蔬菜布袋,,
2003596,银吊坠,,
2003597,新鲜仙人掌果,,
2003598,新鲜诺帕尔,,
2003599,稀有植物种子,,
2003600,冷静的仙人掌,,
2003601,厚布袋,,
2003602,诺特仙人掌布袋,,
2003603,人偶布袋,,
2003604,果香茶,,
2003605,甘甜茶,,
2003606,香茶,,
2003607,被盗的咖啡豆,,
2003608,驱魔火药丸,,
2003609,泥土覆盖的咖啡豆,,
2003610,巨型球茎,,
2003611,光泽艳丽的紫色花朵,,
2003612,驱魔湖水,,
2003613,装有颜料的壶,,
2003614,高山植物种子,,
2003615,欧尔科野蚕幼虫,,
2003616,高山药苔,,
2003617,图拉尔鹿肉,,
2003618,咒术用盐水,,
2003619,分发用圣果,,
2003620,瓦扎拉尔·布拉夏尸体,,
2003621,柴查骨骼,,
2003622,柴查粗皮,,
2003623,柴查红肉,,
2003624,戈托贾特制烟丸,,
2003625,戈托贾特制香丸,,
2003626,防水树液,,
2003627,坚固甲壳,,
2003628,青葱的芦苇叶,,
2003629,祭祀用果实,,
2003630,供奉过的果实,,
2003631,新收割的芦苇捆,,
2003632,新鲜芦苇团子,,
2003633,装有陶器用黏土的袋子,,
2003634,装有陶器用长石的木箱,,
2003635,莫布林族的钓竿,,
2003636,亮闪闪的小石头,,
2003637,剧毒水草,,
2003638,鲜艳水草,,
2003639,花哨水草,,
2003640,香粉,,
2003641,流浪壶匠的新作画,,
2003642,里加卡鸟大腿肉,,
2003643,寡妇制造者腹肉,,
2003644,污秽的货物,,
2003645,机械兵的记忆芯片,,
2003646,光鳞叶,,
2003647,柴查尸体,,
2003648,柴查尸体,,
2003649,哈努哈努工艺材料,,
2003650,壶匠用制作材料,,
2003651,金属气球零件,,
2003652,高台风景画,,
2003653,大鼓的维修工具,,
2003654,色彩斑斓的蔬菜碎,,
2003655,装有便条的信封,,
2003656,,,
2003657,,,
2003658,绿色仿制戒指,,
2003659,散乱的货物,,
2003660,给泽比贾的信,,
2003661,给瓦波塔的小包裹,,
2003662,苍蓝花瓣,,
2003663,贾云加蝶,,
2003664,弗比格草,,
2003665,布内瓦草,,
2003666,翡翠戒指,,
2003667,采集用石锤,,
2003668,青蓝水晶碎片,,
2003669,大编织袋,,
2003670,含飞蝇伞的编织袋,,
2003671,亚斯拉尼药草,,
2003672,旧城区的物资,,
2003673,山熊绒毛,,
2003674,地灵水晶,,
2003675,特古粗皮,,
2003676,迷路的黑猫,,
2003677,亚克特尔灵菇,,
2003678,科扎努树皮,,
2003679,纳约黑曜石,,
2003680,栏杆修补材料,,
2003681,舒巴拉尔武具样品,,
2003682,伊库布拉夏织品样品,,
2003683,特制防虫剂,,
2003684,,,
2003685,纳皮奎笔记,,
2003686,宝石化石,,
2003687,备用工匠工具,,
2003688,古旧的钱袋,,
2003689,职业体验用品,,
2003690,刻名金属片,,
2003691,高级酒瓶,,
2003692,小留言卡,,
2003693,话题“关于未来工作”,,
2003694,话题“关于灵魂资源”,,
2003695,话题“关于自己的记忆”,,
2003696,装硬币的皮袋,,
2003697,亚历山大红酒,,
2003698,装钱布袋,,
2003699,机械兵零件,,
2003700,传家指环,,
2003701,真视垃圾袋,,
2003702,神秘药水,,
2003703,装钱皮袋,,
2003704,,,
2003705,,,
2003706,,,
2003707,,,
2003708,,,
2003709,,,
