key,0,1,2
#,Description,Description{Enhanced},Tooltip
offset,0,4,8
int32,str,str,str
0,,,
1,骑上专属陆行鸟。<hex:02100103>大国防联军对士兵们统一配备的军用陆行鸟。,伊修加德产军用陆行鸟。除常见的旅行种以外，还有能够承载鲁加族的大型狩猎种以及专门为拉拉菲尔族改良的贝拉哈迪亚小型种等种类。,陆行鸟是一种很坚强的<hex:02100103>生物，不过它们也是有<hex:02100103>极限的。<hex:02100103>　　　　　——米米古恩
2,,,
3,,,
4,骑上古菩猩猩。<hex:02100103>使用神奇的号角可以召唤出巨大的古菩猩猩。,异国的诗人为了表示谢意，赠予了冒险者一把魔法的角笛，可以召唤出这只古菩猩猩。虽然这种动物并不温顺，但独自徘徊在艾欧泽亚的这只古菩猩猩却因为喜爱诗人的歌声，而跟随着他一起旅行。,真希望我能够长得像那<hex:02100103>只古菩猩猩一样高大。<hex:02100103>——娜娜莫·乌尔·娜莫
5,骑上遗产陆行鸟。<hex:02100103>灵灾和5年的时光也无法切断当年的情感，只要一声口哨，遗产陆行鸟便会再次出现。,因为贤者路易索瓦的秘术，被送往次元缝隙的冒险者们穿越了5年的时光终于能和这只陆行鸟再会。经历了长期无主的流浪生活，这只陆行鸟已经成长得非常勇悍，风貌上别具一格。,去寻找你当年所骑的那<hex:02100103>只陆行鸟吧，并且一定<hex:02100103>要再次骑上它。<hex:02100103>　　　　　　——赛弗林
6,搭乘魔导装甲。<hex:02100103>缴获的帝国魔导装甲在西德改良之后变得更加实用了。,加雷马帝国军制式配备的骑乘用魔导装甲“死神”型。西德等人用魔法人偶的核心作为控制装置，对这台缴获的装甲进行了各种改造，现在可以说是加隆德炼铁厂式样了。,做得好！<hex:02100103>魔导装甲是我们的了！<hex:02100103>　　　——西德·加隆德
7,,,
8,骑上长须豹。<hex:02100103>只有从小培养的长须豹才会把人类认成朋友而不是食物。,年轻而敏捷的长须豹。野生的长须豹是非常凶猛的魔兽，但在其原产地的近东地区也发展出了独特的驯养法。这只长须豹好像是在萨维奈岛接受过作为坐骑的训练。,哎哟！看上去太帅了！<hex:02100103>抓到我的长须豹了吗？<hex:02100103>　　　　——斯威古雷尔
9,骑上冥鬼之眼。<hex:02100103>通过强力的魔法对冥鬼之眼加以束缚，这个魔法永远不会失效。,长有翅膀的独眼魔物。根据妖异学者们的分类，是属于妖异十二阶中第5位的中阶妖异。用动物的眼球作媒介可以将其从异界召唤出来，通过强力的魔法加以束缚后可以进行使唤。,记得千万不要给它戴上<hex:02100103>眼罩，不然它就找不到<hex:02100103>营地了。<hex:02100103>　　　　　　——巴德龙
10,,,
11,,,
12,,,
13,,,
14,,,
15,骑上独角兽。<hex:02100103>在黑衣森林中偶遇的纯白独角兽。,在黑衣森林中偶遇的纯白独角兽。独角兽原产自库尔札斯，在当地也是非常罕见，不知为何会迷路进了森林。因为感激冒险者帮它治伤，成为了冒险者的好伙伴。,你们那些所谓的宝马，<hex:02100103>不过就是一些秃着脑袋<hex:02100103>的独角兽而已。<hex:02100103>　——陆行鸟运输组合长
16,,,
17,,,
18,骑上贝希摩斯。<hex:02100103>在很小的时候就接受了人类的驯养，不会对人发动攻击的啦。,冒险者行会赠给冒险者的强力坐骑。灵灾之后，一名冒险者在库尔札斯的深山捡到了这只被父母遗弃的贝希摩斯幼崽。付出心血将其养大后，这只巨兽奇迹般地很亲近人类。,你要牢记一点，那<hex:02100103>就是千万不要去招<hex:02100103>惹贝希摩斯。<hex:02100103>　　　　——莫莉丝
19,骑上兵队火蛟。<hex:02100103>灰党所培育的战斗火蛟坐骑。,灰党培育的战斗火蛟坐骑。从小就接受蜥蜴人族驯兽人的严格训练，吃着成年火蛟的火炎袋长大，被驯服的同时兼具野性。,哈哈哈哈，一只迷路走<hex:02100103>进了火蛟巢穴的小猫。<hex:02100103>　　　　——扎古兹·地
20,骑上月桂冠古菩猩猩。<hex:02100103>暂留地妖精们的大块头朋友。,暂留地妖精们的大块头朋友。因为坏妖精们的恶作剧，头部的植物被拔走，变成了秃子。暂留地妖精们看它可怜，用花草给它编了头冠，由此结下了友谊。,在古菩猩猩的头上调皮<hex:02100103>捣蛋是最最令人兴奋的<hex:02100103>游戏了呼啾。<hex:02100103>　　　　　　　——常识
21,搭乘魔导装甲丙型。<hex:02100103>金黄色的外装甲能够抵抗住大多数魔法，对异性也很有吸引力。,加雷马帝国军秘密开发的改良型“死神”。金色的装甲是用了新开发的特殊涂料，可以抵抗艾欧泽亚同盟军使用的魔法攻击。,你怎么把机器扔那就跑<hex:02100103>过来了！<hex:02100103>　　　　　　——比格斯
22,骑上梦魇。<hex:02100103>经过驯养的妖马，要小心其好战的性格。,经过驯养的妖马“梦魇”。是由“无影”带给蛮族们的，详细的情况不明。性格好战，但对持有魔法笛的人会无条件地服从。,既然梦魇成真，便要做<hex:02100103>好混沌将至的准备。<hex:02100103>　　　　　——于里昂热
23,,,
24,,,
25,骑上胖陆行鸟。<hex:02100103>即使是陆行鸟的头头也不得不为了食物奔波啊。,为了食物而奔波的陆行鸟老大。如果用笛子召唤它，始终都会是一副好像要说“不要没事乱吹笛”的态度。不过一旦最喜欢的基萨尔野菜挂在眼前，它就抛弃了一切的矜持，全心全意地开始奔跑。,咕……咕……还差点！<hex:02100103>　　　　　——胖陆行鸟
26,骑上兵队水龙蜥。<hex:02100103>海兽驯养人帕阿所培育的水龙蜥。,诺布一伙里的海兽驯养人帕阿培育出的水龙蜥坐骑。在陆地上行走的话蹼会碍事，所以在蹼上做出切口，使得它拥有了不输给陆行鸟的速度，代价则是海里游泳时的速度会变慢。,水龙蜥已经准备好了。<hex:02100103>　　　　——海兽驯养人
27,坐上爆弹吊椅。<hex:02100103>由气体生物爆弹怪撑起的吊椅，坐着的时候一定要注意火烛。,第789团辅祭巴戈制作的爆弹怪里有一些爆炸力马马虎虎的，被判定为失败作。这些失败作品被用来牵引这个吊椅。不过它们毕竟还是爆弹怪，乘坐时一定要小心火烛。,打中的话 很痛的哦！<hex:02100103>俺发火了！<hex:02100103>　　　　　——小哥布林
28,骑上火妖马埃驮恩<hex:02100103>受到火神祝福的妖马，呼吸中都带有滚烫的热流。,受到火神伊弗利特祝福的妖马，身缠熊熊烈火。很可能是蜥蜴人族将妖马梦魇献祭给蛮神时产生出来的。呼吸中带有宛如地狱业火的热流。,仰天长嘶鸣，<hex:02100103>一骑绝尘无踪影，<hex:02100103>烈马向前行。<hex:02100103>　　　　——马奉行
29,骑上风妖马刻桑图司<hex:02100103>受到风神祝福的妖马，奔跑的时候犹如随风起舞。,受到风神迦楼罗祝福的妖马，身缠凛冽狂风。很可能是鸟人族将妖马梦魇献祭给蛮神时产生出来的。跑动时宛如疾风掠过。,仰天长嘶鸣，<hex:02100103>一骑绝尘无踪影，<hex:02100103>烈马向前行。<hex:02100103>　　　　——马奉行
30,骑上土妖马古尔法克西<hex:02100103>受到土神祝福的妖马，矫健的四足铿锵有力落地有声。,受到土神泰坦祝福的妖马，身缠熔岩。很可能是地灵族将妖马梦魇献祭给蛮神时产生出来的。坚实的脚步可以撼动大地。,仰天长嘶鸣，<hex:02100103>一骑绝尘无踪影，<hex:02100103>烈马向前行。<hex:02100103>　　　　——马奉行
31,骑上水妖马艾恩巴尔<hex:02100103>受到水神祝福的妖马，传说中它诞生于魔力水泡。,受到水神利维亚桑祝福的妖马，身缠水流漩涡。很可能是鱼人族将妖马梦魇献祭给蛮神时产生出来的。传说中它诞生于魔力水泡。,仰天长嘶鸣，<hex:02100103>一骑绝尘无踪影，<hex:02100103>烈马向前行。<hex:02100103>　　　　——马奉行
32,骑上战狮。<hex:02100103>专门为了战斗而训练的军用狮子，相当有百兽之王的风范。,专门为了战斗而训练的军用狮子。萨纳兰地区虽然没有野生的狮子，但过去却通过交易从近东进口了一些，曾经被近卫兵团“银胄团”训练为坐骑。现在已经是非常少见。,听闻狮子会将自己的孩<hex:02100103>子推下千丈悬崖。吾等<hex:02100103>也一样。<hex:02100103>　　　　　——哈姆基·夏
33,骑上战熊。<hex:02100103>专门为了战斗而训练的军用大熊，已经从数个战场上生存而归。,专门为了战斗而训练的军用大熊。在北阿巴拉提亚山脉深处，有着和蛮熊角力、将其打倒后加以驯服的习俗。因此，在古代勇猛战士们的传说里面，经常会有战熊出场。,这里的魔兽都是我养的。<hex:02100103>　　　　　　　——驯兽员
34,骑上大陆行鸟。<hex:02100103>体格非常结实的大型陆行鸟。甚至能够驮动两个人。,一位库尔札斯出身的陆行鸟猎人在陆行鸟之森中捕获到的野生品种。身体素质远远超过牧场驯养的那些鸟，也有着很高的运输能力，只可惜品性过于狂野，不适合供人骑乘。不过在驯养员的苦心之下好像已经被训练成可以同时乘坐两人了。,这也是对你们冒险者团<hex:02100103>结力的考验。<hex:02100103>　——特务队长里巴尔德
35,骑上恐狼。<hex:02100103>继承了古代种之血的军狼。即使是战场之上也保持着一份平常心。,鸟人族驯兽人所培养出的军狼，鸟人族在塞尔法特尔的深处找到了这种被认为已经灭绝了的生物。在经过一番辛苦的训练之后，它现在已经大到足以载人的程度了，而且绝对服从主人的命令。,那家伙伤了我们家不少<hex:02100103>佣人和佣兵。<hex:02100103>　　　　　——科朗蒂奥
36,骑上黑涡战马。<hex:02100103>原产自东方之国的军马。能够以矫健的步伐奔跑于大地之上,黑涡团作为试验采用的军马。在来自东方的马奉行的主张，冒险者的推广下，艾欧泽亚也终于开始引入马这种生物了，当然选种时特别注意选择了适应气候的品种。,艾欧泽亚不知道马这种<hex:02100103>生物，只是因为这里盛<hex:02100103>产马鸟。<hex:02100103>　　　　　　——马奉行
37,骑上双蛇战马。<hex:02100103>原产自东方之国的军马。能够以矫健的步伐奔跑于大地之上,双蛇党作为试验采用的军马。在来自东方的马奉行的主张，冒险者的推广下，艾欧泽亚也终于开始引入马这种生物了，当然选种时特别注意选择了适应气候的品种。,艾欧泽亚不知道马这种<hex:02100103>生物，只是因为这里盛<hex:02100103>产马鸟。<hex:02100103>　　　　　　——马奉行
38,骑上恒辉战马。<hex:02100103>原产自东方之国的军马。能够以矫健的步伐奔跑于大地之上,恒辉队作为试验采用的军马。在来自东方的马奉行的主张，冒险者的推广下，艾欧泽亚也终于开始引入马这种生物了，当然选种时特别注意选择了适应气候的品种。,艾欧泽亚不知道马这种<hex:02100103>生物，只是因为这里盛<hex:02100103>产马鸟。<hex:02100103>　　　　　　——马奉行
39,,,
40,骑上雷妖马玛卡布。<hex:02100103>受到雷神祝福的妖马，嘶鸣中会发出雷电。,受到雷神拉姆祝福的妖马，身缠撕裂天空的闪电。很可能是妖精族将妖马梦魇献祭给蛮神时产生出来的。它的嘶鸣会发出震撼空气的闪电。,仰天长嘶鸣，<hex:02100103>一骑绝尘无踪影，<hex:02100103>烈马向前行。<hex:02100103>　　　　——马奉行
41,骑上典礼陆行鸟。<hex:02100103>华丽典雅的仪式用陆行鸟。可以驮动两个人。,原产于伊修加德的大型陆行鸟。由于要在庄严的仪式上使用，养鸟人特地培养出了这种纯白的羽毛。同时严格的训练也使得这种陆行鸟拥有稳重的个性和健壮的体格，即使坐上两个人都不会有任何问题。,祈祷将化为誓言，誓言<hex:02100103>则会永远为你们照亮前<hex:02100103>进的道路。<hex:02100103>　　　　——誓约的祭司
42,骑上斯莱普尼尔。<hex:02100103>受到斗神祝福的妖马，魔眼之中散发着鲜红的光芒。,受到斗神奥丁祝福的妖马，身缠令人绝命的斗气。血红色的鬃毛给人带来无比的威压感。虽说这匹马在战场上无所畏惧，不过一旦它遇到认可的主人，甚至会迎合主人的体型改变自己的大小。,那鼓起雄壮的肌肉，用强有力<hex:02100103>的四肢踩踏大地的样子……<hex:02100103>太销魂了……真棒！<hex:02100103>　　　　　　　　——奥尔什方
43,骑上冰妖马玻瑞阿斯。<hex:02100103>受到冰神祝福的妖马，能够冻结四周的空气。,受到冰神希瓦祝福的妖马，身披凛凛寒风。很可能是库尔札斯地区的独角兽得到了蛮神的祝福变化而成的。它在奔跑时甚至能够将沿途的空气冻结。,仰天长嘶鸣，<hex:02100103>一骑绝尘无踪影，<hex:02100103>烈马向前行。<hex:02100103>　　　　——马奉行
44,骑上游行陆行鸟。<hex:02100103>给胖陆行鸟加上了凯旋游行中用的装饰品。跑起来威风凛凛。,冒险者行会为了准备凯旋游行进行了很多的准备工作，他们向商人发出了“想要体型宽厚的陆行鸟”的订单，结果得到的却是这种结果……由于饲料费过于昂贵，所以这只鸟也就变成了奖励给优秀冒险者的奖品。,游行好欢乐啊！<hex:02100103>　　　　——路人
45,骑上黑陆行鸟。<hex:02100103>一种能够飞上天空的陆行鸟，从很小的时候就开始接受飞行训练了。翅膀虽小，能力俱全！,原产自伊修加德的黑色陆行鸟。这一品种天生就是一身黑色的羽毛，有着能够飞行的能力。福尔唐家的骑士奥尔什方为了最重要的挚友亲手调教出了这只鸟，身上的肌肉充满了美感。,您不知道黑陆行鸟？<hex:02100103>它们是一种以纯黑羽毛<hex:02100103>为特征的飞行品种。<hex:02100103>　　　　——鸟栏管理员
46,骑上精金龟。<hex:02100103>原产自近东地区的巨大陆龟，看上去又笨又重，但实际上移动速度却比想象中的快。,原产自近东地区的萨维奈岛，乌尔达哈的动物学家经过不断地尝试终于成功驯化了这种外来的野生生物，并通过咒术师行会的古代魔法再现实验，让其具备了飞翔的能力。,这不是防范乌龟伤人的<hex:02100103>时候了。<hex:02100103>　　　　　——朗德内尔
47,骑上麒麟。<hex:02100103>通过东方传来的魔笛召唤出的幻兽。,在东洲，无论什么人都知道万兽的主宰乃是天上的麒麟。人们相信这种传说中的仙兽已经生活了千年之久。虽然人类可以通过仙人制作的魔笛向麒麟发出呼唤，但是万兽之主仅会回应它认可的英雄。,这就是……诞生于悠久<hex:02100103>时光中，被奉为传说的<hex:02100103>幻兽！<hex:02100103>　　　　——异国的诗人
48,骑上骑乘系统。<hex:02100103>古代亚拉戈帝国设计的球形防卫系统。,圣寇伊纳克财团所挖掘出来的古代亚拉戈帝国球形防卫系统。经过调查之后再由尼禄将危险的武器都移除了下去，变成了纯粹的观赏物品。后来为了筹集研究经费而转卖给了罗薇娜。不过当初的调整好像有些小问题……时不时就会电两下……,迷宫的防御系统都处在<hex:02100103>活动状态。<hex:02100103>　　　　——拉姆布鲁斯
49,骑上芬里尔。<hex:02100103>生息在阿巴拉提亚山脉深处的神秘古代野兽。,曾君临艾欧泽亚的古代野兽“霜狼”。原本人们都以为这种生物已经灭绝了，可近年来在阿巴拉提亚山脉深处再次发现了它们的身影。因其让人联想起清冷月光的鬃毛和凛然雄姿，人们常以传说中的幻兽芬里尔的名字来称呼它们。,竟然能够击退月狼芬里<hex:02100103>尔……光之战士，你的<hex:02100103>力量果然非同凡响。<hex:02100103>　　　　　　——伊塞勒
50,骑上尘世幻龙。<hex:02100103>龙族始祖开始稍微有些认可共同行动的冒险者了。,世界最初之龙，所有龙族的始祖，尘世幻龙为了观察光之战士的行动而创造了这个分身。光之战士完成了所有的试炼，成功打破了龙爪的封印并取回了光之加护，尘世幻龙认为光之战士已经具备了与自己共同行动的资格，于是改变了分身的外形，让同行者能够乘上自己的背部以便今后的行动。,我乃尘世幻龙，现与海德林<hex:02100103>的使徒同行，去见证<hex:02080DE905FF04>她<hex:FF04>他<hex:03>是如<hex:02100103>何结束龙族与人类的纷争。<hex:02100103>　　　　　　　——尘世幻龙
51,,,
52,骑上红大陆行鸟。<hex:02100103>体格非常结实的大型陆行鸟。甚至能够驮动两个人。,在龙堡参天高地有一处秘境名为陆行鸟之森，在那里生活着多种野生陆行鸟，其中更是存在十分罕见的红色大鸟。在伊修加德，红色象征着纯爱与博爱，这种大鸟最适合与挚友一同乘坐了。,陆行鸟是物资运输中的<hex:02100103>核心呢。陆行鸟要是病<hex:02100103>了就没法开工了。<hex:02100103>　　　　　　　——伊玫
53,骑上腾云蛇。<hex:02100103>衮杜族商人鲁纳瓦努精心养育的腾云蛇。,衮杜族商人鲁纳瓦努费尽心血养育而成的腾云蛇。飞舞在云海上空时如同肆虐的狂风般刚强有力。它的主人鲁纳瓦努非常坚定地表示，在有资格骑上这只腾云蛇的勇者出现之前，别人开价多少他也不卖。,要驯服野生的腾云蛇，<hex:02100103>对我来说实在太难了。<hex:02100103>　　　　——古努瓦努
54,骑上狮鹫。<hex:02100103>原产于阿巴拉提亚山脉，一半是狮子，一半是雄鹰。,原产于阿巴拉提亚山脉的有翼魔兽。虽然性情十分凶悍，但是在阿拉米格能够从幼崽时期开始训练最终成为出色的坐骑。阿拉米格特有的魔兽军团便是由狮鹫骑兵所组成。,展开双翼、振翅高飞！<hex:02100103>　　——高风飞行社标语
55,乘上破魔艇。<hex:02100103>加隆德炼铁厂所开发的小型飞空艇。,加隆德炼铁厂的魏吉和比格斯共同设计开发出的单人飞空艇，这可是史上第一架搭载偏属性水晶浮空装置的机体。,我和魏吉的最高<hex:02100103>杰作——破魔艇<hex:02100103>就托付给你了！<hex:02100103>　　　——比格斯
56,骑上战豹。<hex:02100103>专门为了战斗而训练的军用黑豹，即使奔跑起来也犹如阴影一般安静。,专门为了战斗而训练的军用黑豹。与长须豹是同类生物，能够本能地利用魔力提高自己的身体能力。据传，初代暗黑骑士正是通过观察黑豹狩猎时的情况而领悟出了暗黑剑法。,我们这帮人本来就是<hex:02100103>行走在阴影间的。<hex:02100103>　　　　　　——贾可
57,,,
58,乘上哥布林战车。<hex:02100103>科学家组织“青蓝之手”所开发的骑乘用战斗机甲。,原本那些哥布林科学家想要制作的是一款能够代替盗龙搬运货物的机器。不过后来还是在机器上加上了武器投入到了战斗。而这台机器因为是战利品，武器已经卸掉了。,青蓝之手 太过分了！<hex:02100103>使用 破烂兵器 肆意作乱<hex:02100103>这是个 大问题！<hex:02100103>　　　　　——霍尔皮克斯
59,骑上双塔尼亚。<hex:02100103>使用亚拉戈文明的秘密技术操控的古代龙。,生于南方美拉西迪亚大陆的古代龙。通过“拘束环”控制住了精神，绝对不会反抗拥有认证密钥的人。,这孩子一直期待着能有一天<hex:02100103>和龙族战斗，想不到那一天<hex:02100103>永远也不会到来了……<hex:02100103>　　　　　　　——斯特凡诺
60,,,
61,,,
62,骑上魔女扫帚。<hex:02100103>被赋予了魔力的扫帚，唰唰唰唰。,南瓜头魔人赋予了这把扫帚庞大的魔力。跨上扫帚后，扫帚便会轻飘飘地浮上天空，然后就可以在空中自由翱翔了。当心情低落的时候，骑着扫帚出去飞一圈，想必心情就会好很多。,你去和那边的魔法<hex:02100103>扫把打声招呼吧。<hex:02100103>　　　　——玛托雅
63,,,
64,,,
65,,,
66,,,
67,骑上天马。<hex:02100103>栖息在云海尽头的幻之马，可以翱翔于天空。,可以自由翱翔于天空的幻之马，在云冠群岛成为了冒险者的伙伴。人们曾经认为天马只存在于传说之中，但这一说法随着大航空时代的到来被证明是错误的。据说它还曾救助过云海遇难的空贼，作为一桩逸闻也流传甚广。,希望你不要被过去所束<hex:02100103>缚，尽情展翅高飞。<hex:02100103>　　　　　——费兹阿尔
68,乘上莉维亚专用魔导装甲。<hex:02100103>为莉维亚·萨斯·尤尼乌斯特别定制的专用魔导装甲。,加雷马帝国军第十四军团军政官莉维亚·萨斯·尤尼乌斯的专用魔导装甲。作为在北洲扩张战争中有着活跃表现的“达尔马斯卡魔女”的爱机而广为人知。通称“纯白恶魔”。,第十四军团军政官，莉维亚·萨<hex:02100103>斯·尤尼乌斯……为了追求盖乌<hex:02100103>斯的爱而逝去么。<hex:02100103>　　　　　　　——西德·加隆德
69,乘上尼禄专用魔导装甲。<hex:02100103>为尼禄·托尔·斯卡艾瓦特别定制的专用魔导装甲。,加雷马帝国军第十四军团幕僚长尼禄·托尔·斯卡艾瓦的专用魔导装甲。经由优秀的机械师尼禄本人之手，强化了青磷引擎的功率和足部行走系统。通称“血红男爵”。,我是尼禄·托尔·斯卡<hex:02100103>艾瓦！将你的力量和能<hex:02100103>力为我所用吧！<hex:02100103>　　　　　　　——尼禄
70,骑上双足飞龙。<hex:02100103>飞翔于云海之间的双足飞龙。性格忠义，一直以降妖除魔为己任。,飞翔于云海之间的双足飞龙。千年以前曾和它的挚友骑士立下誓言，共同打倒了无数邪恶的魔物。龙诗战争爆发后，由于与人类的交流被断绝，它在悲愤之余决心寻找新的伙伴，继续未竟的魔物讨伐事业。,好强……这次来的是双<hex:02100103>足飞龙……是如假包换<hex:02100103>的，真正的龙族啊。<hex:02100103>　　　　——圣特雷尔莫
71,骑上SDS芬里尔。<hex:02100103>拥有幻兽芬里尔之名的战斗机车。,以幻兽芬里尔命名的战斗机车。是一辆名副其实拥有大排气量、能够高速行驶的机车。顺便一提，SDS是斯特莱夫配送服务的简称。,您好，这里是斯特<hex:02100103>莱夫配送服务。<hex:02100103>　　　　　——蒂法
72,骑上恐甲蚂蜓。<hex:02100103>做买卖一手培养的恐甲蚂蜓。脸部到底长什么样子至今还是个谜。,自由脑窟穴的做买卖从幼虫期一直精心培养长大的恐甲蚂蜓。最初是产在水边的卵中孵化出的幼虫，作为水栖昆虫度过幼年期后，会羽化蜕变为带有翅膀可以飞行的成虫。,嘁嘁嘁……你想骑上恐甲蚂蜓吗。<hex:02100103>它还不熟悉人类，不过很快就会听<hex:02100103>话了。<hex:02100103>　　　　　　　　　　——做买卖
73,骑上祖。<hex:02100103>从近东飞来的怪鸟祖，在天空中悠然地挥动翅膀。,来自近东的怪鸟祖的成鸟。嘴部呈锯齿状并生有利牙，是为了牢牢捕获住挣扎的野兽。当它咬住猎物后，便会来回甩动长长的脖子，弄死猎物后再一口吞掉。,类属于祖的鸟，会随着<hex:02100103>季节变化往来于近东地<hex:02100103>域与艾欧泽亚。<hex:02100103>　　　　　——怪物猎人
74,骑上贝努鸟。<hex:02100103>以带有魔力的角笛呼唤出的传说中的幻兽。,经过第七灵灾时现身于加尔提诺上空的不死鸟的以太沐浴而得以重生的怪鸟。因其外形酷似幻之灵鸟而得名“贝努”，意为“绚丽起舞的闪光之物”。,传说中的不死鸟……<hex:02100103>自古以来便是再生的<hex:02100103>象征。<hex:02100103>　　　　——路易索瓦
75,骑上白云猎鹰。<hex:02100103>得到云神祝福的巨隼。如同白云一般在空中起舞。,受到云神俾斯麦的祝福，全身包裹着腾云的巨隼。其用途似乎是像腾云蛇一样，用来将瓦努族的战士送至云神身边。那云朵一般悠然飞舞在天空之中的身姿，宛如拂面而来的东风一般美丽。,哦哦哦，白神！是白神！<hex:02100103>伟大的云神“俾斯麦”！<hex:02100103>　　　　　　——火努瓦努
76,骑上怒武猎鹰。<hex:02100103>得到武神祝福的巨隼。如同月剑一般撕碎空气。,受到武神罗波那的祝福，全身缠绕着令人战栗的斗气的巨隼。它在空中飞翔时那撕裂狂风的凛然身姿，仿佛让人联想到月剑“明月之笑”。要想驯服它，恐怕需要有和武神相当的霸气才行。,英勇之士、尚武之师、<hex:02100103>引领群体的神……降临<hex:02100103>吧，武神罗波那！<hex:02100103>　　　　　——同心一族
77,骑上圆桌猎鹰。<hex:02100103>得到骑神祝福的巨隼。跟随圣骑士们捕获猎物。,受到骑神托尔丹的祝福，充满圣骑士风格装扮的巨隼。这种装扮想必是来源于伊修加德的骑士们自古以来喜爱猎鹰的传统。它犀利的目光不会放过地面上的任何猎物。,“人龙合奏，千年战诗。<hex:02100103>为斩因果，圆桌降世。”<hex:02100103>　　　　　——异国的诗人
78,骑上战争猎鹰。<hex:02100103>得到魔神祝福的巨隼。据说是用来传播世界树的种子的。,受到魔神萨菲洛特的祝福，威风堂堂的巨隼。据说在南方大陆美拉西迪亚的树状种族神话体系中，原初之树“世界树”的种子被播撒到世界各地，令整个世界枝叶繁茂，而它就是用来播撒世界树种子的灵鸟。,纯粹的信仰、崇高的理<hex:02100103>想……这才是最值得恐<hex:02100103>惧的力量。<hex:02100103>　　　　　　　——蛇心
79,,,
80,乘上荣耀号。<hex:02100103>单人用小型飞空艇，名称来源于某本小说。,年轻而富有才华的技师塔塔拉姆所设计的小型单人式飞空艇，是将他的祖父塔塔诺拉毕生追求的螺旋桨型飞空艇以最新技术小型化后的产物。名称来源于某本小说中的一艘“能自由飞翔于空中的船”。,这飞空艇，真赞……塔塔拉姆<hex:02100103>这小子，居然设计出这么划时<hex:02100103>代的飞空艇。<hex:02100103>　　　　　　　　——塔塔巴鲁
81,乘上筋斗云。<hex:02100103>以东方仙人的秘术创造出的一朵有魔力的云。,据说是隐居在东洲奥萨德大陆边境深山中的某位伟大仙人所创造的秘术，用魔力将云朵固定在一起，然后便可以乘着它飞翔在天空中。只有天生拥有魔法才能而且心地善良的人才能驾驭它。,我听说，难民们的祖国在<hex:02100103>遥远的东方。不知那里有<hex:02100103>没有独特的魔法……<hex:02100103>　　　　　　——库尔特内
82,骑上初代胖陆行鸟。<hex:02100103>超级能吃的陆行鸟们的大首领。初代的毛色是白色的。,胖陆行鸟闪亮登场！虽然近来黄色羽毛的个体比较常见，但作为超级贪吃的陆行鸟大前辈，初代胖陆行鸟的毛色却是白色的。由于它来者不拒的性格，除非吃到撑死，不管是武器还是防具都会吃给你看。,要喂我吃点什么呢？<hex:02100103>　　——初代胖陆行鸟
83,骑上天阳马阿斯特洛珀。<hex:02100103>相当稀奇的大型天马。甚至能够驮动两个人。,阿斯特洛珀经过长时间的进化，成长为了可以驮动两个人的大型天马。本来是很凶猛的野兽，连接近都很困难。但是对那些拥有献身精神的善良之士会敞开心扉。,大圣堂的主教们认为，这<hex:02100103>场旅程才是对心意相通的<hex:02100103>两人最适合的考验。<hex:02100103>　　　　　——克拉丽贝尔
84,骑上胖莫古力。<hex:02100103>超级能吃的莫古力大首领，能飞是多亏了魔法。可以驮动两个人。,胖莫古力闪亮登场！吃光了森林，最终变成了如此庞大的身躯。即使胖成这样还能飞是多亏了魔法的力量，他自己的翅膀已经起不了什么作用了。,因为看它在熟睡，想都<hex:02100103>没想就把石头塞进它的<hex:02100103>鼻孔了库啵！<hex:02100103>　　　　　　——莫古京
85,,,
86,骑上孢云棉花糖。<hex:02100103>生长在云海的浮行性植物。可以通过莫古力的魔法进行控制。,生长在云海的浮行性植物“轻飘飘浮草”。生活在莫古力之家的莫古力施以魔法，将其作为坐骑使用。此外，它的绒毛对莫古力族有治愈效果。,孢云棉花糖派上用场了<hex:02100103>吗库啵？以后有需要的<hex:02100103>话随时过来库啵！<hex:02100103>　　——轻飘飘的莫古力
87,乘上维斯帕号。<hex:02100103>以妖怪维斯帕的形象设计的小型飞空艇。抱紧你的管家！,以妖怪管家维斯帕的形象设计的小型飞空艇。加入了金碟游乐场游乐设施的概念要素，据说可活动的部件很多，且性能很高。虽然座位的空间看上去狭小，但实际坐上去非常舒服。,……久而久之，它就得<hex:02100103>到了“云海的幽灵船”<hex:02100103>这么个称号。<hex:02100103>　　　　　——利奥法德
88,,,
89,,,
90,骑上暗黑猎鹰。<hex:02100103>沐浴了邪龙的魔力的巨隼。以得到的暗之翼在空中飞舞。,沐浴了邪龙尼德霍格的魔力，得到了暗之翼的巨隼。切碎雷云在天空中飞舞的姿态被人误认为是君临龙族的七大天龙之一。甚至会让目击者以为邪龙再临，慌张地准备逃跑。,说起尼德霍格……就是<hex:02100103>那盘踞在龙堡灵峰的七<hex:02100103>龙之一吧。<hex:02100103>　　　　　——阿尔菲诺
91,骑上浮空系统。<hex:02100103>古代亚拉戈帝国设计的球形防卫系统。,库尔札斯东部低地发掘出来的古代亚拉戈帝国的通用球形防卫系统。虽然已经无法作为兵器使用了，但还是可以用来骑乘的。美中不足的是，每次启动都会自动推荐自卫系统的升级。,限时活动免费升级正在<hex:02100103>进行中……<hex:02100103>　　　　　——浮空系统
92,骑上颅浮巨像。<hex:02100103>向巨大的头颅雕像中注入了魔法而创造出的浮空型巨像兵。,向巨大的头颅雕像中注入了魔法而创造出的浮空型巨像兵。据说是角尊艾·乌纳在研究无限城文明的雕像型守护者的过程中实验创造出的。至于这尊头颅雕像的创作主题，知情人士对此全都缄口不言。,你一直小心翼翼捧着的<hex:02100103>阿维尔的头……赶快埋<hex:02100103>了吧，真恶心！<hex:02100103>　　　　　——莉亚维娜 
93,骑上逐月幻狼玛纳加尔姆。<hex:02100103>古老的幻兽，一度被认为已经从世上灭绝。,古老的幻兽，人们都以为这种生物早已灭绝。在阿巴拉提亚山脉的民间传说中，这种生物总是在追逐月亮，并且能够吞噬阳光。而事实上，玛纳加尔姆有着非常强大的魔力，能够发出幻象之火，还能够在天空中驰骋。,赤色的火焰仿佛要<hex:02100103>将天空烧焦……<hex:02100103>　　　——雅伯里克
94,乘上维斯帕前进号。<hex:02100103>以妖怪维斯帕的形象设计的改良型小型飞空艇。抱紧你的管家！,以妖怪管家维斯帕的形象设计的改良型小型飞空艇。上面的华丽装饰是为了表彰与众多妖怪成为朋友并共同突破试炼这一伟业。据说是异国的诗人和来自异国的总裁赠予的礼物。,妈妈，那是什么啊？<hex:02100103>　——天真无邪的孩子
95,骑上轰天。<hex:02100103>装甲闪耀着金色的光芒。,装甲闪耀着金色光芒的魔导马。只有通过“内心的试炼”的强者才被允许骑乘。,行去如风一般，<hex:02100103>命运的剑士啊，<hex:02100103>照亮黑暗！
96,骑上银牙。<hex:02100103>装甲闪耀着银色的光芒。,装甲闪耀着银色光芒的魔导马。只有斩杀了无数敌人并且通过“内心的试炼”的强者才被允许骑乘。,银狼，于暗夜降临！
97,骑上仙术熊猫。<hex:02100103>相传仙术熊猫已经活了一千年，习得了仙术。,从东洲奥萨德次大陆山岳地带深处的“蛇口”来到这里的熊猫。相传已经活了一千年，学会了仙术，能用不可思议的力量浮在空中。它似乎在寻找能够拯救东洲危机的英雄。,我说你啊，以前去过宽<hex:02100103>慰河的上游那边吗？<hex:02100103>那附近有些<hex:02280FFF09>BNpcName<hex:F20DEE0103>在<hex:02100103>游荡着，让我很头疼啊。<hex:02100103>        ——尾羽集落的猎人
98,骑上睿智猎鹰。<hex:02100103>得到女神祝福的巨隼。据说会播撒调节天平平衡的砝码。,受到女神索菲娅祝福，散发着神圣氛围的巨隼。传说，当世间陷入混乱之际，女神会派遣神鸟播撒天平的砝码，来确保平衡。另外还有种说法称，这“砝码”指的就是生于人世的“英雄”。,所谓自然，只有在各种<hex:02100103>属性保持均衡的情况下，<hex:02100103>才能永远持续下去。<hex:02100103>　　　　　——艾德斯坦
99,骑上星芒熊。<hex:02100103>为了星芒节而学习技艺的熊。,星芒节执行委员贝恩费尔德饲养的熊，名叫<hex:02096FE948FF07>帝星<hex:FF1A><hex:020816E905FF07>帝星<hex:FF0A>北极星<hex:03><hex:FF07>太子<hex:FF07>帝星<hex:FF0A>北极星<hex:FF1A><hex:020816E905FF07>帝星<hex:FF0A>北极星<hex:03><hex:FF0A>北极星<hex:FF07>帝星<hex:03>。为了哄孩子们开心而学会了投掷礼花筒的技艺，还用这招教训了偷窃星芒节装饰物的树精。,和熊们一起努力让失落<hex:02100103>的孩子们露出笑脸来吧！！<hex:02100103>　　　　　——阿姆·加兰基
100,骑上黑天马。<hex:02100103>十分罕见的黑色天马，也称“黑死马”。,十分罕见的黑色天马，据说是在曾属于魔大陆一部分的传承之地发现的。如果是庸人骑在它的背上将会必死无疑，因此也称它是黑死马。,嘶——哼哧哼哧……<hex:02100103>这是受到黑马同心认<hex:02100103>可的证明！<hex:02100103>　　　　——黑马与力
101,乘上“阿里达乌斯”。<hex:02100103>亚历山大制的攻击性终端。解除武装后可以用来搭乘了。,使用亚历山大机神城内部的设备自动生成的攻击性终端。据说是用于时间干涉攻击而制造出来的。在激烈的战斗过后，对其进行了改造，解除了武装，现在可以作为骑乘工具来使用。,虽然我还是个新人，但<hex:02100103>一定会保证您的安全！<hex:02100103>　——加隆德炼铁厂员工
102,骑上雷刚。<hex:02100103>只有经过无数战场洗礼的真正强者才配拥有的魔导马。,只有经过无数战场洗礼的真正强者才配拥有的魔导马。雷刚比其他魔导马都要强壮，其装甲闪耀着黑色的光芒，似乎象征着背负的罪业……,有光的地方，<hex:02100103>就有影子的存在。
103,乘上尼禄专用魔导装甲。<hex:02100103>为尼禄·托尔·斯卡艾瓦特别定制的专用魔导装甲。,加雷马帝国军第十四军团幕僚长尼禄·托尔·斯卡艾瓦的专用魔导装甲。经由优秀的机械师尼禄本人之手，强化了青磷引擎的功率和足部行走系统。通称“血红男爵”。,我是尼禄·托尔·斯卡<hex:02100103>艾瓦！将你的力量和能<hex:02100103>力为我所用吧！<hex:02100103>　　　　　　　——尼禄
104,骑上厉鬼猎鹰。<hex:02100103>得到鬼神祝福的巨隼。据说是告知鬼神裁决的使者。,受到鬼神祖尔宛祝福，全身缠绕着惊人杀气的巨隼。根据南方大陆人马族的传说，当与邪恶敌人开战前，鬼神会派遣它来宣告正义的裁决。,我以前曾是福尔唐家的<hex:02100103>骑士，虽说干活的时候<hex:02100103>老被盯着。<hex:02100103>　　　——强壮的冒险者
105,骑上凤凰。<hex:02100103>通过东方传来的魔笛召唤出的幻兽。,在东洲传说有这样一种神鸟——每当它寿命将至，就会用如同太阳一般耀眼的金色火焰烧尽自己，然后从灰中复活。虽然人类可以通过仙人制作的魔笛向凤凰发出呼唤，但是万鸟之主仅会回应它认可的英雄。,高贵的百鸟之王为了能<hex:02100103>结识一位友人，一直翱<hex:02100103>翔于七重天上。<hex:02100103>　　　　——异国的诗人
106,骑上彩蛋系统。<hex:02100103>用不可思议的力量浮在空中的彩蛋。,用不可思议的力量浮在空中的彩蛋。是诺诺塔他们为了实现吉莉·阿里亚珀的梦境而用圣寇伊纳克财团发掘的古代文明遗物改造的。,采旦、采旦、大采旦！<hex:02100103>　　　　　   ——里吉
107,,,
108,骑上孤傲地狱犬。<hex:02100103>生活在虚无界的残暴魔兽，性格极为孤高！,生活在虚无界的残暴魔兽。从不追随任何妖异，以一己之力在那危险的世界存活，目光十分锐利。想必只有浑身充满灼热斗气的身经百战的强者才能够得到它的允许，骑在它的身上。,凭我的直觉，你是个历<hex:02100103>经百战的勇士！<hex:02100103>　　　　——吉尔伽美什
109,骑上首领地狱犬。<hex:02100103>生活在虚无界的残暴魔兽，族群之首！,生活在虚无界的残暴魔兽。率领众多魔兽在危险的世界连战连胜，散发出令人战栗的威慑感。想必只有浑身充满冰冷杀气的身经百战的强者才能够得到它的允许，骑在它的身上。,莫古感觉到身侧传来了<hex:02100103>一阵凛冽的杀气库啵！<hex:02100103>　　　　　　——莫古唐
110,乘上贤者座椅。<hex:02100103>浮在空中的座椅，坐上去软软的很舒服。,浮在空中的不可思议的座椅。是从龙堡参天高地的萨雷安遗迹中发现的。似乎是为了在迦巴勒幻想图书馆中拿到高处的书籍而制造出来的魔法道具。,放心放心，快去那边的<hex:02100103>位置坐下吧！<hex:02100103>　　　　　   ——巴德龙
111,骑上希尔德拉。<hex:02100103>相传生活在大洋里的梦幻海龙。真是个温柔的孩子啊……,相传生活在大洋里的梦幻海龙。它的模样与传说中为自己的女海盗朋友拖拽海盗船的海龙一模一样。虽然不能像龙族那样说话，但据说只要被它视为了朋友，就能与它心意相通。,希尔德拉！<hex:02100103>原来你还活着！！<hex:02100103>　　　　——法利斯 
112,乘上飞隼号。<hex:02100103>小型单座飞空艇。目标是速度世界第一！,加隆德炼铁厂生产的小型试制飞空艇，由该厂干劲十足的机械师魏吉开发，目标是成为世界上最快的单座式飞空艇，但却在挑战极限的飞行测试中不幸坠落。现在已经装上了限制器。,飞隼号出发！<hex:02100103>　　　——艾吉
113,骑上孤傲妖精犬。<hex:02100103>生活在虚无界的残暴魔兽，性格极为孤高！,生活在虚无界的狰狞魔兽。闪着银光的皮毛被猎物的血染成了妖艳的色调。虽然一直独自行走在危险的世界中，但据说浑身充满灼热斗气的身经百战的强者却能够得到它的允许，骑在它的身上。,来吧，让我看看你高昂<hex:02100103>的斗志！<hex:02100103>　　　　　——贝尔克雅
114,骑上首领妖精犬。<hex:02100103>生活在虚无界的残暴魔兽，族群之首！,生活在虚无界的狰狞魔兽。闪着银光的皮毛被深沉的黑暗染成了诡异的色调。虽然一直以首领的身份行走在危险的世界中，但据说浑身充满冰冷杀气的身经百战的强者却能够得到它的允许，骑在它的身上。,……这气场，一看你就<hex:02100103>是个身经百战的英雄。<hex:02100103>　　　　——异国的诗人
115,骑上极乐神威。<hex:02100103>被美神祝福的巨狼。以美丽的身姿翱翔天际。,受到美神吉祥天女的祝福，散发着高贵光芒的巨狼。它的出现有可能是因为阿难陀族把巨狼当成供品献给蛮神的缘故。,阿难陀族是由美神吉祥<hex:02100103>天女大人创造出来的。<hex:02100103>　　　　　　　——尼夏
116,骑上狂欢神威。<hex:02100103>被豪神祝福的巨狼。以勇猛的身姿翱翔天际。,受到豪神须佐之男的祝福，散发着豪放之气的巨狼。它的出现有可能是因为甲人族把巨狼当成供品献给蛮神的缘故。,我乃须佐之男！<hex:02100103>来来来，祭典开始了！<hex:02100103>　　　　　——须佐之男
117,,,
118,,,
119,,,
120,,,
121,乘上魔导猎手。<hex:02100103>安装了机械臂的下一代主力魔导装甲。,被人丢弃在阿拉米格城郭内的魔导猎手。虽然是以魔导死神为原型制作出来的强化近战能力与生产力的类型，但这台机体看上去却像是省略了武装，将剩余输出全部分给飞行功能的试制样品。,所谓的魔导装甲，<hex:02100103>是以青磷机关为动力源<hex:02100103>的机动兵器的总称。<hex:02100103>　　　　　　——西德
122,骑上斗狮。<hex:02100103>专门为了战斗而训练的军用狮子，全身包裹着专用的兽甲。,专门为了战斗而训练的军用狮子。乌尔达哈的近卫兵团“银胄团”为了复兴过去的传统而将其选为了坐骑。在从近东萨维奈邀请到的驯兽师的调教下，已经养成了完美的举止。,想要取回银胄团以往的<hex:02100103>光辉，还需要很长时间。<hex:02100103>　　　　　　　——杰林斯
123,骑上斗熊。<hex:02100103>专门为了战斗而训练的军用大熊，全身包裹着专用的兽甲。,专门为了战斗而训练的军用大熊。虽然被称为北阿巴拉提亚山脉之主，但据说面对驯服了原初之力的真正战士时，只需要四目相交就能让它臣服。想必是它那野生的直觉在瞬间便感受到了能力高低的缘故吧。,……栖息在阿巴拉提亚<hex:02100103>山脉的巨大熊？这里的<hex:02100103>猎人几乎都知道它哦。<hex:02100103>　　　　　——勒马克隆
124,骑上斗豹。<hex:02100103>专门为了战斗而训练的军用黑豹，全身包裹着专用的兽甲。,专门为了战斗而训练的军用黑豹。通过本能操纵魔力的黑豹对暗黑骑士而言堪比自然界之师。据说在历代的暗黑骑士中，还有人与黑兽为友，仿若黑影一般，四处奔走行使正义。,这气息……你也拥有暗<hex:02100103>黑之力么……<hex:02100103>　　　　　——希德勒格
125,骑上胡鹰。<hex:02100103>栖息在太阳神草原的怪鸟。是暮晖战士的证明。,栖息在太阳神草原山区的怪鸟。将巴儿达木霸道视为自己的地盘，将进入者视为自己的猎物。虽然是非常狰狞的猛禽，但只要是它承认的实力者，它就会把对方当成狩猎的朋友，并允许对方骑在自己背上。,你的实力，我已经见识<hex:02100103>到了。<hex:02100103>　　　　　——璐恩·夏
126,骑上老者。<hex:02100103>欧米茄创造的类生物体。,欧米茄创造的类生物体，其名与某古典小说中的老魔法师一致。小说中该魔法师能够变身为龙的姿态，因此欧米茄也将老者创造为了龙的造型。,敌人名为德尔塔I老者！<hex:02100103>将其击退！<hex:02100103>　　　——西德·加隆德
127,骑上兵团虎。<hex:02100103>继承了恶名精英血统的猛虎。,在百家兵团训练的猛虎。曾经有一名怪物猎人在讨伐恶名精英的食人虎时发现了其幼崽，出于同情便将它保护起来，交给了兵团的团员养育。经历过魔法训练，可以在空中飞行。,我们是“百家兵团”，<hex:02100103>是以伊修加德为据点进<hex:02100103>行活动的佣兵团。<hex:02100103>　　　　　——艾蒂耶纳
128,,,
129,,,
130,骑上伊克西翁。<hex:02100103>基拉巴尼亚地区传说中的古代幻兽。,基拉巴尼亚地区传说中的古代幻兽。在星导教的教义中，它是破坏神拉尔戈的爱马，但来自玛哈的魔法书却将其记载为由魔具强化过的生物。唯一可以确定的就是它具备操纵雷电的能力。,破坏神拉尔戈是指被帝<hex:02100103>国占据的城邦——“阿<hex:02100103>拉米格”的守护神。<hex:02100103>　　　　　——希希巴鲁
131,,,
132,,,
133,骑上梦幻神威。<hex:02100103>被神龙祝福的巨狼。以神圣的身姿翱翔天际。,受到神龙的祝福，散发着神圣光芒的巨狼。它的出现有可能是由于阿拉米格军犬被神龙之光照射到了。,这片天空对神龙来说太<hex:02100103>狭窄了……让我们去更<hex:02100103>高的地方一决死战！<hex:02100103>　　　　　　　——神龙
134,,,
135,踩上风火轮。<hex:02100103>传说中的英雄所使用的宝物。并不烫脚。,传说中的英雄所使用的宝物。因二轮均能够喷风生火，故名风火轮，移动速度极快，踏在脚下可以日行千星里。虽然飞行时看起来火苗很大，但是并不会烧到人或物。,……已经处理好了吗？<hex:02100103>果然冒险者的办事速度<hex:02100103>最快了。<hex:02100103>　　　——法尔克布瑞达
136,骑上斑鳐。<hex:02100103>生活在红玉海的海洋生物，是由甲人族的饲鳐员训练出来的。,由甲人族的饲鳐员训练出来的斑鳐。整个扁平的身体发挥了以太翼的功能，借助水属性与风属性以太，既可以在水中游泳，也可以在空中飞行。由于被优哉游哉的碧甲族饲养长大，性格十分敦厚。,斑鳐的肚子被撑得鼓鼓<hex:02100103>的呢——！看来应该能<hex:02100103>吐出来不少好宝物——！<hex:02100103>　　　　　　　——头巾
137,,,
138,骑上海蓝宝石兽。<hex:02100103>解开海蓝石奥秘的魔纹所孕育出的用于骑乘的魔法生物。,自称天才秘术师的乌兰创造出的用于骑乘的魔法生物，运用了培育大型宝石兽“钻石”所积累的知识。由于宝石兽的核心使用了大颗的海蓝石，所以即使不是秘术师也可以将其召唤出来。,我觉得可以运用这里学<hex:02100103>到的知识，孕育出新的<hex:02100103>宝石兽呢。<hex:02100103>　　　　　——阿尔菲诺
139,骑上黄水晶宝石兽。<hex:02100103>解开黄水晶奥秘的魔纹所孕育出的用于骑乘的魔法生物。,自称天才秘术师的乌兰创造出的用于骑乘的魔法生物，运用了培育大型宝石兽“钻石”所积累的知识。由于宝石兽的核心使用了大颗的黄水晶，所以即使不是秘术师也可以将其召唤出来。,我叫乌兰，是一名热爱<hex:02100103>宝石兽的研究员。<hex:02100103>　　　　　　　——乌兰
140,坐上飞行座椅。<hex:02100103>施了魔法的飞天座椅。飞行高度更高，但质量并没有变。,施了魔法的飞天座椅。飞行高度更高，但质量并没有变。工匠们时刻发明实用的设计与配方，要将手工制作的成品送给全世界的冒险者。多给的内六角扳手让人觉得十分周到。,我好想快点坐上去啊！<hex:02100103>　　　　　　　——阳山
141,搭乘魔导复仇者骑乘型。<hex:02100103>哥布林族改良的帝国制无人魔导兵器。,哥布林族改良的帝国制无人魔导兵器。原本是无人机，后来被哥布林族得到。哥布林族为了将其用于骑乘而对其进行了改造，就变成了现在的样子。只是不太明白这究竟算是高科技还是低科技。,让你尝尝 青蓝之手 <hex:02100103>科技的力量！<hex:02100103>　　　　——青蓝大手
142,骑上叶大妖。<hex:02100103>茁壮成长后的叶小妖。可以载人，连鲁加族都不在话下。,茁壮成长后的叶小妖。一直在寻找理想中的住所，最终来到了金碟游乐场。在穿越撒沟厉沙漠的时候差一点干枯而死，没想到吸水后反弹，得到了让人目瞪口呆的巨大身体。,站在撒沟厉沙漠南边远<hex:02100103>眺金碟游乐场，在霉运<hex:02100103>过去之前尽量忍耐。<hex:02100103>　　　——美艳的占卜师
143,骑上赤兔马。<hex:02100103>毛色赤红的骏马。其在大地上驰骋的身影令人过目难忘。,赤兔马是统一延夏的名将岩燕的爱马。传说岩燕通过自创的风水术令赤兔也学会了飞上天空的技巧。据说这匹马继承了当年那匹赤兔的血统，不过无人能够分辨是真是假。,“赤红疾风”一直都是<hex:02100103>为了保护弱小而战斗的<hex:02100103>是吧？！<hex:02100103>　　——穿着讲究的姐姐
144,骑上白帝神威。<hex:02100103>被白虎灌输了神通力的巨狼。身缠旋风翱翔天际。,被四圣兽之白虎灌输了神通力的巨狼，周身刮着永不停息的天风。据说是白虎镇压了为祸人间的巨狼后诞生的。,真是忠实的傀儡啊。<hex:02100103>　——西·如恩·提亚
145,乘上拘束型魔导死亡爪。<hex:02100103>帝国制无人魔导兵器，被改造用于抓捕犯人。,帝国将亚拉戈的古代兵器钢铁之爪改进后设计出的魔导兵器。配备给特务宪兵队的这台拘束型经过特别调整，可以拘束犯人将其带走。,你也理解机械<hex:02100103>的可爱之处。<hex:02100103>　　　——米黛
146,骑上魔象。<hex:02100103>被阿难陀族使役的大型兽。背上还披着魔法绒毯。,被阿难陀族使役的大型兽。身披魔力纤维织成的魔法绒毯，能够借助魔力浮游。当然魔象是不会飞的，更不会靠扇动耳朵来飞。,对于我们阿难陀族来说，<hex:02100103>魔象可以称得上是伙伴了。<hex:02100103>　　　　　　　　——达刹娜
147,,,
148,骑上真狮鹫。<hex:02100103>原产于阿巴拉提亚山脉的有翼魔兽。,原产于阿巴拉提亚山脉的有翼魔兽。由阿拉米格解放军的驯兽人基弗用心养育。可以听从骑手的命令扇起突风。另外，这只真狮鹫这么白似乎是品种原因。,村子的北边有着谁都<hex:02100103>敌不过的强大魔物。<hex:02100103>　　　　　　——帕平
149,,,
150,骑上暴龙。<hex:02100103>外号“暴君”的古代肉食兽。,被人叫做“暴君”的古代肉食兽，由于长时间沐浴在瓦尔岛的风属性以太中，拥有不可思议的浮游能力。虽然性格凶暴无比，但会服从认定了实力的冒险者。,那家伙可是被称<hex:02100103>作为最强眷属啊。<hex:02100103>　　　——菲斯凯特
151,搭乘雷迦利亚G型。<hex:02100103>加隆德炼铁厂制造的仿制车辆。,西德受到诺克提斯的委托，修理了其爱车雷迦利亚，在解析了修理过程中获得的数据后，制造出了这辆仿造品。由于引擎用青磷引擎进行了替换，并进行了一些改造，于是名字也一同改造成了加隆德炼铁厂风格。,又得推车，也太惨了吧……<hex:02100103>　　　　　　　——诺克提斯
152,乘上飞天半心椅（右）。<hex:02100103>为了庆祝恋人节而特制的飞天椅。,为了庆祝恋人节而特制的飞天椅。是以前恋人节剩下的半心椅改良而成。听说为了让椅子浮起来，瓦伦提昂家动员家里所有人栽培白云花。,用爱的力量，让世<hex:02100103>界变得幸福吧！<hex:02100103>　　　　——莉赛特
153,乘上飞天半心椅（左）。<hex:02100103>为了庆祝恋人节而特制的飞天椅。,为了庆祝恋人节而特制的飞天椅。是以前恋人节剩下的半心椅改良而成。听说是莉赛特为了实现飞在天上的蜜月而费尽心力开发的。,祝愿大家以此为契机<hex:02100103>踏出自己心中爱与羁<hex:02100103>绊的第一步哦！<hex:02100103>　　　　　——莉赛特
154,骑上提丰老师。<hex:02100103>在曼德维尔金碟游乐场工作的神秘生物。,在咒术师举行的妖异召唤实验中被意外召唤出来的谜一样的生物。经历了各种曲折后，现在正在曼德维尔金碟游乐场繁忙地工作着。虽然不善言谈，但让人意外的是它会很认真地完成自己的工作。,啊，提丰老师！！<hex:02100103>　——奥尔特罗斯
155,,,
156,乘上空军装甲。<hex:02100103>西格玛幻境制造出的谜之飞行器。,西格玛幻境制造出的谜之飞行器。似乎是某个国家开发的，不过详细无从得知。由于机头被画上了鲨鱼张着嘴的涂鸦，看上去还有点可爱。,居然把神圣的飞空艇<hex:02100103>当做杀人的兵器！<hex:02100103>可恶的鸟人族！！<hex:02100103>　　　　——塔塔拉姆
157,,,
158,骑上幽夜神威。<hex:02100103>被夜神祝福的巨狼。以散发月光的身姿翱翔天际。,受到夜神的祝福，散发着月光之力的巨狼。它的出现有可能是由于以帝国军设施为领地的野生狼受到了夜神以太的影响。,尽情哭喊吧！<hex:02100103>　　　——月读
159,骑上渡渡鸟。<hex:02100103>被认为已在东方地域灭绝的幻之陆鸟。不知为何可以飞。,被认为已在东方地域灭绝的幻之陆鸟。为了适应天之御柱上层的封闭环境而获得了超越种族界限的飞行能力。以和冒险者的相遇为契机，下定决心要去外界展翅翱翔。,这群渡渡鸟，<hex:02100103>虽然跑得慢，<hex:02100103>但是很强壮！<hex:02100103>　　　——贾可
160,骑上须鲸。<hex:02100103>栖息于琉璃洋的大型生物。,栖息于琉璃洋的大型生物。会成群结伴移动很远的距离前往外洋觅食。和斑鳐同样，须鲸也会将身体作为以太翼一样进行飞翔。因为身体巨大，所以可以轻松承载好几个人。,看来是赶上了！<hex:02100103>　——瓦瓦拉哥
161,骑上火龙。<hex:02100103>被誉为空之王者的飞龙种。,被誉为空之王者的飞龙种，可以喷吐出炽热的吐息。据说在遥远的异国他乡，有很多猎人为了得到它身上的鳞片等素材而孜孜不倦地狩猎着。,来场狩猎吧！<hex:02100103>　——怪物猎人
162,乘坐魔导运输器。<hex:02100103>在魔导院完成开发的次世代运输平台。,在加雷马帝国魔导院完成开发的次世代运输平台。运用了飞空艇技术，乘坐感极为舒适。令人忍不住会“哈哈哈……”地笑出来。另外本机为纯粹的运输用机体，因此不具备任何战斗能力。,哈哈哈……实验成功！<hex:02100103>——奥卢斯·玛尔·亚希纳
163,乘坐原型运输器。<hex:02100103>在魔导院完成开发的次世代运输平台。,在加雷马帝国魔导院完成开发的次世代运输平台。本机为试做机，跟之后量产的型号相比运用了更高品质的钢材。但是基本性能没有很大差别。,使用后下不来不用担心，<hex:02100103>一开始就是这么设计的。<hex:02100103>原本就没想到让人来用……<hex:02100103>　　　　　　　　　——尼禄
164,乘坐巨鲶鱼神轿。<hex:02100103>祭祀鲶鱼精的祖先巨鲶鱼大人的浮空前进式神轿。,在大鲶大祭中使用的浮空前进式神轿。神轿顶端装饰着金光闪闪的鲶鱼精祖先——巨鲶鱼大人的雕像，完美重现了鱼信在梦境中遇见的巨鲶鱼大人的身姿。神轿还附有对冒险者忠心耿耿的8位鲶鱼精轿夫跟随。,嘿哟！嘿哟！<hex:02100103>这个华丽的东西<hex:02100103>叫什么啊噗？<hex:02100103>　——鲶鱼精观众
165,,,
166,骑上绝地。<hex:02100103>快到离开地面的骏马。,在天之御柱中发现的健壮的军马。被古代的君王所钟爱，称其为“快到离开地面的骏马”并得名绝地。事实上，绝地可以在风水术的帮助下在空中飞翔。,没、没想到骑马<hex:02100103>是这么难的事情噗……<hex:02100103>　——喜欢马的鲶鱼精
167,骑上输送系统。<hex:02100103>古代亚拉戈帝国设计的球形运输系统。,圣寇伊纳克财团所挖掘出来的古代亚拉戈帝国球形运输系统。由该财团移交给艾欧泽亚同盟军供同盟军使用，因此从运输设备改为载人设备使用。实际使用中，偶发过数起，乘员在输送系统发出超载警报后与输送系统发生争执的事故。,把这个也一起带走噗！<hex:02100103>太重了我搬不动。<hex:02100103>　　　——坚决的鲶鱼精
168,骑上护送系统。<hex:02100103>古代亚拉戈帝国设计的球形运输系统。,圣寇伊纳克财团所挖掘出来的古代亚拉戈帝国球形运输系统。在更新操作系统之后，安全面得到了强化。与以往的型号相比，美中不足的是操作界面发生了改变。,就像这样卡住了。<hex:02100103>　　——阿尔达希尔
169,,,
170,骑上格拉尼。<hex:02100103>通过来自异界的魔笛召唤出来的传说中的幻兽。,通过来自第一世界的魔笛召唤出来的传说中的幻兽。拥有飞驰于大地的脚力和飞翔于天际的魔力。以性格高傲为人所知，只允许驱逐光明带来黑暗的暗之战士骑乘。,你们真的相信合并能为<hex:02100103>第一世界带来救赎吗？<hex:02100103>　　　　　——于里昂热
171,骑上猫大胖。<hex:02100103>长得肥肥的大猫。感觉已经变成像是猫妖一样的生物。,长得肥肥的大猫。它摇晃着那巨大的身体撼动着大地与天空，纵横无尽地四处飞奔。感觉已经变成像是猫妖一样的生物，不过身上的脂肪和皮毛给骑乘的人带来非常舒服的体验，所以细节的事情就不要在意了。,玛夏喵不回来，我很<hex:02100103>寂寞，就养起了猫。<hex:02100103>它最喜欢吃鱼干了。<hex:02100103>　　　　——梅露可可
172,骑上朱焰神威。<hex:02100103>被朱雀灌输了神通力的巨狼。身披烈焰翱翔天际。,被四圣兽之朱雀灌输了神通力的巨狼，周身燃烧着朱红色的烈焰。它曾经为了救助人类而奋战至死，朱雀将其苏生后化为了现在的样子。,如果我真的是凤凰……<hex:02100103>那我就能用传说中的苏生<hex:02100103>之力，拯救我爱的人了！<hex:02100103>　　　　　　　　——朱雀
173,骑上欧米茄。<hex:02100103>外形与欧米茄十分相似的自律飞行机器。可以用于骑乘。,在时空狭缝中回收到的外形与欧米茄十分相似的自律飞行机器。据猜测应该是在模仿人类时，为了检验坐骑到底是否有用，而被制造出来的机体。因为只限骑乘用，所以不具备任何武装。,……哼，那是欧米茄<hex:02100103>创造出来的产物。<hex:02100103>　　　　——尘世幻龙
174,骑上魔导浮空装甲。<hex:02100103>加雷马帝国军的单座式浮空装甲。,加雷马帝国军开发的单座式浮空装甲。艾欧泽亚同盟军虏获了因为引擎故障而坠落的魔导浮空装甲。经过加隆德炼铁厂的协助完成了修理。曾用于测试评价战斗能力。,我们会和加隆德炼铁厂<hex:02100103>联手，继续慎重地调查<hex:02100103>下去。<hex:02100103>　　　　——鲁兹奇厄兹
175,骑上魔法飞毯。<hex:02100103>施了魔法的飞天绒毯。,施了魔法的飞天绒毯。根据近东地区的传说，曾经统治科尔沃地区的王，曾命令被自己降服的妖灵制造了同样的飞天绒毯。本品是以近代魔法技术重现这一传说之物的成果。,那个“像是旅行商人的男子”，<hex:02100103>说他只来店里买过一次毯子，就<hex:02100103>再也不光顾了。<hex:02100103>　　　　　　　　——布里亚迪安
176,搭乘魔导机车大魔。<hex:02100103>使用了人造肌肉的新型魔导兵器。,哥布林族的技师将从基拉巴尼亚回收的帝国制魔导兵器的残骸进行修理改良后制造出的车辆。原本是自动驾驶的机器，但由于无法重现出自动驾驶功能，于是改造成了人工驾驶型。,现在撤退也来不及躲避了！<hex:02100103>全员集中火力攻击！在它自<hex:02100103>爆前破坏掉它！！<hex:02100103>　　　　　　　　　——劳班
177,骑上黑色胖陆行鸟。<hex:02100103>贪吃的黑陆行鸟的老大。说吃就吃，说到做到。,贪吃的黑陆行鸟的老大。最喜欢油炸食品，在不断地胡吃海塞下身体变得如此巨大。还有小道消息说其真身并不是陆行鸟而是某一类妖灵生物……,不过，我写下的那些情报中，<hex:02100103>有些地方是难以靠人力到达的。<hex:02100103>需要乘坐黑陆行鸟之类的坐骑。<hex:02100103>　　　　——凯斯特·艾恩哈特
178,骑上火巨人。<hex:02100103>全身被火焰般的皮毛覆盖的巨兽。,全身被火焰般的皮毛覆盖的巨兽。原本只是随处可见的雪人，但在涌火地带强烈的火属性之力的影响下获得了火焰的魔力。一般都是十分凶暴的个体，但若是能使其屈服的话就能够驾驭对方。,冒险者，拜托你了！<hex:02100103>请、请你打倒那些雪<hex:02100103>人吧！<hex:02100103>　　　　——僵尸绅士
179,搭乘改良型魔导机车大魔。<hex:02100103>使用了人造肌肉的新型魔导兵器。,哥布林族的技师将从基拉巴尼亚回收的帝国制魔导兵器的残骸进行修理改良后制造出的车辆。外壳改为了更加坚固的高强度陶瓷合金，增加的重量由加大了人造肌肉的输出来平衡，由此维持最高速度。,哥布林装甲是帝国制<hex:02100103>魔导兵器的改造机！<hex:02100103>　　　——霍尔皮克斯
180,骑上帝王仙人刺。<hex:02100103>仿照曼德维尔金碟游乐场制作的飞行仙人刺雕像。,仿照曼德维尔金碟游乐场制作的飞行仙人刺雕像。正如其帝王之名，飞向空中的姿态威风凛凛。至于为何金碟游乐场的外形是仙人刺形状的这一点没有人知道。,……仙、仙人刺先生？<hex:02100103>您到底在说些什么？！<hex:02100103>　　　　　　——奥利尔
181,骑上九尾神威。<hex:02100103>通过东方传来的魔笛召唤出的幻兽。,东方地域传说中的幻兽。收服了数匹神威的英雄吹响魔笛之时便会现身，引导其通往天上的世界。身姿与同为九尾狐狸的玉藻御前十分相似，这究竟是不是偶然呢？,啊，玉藻御前大人……<hex:02100103>真想在这条命消逝之前，<hex:02100103>再见您一面……<hex:02100103>　　　　　　　　——管狐
182,骑上青君神威。<hex:02100103>被青龙灌输了神通力的巨狼。身披云水翱翔天际。,被四圣兽之青龙灌输了神通力的巨狼，周身缠绕着青色的云水。它大概是被人类所抛弃了，青龙将其苏生后化为了现在的样子。,我将其命名为青龙壁，<hex:02100103>正如东方的守护者青龙<hex:02100103>一般。<hex:02100103>　　　　　　　——飞燕
183,骑上战虎。<hex:02100103>经过训练适应了战斗的军剑虎，有着军刀般的长牙。,经过训练适应了战斗的军剑虎。最值得注目的就是它那犹如军刀般的长牙，军剑虎之名也因此由来。训练军剑虎是一件非常困难的工作，需要从幼崽时期开始进行培养训练，最终才能成为骑乘兽。,噗噗噗！有老虎！<hex:02100103>　　　——鲶鱼精
184,骑上优雷卡盐蓝燕。<hex:02100103>学名海燕的水生物。在空中优雅地飞舞。,从博物学上看应当是海参的近亲，但有着如同翅膀一般伸展开来的蓝色的鱼鳍，身姿十分优美，因此经常被比喻为燕子，有时也会被称为青蓝天使。但事实上是会连有毒生物也一起吞下的凶猛食肉捕食者。,小燕子愿不愿意<hex:02100103>嫁给我呀？<hex:02100103>　　　　——神威
185,搭乘魔导复仇者寒冷地区特制型。<hex:02100103>哥布林族改良过的帝国制无人魔导兵器。,哥布林族改良过的帝国制无人魔导兵器。为了能在寒冷地区使用，增加了生命维持装置。外界气温下降到一定程度时，拘束驾驶员的操纵臂会自动开始加热，以此来保温。其“雪人”的外号来源于白色的涂装。,但后来统帅奎克辛克斯抢<hex:02100103>走了我的设计，将机车改造成了兵器哥布林坦克。<hex:02100103>　　　　——斯提克奇克斯
186,骑上半灵奥兹玛。<hex:02100103>巴尔德西昂委员会的研究员制造的奥兹玛原型的仿制品。,巴尔德西昂委员会的研究员在研究针对奥兹玛原型的策略的过程中制造出的仿制品。根据他们的见解，玛哈的黑魔法师创造出的奥兹玛是将奥兹玛原型用魔法再现出的兵器。,巴尔德西昂委员会总部<hex:02100103>竟然消失了……这到底<hex:02100103>发生了什么？<hex:02100103>　　　　　——敏菲利亚
187,骑上阿马罗。<hex:02100103>在诺弗兰特全域获得广泛运用的飞行兽。,在诺弗兰特全域获得广泛运用的飞行兽。古代隆卡帝国的魔法师们用魔法对家畜进行品种改良后的产物，偶尔会出现继承了古代血统拥有高度知性的个体。此外原种的卡玛并不具备翅膀与飞行能力。,用金属制作的阿马罗？<hex:02100103>做出来干什么用啊？<hex:02100103>　　　　　——伊奥拉
188,乘上气垫船。<hex:02100103>在水晶塔被发现，中庸工艺馆进行了修复的机械。,在水晶塔被发现，中庸工艺馆的匠人们进行了修复的浮行式移动机械。本身是皇族的超豪华座驾，但却被乘完后丢在了某个洞穴的门口。不得已用飞空艇进行回收后一直被存放在水晶塔的机库里。,驾驶气垫船的事情就交<hex:02100103>给我吧。<hex:02100103>　　　　　——桑克瑞德
189,骑上仙子玲龙。<hex:02100103>用充满了缇坦妮雅魔力的魔笛召唤出来的魔法生物。,用充满了缇坦妮雅魔力的魔笛召唤出来的魔法生物。据说这个魔笛是古代魔法师为了再现架空的生物“龙”而制作出来的。,我没想到你会带人来噗。<hex:02100103>总之你是来听关于龙族<hex:02100103>的传说的吧噗？<hex:02100103>　　　　　　——鱼道
190,骑上三角龙。<hex:02100103>有着三根角的古代兽，已经配好了魔法浮游鞍。,有着三根角的古代兽。其背部配有运用了隆卡文明术式的魔法浮游鞍。据说是狂热兵团的创立者——莫古力族的纳兹将探索古代遗迹时发现的东西进行调整之后得来的。,憧憬着冒险者的莫古力们，<hex:02100103>跑到住着凶暴龙族的<hex:02100103>竖骨岛冒险去了库啵！<hex:02100103>　　　　　　——莫古力
191,骑上青蛙号M。<hex:02100103>矮人族的工匠制造的中型自走人偶。,矮人族的工匠制造的中型自走人偶。设计成用于日常使用的机体，因此对脚部周围进行了强化，并且搭载了可供飞行的推进装置。可是其制造方法根据村规被视为机密不得公开。,啦哩吼！<hex:02100103>——矮人族
192,骑上无瑕玲龙。<hex:02100103>用充满了无瑕灵君魔力的魔笛召唤出来的魔法生物。,用充满了无瑕灵君魔力的魔笛召唤出来的魔法生物。其光辉让人联想到无瑕灵君的身影，不过这个个体当然不是食罪灵。,为了屠龙而寻找龙族踪迹<hex:02100103>的经验我有很多。<hex:02100103>　　——雅伯里克·贝尔
193,躺上魔法飞床。<hex:02100103>施了魔法的飞天睡床。,施了魔法的飞天睡床。孚布特王国时代一位绝对不想离开床铺的王族找人设计制作的魔法床。做成后懒惰的王族由于支付不起相应的代价而上了天。,睡觉的时候忽然就被拐<hex:02100103>走了……<hex:02100103>　　——被囚禁的冒险者
194,骑上大陆之眼。<hex:02100103>大陆马戏团饲育的妖异冥鬼之眼。,大陆马戏团饲育的用于表演的妖异。本来期待它能用恐怖视线来从人们那里收集恐惧之力，可是它却好像没有这方面的才能。现在成为了尊敬的冒险者的侍从。,没想到真的是你。<hex:02100103>……伊达的眼神真是<hex:02100103>好得惊人啊。<hex:02100103>　　——雅·修特拉
195,骑上金斗云。<hex:02100103>东方的仙人创造的秘术，能够创造出魔法的云朵。,据说在东洲奥萨德大陆的边境山中居住着仙人，金斗云正是由这个仙人创造出来的秘术。用魔力将云朵聚集成型，便可乘坐在上面飞翔于空中。散发着金色的云朵传说能给乘坐者带来财运。,嘁嘁嘁……好厉害！<hex:02100103>俺还是头一次来云上！<hex:02100103>　　　　　——好身手
196,,,
197,骑上斗虎。<hex:02100103>经过训练适应了战斗的军剑虎，获得了新的利剑。,经过训练适应了战斗的军剑虎。在北洲伊尔萨巴德的博兹雅地区有一种传统，这种兽会作为军用兽与步兵部队一起同行。这种部队的士兵们很亲切地将自己的搭档称为“猫咪”。,这毛真是又洁白又美丽——<hex:02100103>不愧是名为白虎的瑞兽——<hex:02100103>　　　　　　　　——算盘
198,,,
199,,,
200,被魔界花卷走。<hex:02100103>拥有血盆大口的草木纲魔物，隐隐约约有些臭味。,原本是天青斗场为了举办假面狂欢而购入的魔物，可是没想到其性格意外的随和，以至于无法派上用场。为此特地转交给了青魔法师行会，但因为其臭味微弱也无法用于学习青魔法“臭气”，于是最终被当成了坐骑。,居然是魔界花？！<hex:02100103>　　　——帕帕力莫
201,骑上猪大仙。<hex:02100103>为骑乘而制作的仙子猪，身上有香肠的味道。,恩莫族的拉各·因克制作的骑乘用仙子猪。非常喜欢香肠的味道，没事就会跑进熏制室，所以身上会有香肠的香味。虽然骑起来很舒适，可总会让人感到饥饿。,那个恩莫族就是仙子猪<hex:02100103>的主人？呜哇，他看上<hex:02100103>去好像很生气啊……<hex:02100103>　　　　——特纳缇乌
202,乘上厄毗米修斯。<hex:02100103>加隆德炼铁厂重现的帝国制魔导兵器。,加隆德炼铁厂依照拂晓血盟的谍报人员从帝国带回来的设计图再现出的魔导兵器。不过，设计图的情报有欠缺，按照推测摸索制造的结果，使得该兵器变成了小型的单人车辆。,好吧……<hex:02100103>启动魔导兵器！<hex:02100103>　　——劳伦修斯
203,乘上墨诺提俄斯。<hex:02100103>加隆德炼铁厂试作的帝国制魔导兵器。,加隆德炼铁厂试作的魔导兵器。通过分析制作厄毗米修斯时的数据，再进行微微改良后，使得该魔导装甲乘坐变得更加舒适且容易量产，稍微遗憾的是没能提高最大速度。,看上去应该不是<hex:02100103>加雷马帝国的魔导兵器……<hex:02100103>　　　　　　　　　——西德
204,操纵建筑7号。<hex:02100103>地灵族制造的装甲巨兵，之后被黑涡团缴获。,地灵族制造的装甲巨兵。其本体并非机械而是一种穿着甲胄的巨像兵。黑涡团在与地灵族的一场战斗中将其缴获，经过纳尔迪克&威米利作坊的修理后，将其提供给了冒险者部队。,原来是这样，又被<hex:02100103>地灵族袭击了啊。<hex:02100103>真让人头疼……<hex:02100103>　　　——阿纳奥克
205,骑上暗影玲龙。<hex:02100103>用充满了哈迪斯魔力的魔笛召唤出来的魔法生物。,用充满了哈迪斯魔力的魔笛召唤出来的魔法生物。这应该是爱梅特赛尔克打发时间时创造出来的魔法生物。曾经的古代人可以随意创造出这种级别的生物。,我们的记忆……执着……<hex:02100103>希望……绝望！<hex:02100103>　　　——爱梅特赛尔克
206,骑上搬运魔石精。<hex:02100103>巨大的魔石精。不喜欢搬运矿石和蛋，只喜欢搬运人。,很少见的巨大魔石精。因为吃了太多矿石导致身体变得巨大，结果卡在了狭小的坑道中，在被路过的采矿工救出之后，便为了报恩开始搬运人们。最近它变得更加喜欢搬运人了。,那个魔石精是个<hex:02100103>聪明又温柔的好孩子啊。<hex:02100103>　　　　　　　　——凯夏
207,骑上得到宽恕的沉默。<hex:02100103>非常罕见的温和食罪灵，沉默地运送主人。,在游末邦地下室发现的食罪灵。听到传闻的狂热兵团的怪物猎人们为讨伐前往了地下室，发现它不仅不抵抗，还非常顺从。所以变成了骑乘用的食罪灵。,那也是食罪灵！<hex:02100103>而且应该很强！<hex:02100103>　　　——阿莉塞
208,骑上长颈驼。<hex:02100103>生息在阿巴拉提亚云海的浮岛上的百兽纲草食野兽。,想吃相邻浮岛上的树叶时，不小心踩空掉下去的长颈驼。在掉落途中，散发出不想死的强烈思念后，觉醒了隐藏于身的才能，可以操控风属性以太在空中自由飞翔。当然，这都是传说。,别磨蹭，快点去观<hex:02100103>察长颈驼的全身。<hex:02100103>　　　——阿特鲁纳
209,骑上白化黑羊。<hex:02100103>一身白毛的黑羊，或许就是白羊吧。,在艾因哈特家领地饲养长大的羊。本应该是一身黑毛的黑羊，结果却长着一身白毛。因为太过稀有，所以人们没有吃掉它，以至于长到现在，体型大到能载人。,喜欢羊毛和羊奶的孩子们<hex:02100103>一定会非常高兴的！<hex:02100103>　　　　　——乌因·尼伊
210,,,
211,骑上巫菲提。<hex:02100103>栖息在云冠群岛的人猿，曾被人们肆意猎捕。,栖息在云冠群岛的人猿，曾被人们肆意猎捕。它们有追随强者的习性。为了追随当年打倒自己的强者，巫菲提学会了如何乘坐云海之风，离开了云冠群岛踏上了旅途。,云冠群岛是危险的暗礁空域。<hex:02100103>如果没有相应的实力，<hex:02100103>或许都无法活着回来。<hex:02100103>　　　　　 　——雅克瓦妮
212,骑上恐爪龙。<hex:02100103>栖息在伊尔萨巴德大陆南部的肉食性蜥蜴。出人意外的是该生物具有不错的智力。,栖息在伊尔萨巴德大陆南部的肉食性蜥蜴。属于常见于黑衣森林的盗龙的近亲。常常两只一组结伙进行狩猎，有着不符于外表的智力。为此常有人将其训练后用于战斗或骑行。,哎呀，真好！<hex:02100103>不但可爱还真聪明！<hex:02100103>　　　　　　——观众
213,骑上劳动十四号。<hex:02100103>从帝国军第四军团手中俘获的古代兵器。我可是非常快！,帝国军第四军团从机工都市高古的遗迹发掘出来的被称为劳动型铁巨人的古代兵器。帝国军将其进行了改造加强了战斗力。像这样的机体全都改装了帝国样式。,“我可是 非常 厉害！”<hex:02100103>       　——劳动八号
214,骑上王孔雀。<hex:02100103>源自奥萨德次大陆的大型鸟，羽毛非常美丽。,孔雀是捕食毒虫的益鸟，加上其雄性的羽毛非常美丽，在近东至东方地区自古以来都被视作珍禽。王孔雀则是将源自奥萨德次大陆的孔雀用风水术改良后得到的大型品种。,我想像曾祖父一样，用<hex:02100103>风水术给人们带去幸福！<hex:02100103>　　　　　　　——旭峰
215,骑上水蛇大人的罐子。<hex:02100103>明明是一个空罐子，可不知为何装不进东西。,明明是一个空罐子，当奏响了罐子中的魔笛后，就变得装不进东西了。就算再怎么调查，也得不到答案。水蛇大人就是如此神秘。,就让某等一起<hex:02100103>追随水蛇大人的脚步吧！<hex:02100103>　　——其嗒卢利·那嗵栌
216,骑上无齿翼龙。<hex:02100103>维持着自古以来的形象的甲鳞纲生物。,在云冠群岛捕获的甲鳞纲生物。依靠着吃投弃在恩惠号的兽骨和剩饭为生，因此也慢慢变得亲近人类。如今，还会同意习惯了云海冒险者骑在自己背上。,圣龙大人一定是到云<hex:02100103>海下面去了库啵。<hex:02100103>　　　　　——莫古唐
217,骑上红宝石玲龙。<hex:02100103>用充满了未知蛮神魔力的魔笛召唤出来的魔法生物。,用充满了疑似被红宝石神兵吸收的未知蛮神魔力的魔笛召唤出来的魔法生物。拥有类似甲壳的红色装甲。不知为何，好像有人将魔笛的知识共享给了所有召唤者。,她已经没了人形！<hex:02100103>跟红宝石神兵的内核<hex:02100103>完全融合了！<hex:02100103>　　　　　　——西德
218,骑上弓鲛。<hex:02100103>龙卷鲨的近亲，可以操控风属性以太飞在空中。,龙卷鲨的近亲，腹部的操魔器官可以操控风属性以太使自己飞在空中，以捕食云海的鱼和鸟。头部的四片鱼鳍可以改变风的流向，同时就能改变自身飞行的方向了。,这、这是云海鱼吧，<hex:02100103>看上去可真美味啊！<hex:02100103>　　　——维伊·亚福
219,骑上拉姆。<hex:02100103>对伊甸生成的小结晶注入魔力后召唤出来的魔法生物。,构想请神副产物的小结晶，注入魔力后会召唤出魔法生物。召唤拉姆时残留的雷属性以太，在召唤希瓦时被排出，瞬间形成了小结晶。正因如此，才会是拉姆的外形吧。,我名拉姆……就由我来<hex:02100103>测试你们到底是否有资<hex:02100103>格开拓崭新的世界……<hex:02100103>　　　　　　　——拉姆
220,骑上红电气宝石兽。<hex:02100103>解开红电气石奥秘的魔纹所孕育出的用于骑乘的魔法生物。,自称天才秘术师的乌兰创造出的用于骑乘的魔法生物，运用了培育大型宝石兽“钻石”所积累的知识。由于宝石兽的核心使用了大颗的红电气石，所以即使不是秘术师也可以将其召唤出来。,又让宝石兽给逃了……<hex:02100103>　　　　　　——塔塔露
221,,,
222,乘坐陆行鸟篷车。<hex:02100103>由陆行鸟牵引的浮空篷车。,由陆行鸟牵引的浮空篷车。大约在100年前，人们确立了借由填充青磷气体的气球，从而使货台浮空的技术。该技术的灵感来自黑衣森林的鸟人族所发明的装甲气球。,没想到陆行鸟篷车<hex:02100103>坐着比马车还舒服！<hex:02100103>　　　　 ——阳山
223,乘坐矮人战车。<hex:02100103>由沃茨之锤开发的车轮式装甲战车。,集结了沃茨之锤的最新技术，制造出了传说中的铁匠沃茨所设想的装甲战车。主体运用了矮人酒精式9缸星形引擎，并装配有用于对付食罪灵的可旋转魔装炮以及机械臂。,嘿嘿嘿！<hex:02100103>老长老们，怎么样！<hex:02100103>我们是在认真做战车的！<hex:02100103>　　　　　 ——罗尼图
224,乘坐加百列α。<hex:02100103>新型飞行魔导装甲“加百列”的缩小版实验机。,在开发新型飞行魔导装甲“加百列”的开发途中制造的缩小版实验机。据推测开发技术组在建造全尺寸的试作品前，曾用该机体验证空气阻力等特性。,看来您的内心<hex:02100103>比您表面上看起来<hex:02100103>要复杂得多啊。<hex:02100103>　　　 ——夕雾
225,骑上硕山羊。<hex:02100103>长有仿佛弯刀一样弯曲大角的食草动物。,长有仿佛弯刀一样弯曲大角的食草动物。原本栖息于北阿巴拉提亚山脉区域，在灵灾后迁移到了库尔札斯。是一种非常原始的古代种，据说某些极少的个体还觉醒了魔法的资质。,那座岛长角了呢。<hex:02100103>——娜修·玛卡拉卡
226,骑上光之玲龙。<hex:02100103>用充满了英雄以太的魔笛召唤出的魔法生物。,用充满了英雄以太的魔笛召唤出的魔法生物。据说在某个世界曾经的英雄为了打倒邪恶而在冒险途中可能将这样的生物作为了伙伴。可真相永远藏在光芒之中。,啊，如此庄严的光景……<hex:02100103>        　——异国的诗人
227,,,
228,坐上地缚猫沙发。<hex:02100103>以妖怪地缚猫的形象设计的不可思议的椅子。,以妖怪地缚猫的形象设计的不可思议的椅子。虽然是以地缚猫为原型，不过不知为何能够飞起来。据说坐上去的感觉超棒，不管是人类还是妖怪，只要坐上去都会变得懒洋洋的。,喵喵……<hex:02100103>呼噜呼噜呼噜……<hex:02100103>　　　 ——风筝猫
229,乘坐改良型魔导运输器。<hex:02100103>由魔导院开发的次世代运输平台。,由加雷马帝国魔导院开发的次世代运输平台。重新审视内部构造后改善了维护的便捷性。此外还精简了整体大约8%的重量，青磷水的燃烧效率也得到了进一步的提高。,哈哈哈……实验成功！<hex:02100103>——奥卢斯·玛尔·亚希纳
230,骑上艾尔·图。<hex:02100103>对制作产生了兴趣的龙族，其形态十分罕见。,对制作产生了兴趣的龙族。最初还是体型小巧的幼龙，最终完成了进化。为了适应工匠的工作需要，前肢的形状发生了变化，以便于使用工具。该形态的进化实属罕见。,哇，好厉害！<hex:02100103>不愧是艾尔·图！<hex:02100103>　　 ——奥迪隆
231,骑上英西塔土斯。<hex:02100103>受到某位女商人祝福的妖马，据说能懂人话。,受到了商人“罗薇娜”的祝福，过着非常奢侈生活的妖马。十分聪明并且被认为能听懂人话，还时不常地会竖起耳朵听库洛·阿里亚珀讲故事。据说不知何时起，它被冒险者的故事所吸引，决定要成为冒险者的跟班。,冒险者的故事<hex:02100103>还远远没有结束呢！<hex:02100103>　——莉娜·缪里拉
232,骑上雪人。<hex:02100103>在星芒节制作的雪人。在永久冰晶的作用下不会融化。,星芒节时期制作的雪人。在基拉巴尼亚地区，为了祈求寒冷与白雪能够带来恩惠，人们有使用初雪制作雪人的传统，这种文化后被星芒节吸收。这个雪人是用流传于格里达尼亚的幻术知识制作的。,她说想堆一个大大的雪人。<hex:02100103>　　　　　　　　——冒险者
233,乘坐真月魔导鲸。<hex:02100103>有着鲸鱼形状船体的魔导船。可供8人乘坐。,加隆德炼铁厂开发的魔导船。据说其鲸鱼一样的独特形状是模仿了在密西迪亚传说中登场的船只。包括驾驶员在内，可供8人乘坐，拥有超强的运载能力。,遥远的往昔，巨型鲸鱼<hex:02100103>从月球降临至此地……<hex:02100103>如今，它沉眠于龙的体内。<hex:02100103>　　　　——密西迪亚的传说
234,骑上伊甸。<hex:02100103>由伊甸内部回收的水晶所诞生的物体。,将魔力灌入从伊甸内部回收的水晶后，诞生出了该物体。虽然有着与伊甸本体相似的外表，不过这并不是食罪灵，当然也没有引发光之泛滥的危险。可能是像使魔一样的东西。,世界终焉之地、空无大地<hex:02100103>与最初的食罪灵伊甸。<hex:02100103>　　　　　　　　——盖娅
235,骑上刻耳柏洛斯。<hex:02100103>有着三个头的魔兽型妖异，被亚拉戈的技术所控制着。,被封印在第三星历时代遗迹的魔兽型妖异。原本就连高位的妖异都很难将其驯服，可经过亚拉戈制造的装置，如今已经被完全控制住了。,好可爱的狗狗！<hex:02100103>——娜修·玛卡拉卡
236,骑上大壳蟹。<hex:02100103>过度成长的壳蟹。每天都会为你干活。,某个贪心的卢恩族想要饱餐一顿，于是给予了壳蟹过量的食饵，可由于日久生情，最终还是没有吃掉它。其结果就是壳蟹被养得变大了很多，并学会了为人类干活。,好了……吃也吃饱了，<hex:02100103>也该带你去<hex:02100103>你的目的地了……<hex:02100103>　　　　　　——卡萨德
237,骑上阿里翁。<hex:02100103>通过来源不明的魔笛召唤出来的传说中的幻兽。,通过来源不明的魔笛召唤出来的传说中的幻兽。传说中大英雄的爱马，不论多么危险的地方，它都能带着骑手生还。据说如果没有如同太阳般的灵魂，它是绝对不会让骑手骑上背的。,嗯嗯，你克服了那个难题啊。<hex:02100103>再过不久就能看到马在<hex:02100103>沙漠荒野上奔驰的场景了吧！<hex:02100103>　　　　　　　　　——马奉行
238,骑上绿宝石玲龙。<hex:02100103>用充满了未知蛮神魔力的魔笛召唤出来的魔法生物。,用充满了疑似被绿宝石神兵吸收的未知蛮神魔力的魔笛召唤出来的魔法生物。拥有流线型的翠玉色装甲。不知为何，好像有人将魔笛的知识共享给了所有召唤者。,以伟大魔法文明为豪的隆<hex:02100103>卡将翡翠视为魔力的象征，<hex:02100103>有着重要的意义。<hex:02100103>　　　　　　　　　——琪梅
239,搭乘原型魔导机车大魔。<hex:02100103>使用了人造肌肉的新型魔导兵器。,哥布林族的技师将从基拉巴尼亚回收的帝国制魔导兵器的残骸进行修理改良后制造出的试验车辆。听说由于太过追求行驶速度，导致其拥有了自我意识。如果真是这样的话还挺可怕的。,请你去玛托雅的洞穴<hex:02100103>向她传达 哥布们<hex:02100103>的不满哥布！<hex:02100103>　　　——斯洛菲克斯
240,骑上巧克力小妖。<hex:02100103>成长到惊人体型的叶小妖。散发着淡淡的香味。,成长到惊人体型的叶小妖。为了给各个城市送去美味的巧克力，今天它也在打起精神四处奔波。浑身散发着淡淡的甜香味，只是遇见便会有种幸福的心情。,这香味……<hex:02100103>难道是巧克力？！<hex:02100103>　　　——卡尔瓦兰
241,乘坐加百列III号机。<hex:02100103>运用加百列实验机的缩小框架制造的机体。,运用了先行交货的加百列实验机的缩小版框架，经第四军团之手独自建造的机体。内部框架使用了会对驾驶员的魔力产生反应的素材，因此会发出亮光，但其详细原理仍然不明。,它用自己的生命点燃<hex:02100103>如太阳般耀眼的金色火焰。<hex:02100103>　　　　　　——异国的诗人
242,骑上雌羚羊。<hex:02100103>以动作迅捷而出名的食草动物。雌性拥有略带蓝色的皮毛。,主要栖息于草原地带的食草动物。在第七灵灾之前曾有众多的个体生活在山岳地区库尔札斯。人们为了获得羊肉和羊奶，不断尝试将其驯服作为家畜，可因为该生物性情多变，所以负责骑乘训练的人必须要有十足的耐心。,我的4个孩子都正在长身体<hex:02100103>的年龄，每天都只能吃羚羊<hex:02100103>那硬邦邦的肉也太可怜了。<hex:02100103>　　　　　　　——伊萨穆瓦
243,骑上雄羚羊。<hex:02100103>以动作迅捷而出名的食草动物。雄性拥有一对锐利的尖角。,主要栖息于草原地带的食草动物。由于动作迅捷，自古便被阿巴拉提亚的山岳人民当做坐骑。近几年随着古代魔法术式的普及，魔力充沛的骑手甚至能够使其翱翔于空。,幼年雄羚羊突然<hex:02100103>发狂似地成群袭来！<hex:02100103>　　——马克西米卢瓦
244,,,
245,骑上黑钢机龙连达巴非。<hex:02100103>传说中拥有钢铁之翼的机械龙。,传说中拥有钢铁之翼的机械龙。被认为是古代亚拉戈帝国为了对抗龙族而开发出的一种机械兵器，外观神圣且庄严。据说只有真正的英雄，才能骑到它的背上。,哇，你已经惩罚过他们了！<hex:02100103>你比蝾螈还快啊！<hex:02100103>　　　　　　　　——仙子族
246,乘坐王冠号。<hex:02100103>利用飞空石的力量浮空的空中摩托。可以供双人搭乘。,作为支援物资，芙兰为博兹雅义军带来的空中摩托。其飞行的动力源与浮岛的浮力源相同，都是一种被称作飞空石的水晶。该摩托的原名在古代伊瓦利斯语中意味为“王冠”，为方便大众称呼，改名为了王冠号。,我的名字是芙兰！<hex:02100103>　　　　　——芙兰
247,乘坐巡航驱逐者。<hex:02100103>青蓝之手开发的可变形士兵。能从人型变成飞空艇型。,将青蓝之手开发的可变形士兵进行调整后，改造成了可供骑乘的机体。能从人型的枪手形态变形成飞空艇型的射击形态。据说因其外形设计细心考究，所以加隆德炼铁厂模型师正打算将其模型化。,很好，<hex:02100103>总算抓到他的尾巴了！<hex:02100103>　　　　　——塞塞鲁卡
248,骑上建筑06S号。<hex:02100103>地灵族制造的装甲巨兵。已经改良成有人驾驶型。,友善的地灵族一派为了与人进行交易而制造并贩卖的装甲巨兵。除了采用利姆萨·罗敏萨的红色主色调进行涂装以外，还将推力增强了30%。只不过这不代表可以以3倍的速度前进。,这里可真是个壮丽的城邦……<hex:02100103>好多高大宏伟的建筑，<hex:02100103>简直令人目不暇接……<hex:02100103>　　　　　　　——阿尔达希尔
249,骑上钻石玲龙。<hex:02100103>用充满了未知蛮神魔力的魔笛召唤出来的魔法生物。,用充满了疑似被钻石神兵吸收的未知蛮神魔力的魔笛召唤出来的魔法生物。据残存于维尔利特的数据来看，该蛮神的召唤者很可能来自科尔沃人组建的抵抗势力。,找我有什么事吗？<hex:02100103>莫非是被我家美丽的<hex:02100103>“钻石”迷住了？<hex:02100103>　　　　　　——乌兰
250,骑上极地熊。<hex:02100103>从北洋而来的白熊。性情温柔的大力士。,从北洋而来的白熊。为了寻求冰品的材料，出发前往了北洋岛屿的糕点师内可可在当地给它喂食了点心，结果被它喜欢上了。除此之外，它对努力帮忙想要成功举办红莲节的冒险者也抱有好感。,控制了甜味的甜品？<hex:02100103>别开玩笑了。<hex:02100103>　　　　——梅露可可
251,,,
252,搭乘巨鲶鱼金轿。<hex:02100103>祭祀鲶鱼精的祖先巨鲶鱼大人的浮空前进式镀金神轿。,连续举办七年大鲶大祭需要庞大的资金支持，不过万幸的是，罗薇娜所著的«大商人论»中记载着解决问题的方法。想要大赚一笔的话，只要贩卖价值昂贵的商品就好了。那还有什么比附赠八位轿夫、全体镀金的神轿更完美的商品吗？,嘿哟！嘿哟！<hex:02100103>这个华丽的东西<hex:02100103>叫什么啊噗？<hex:02100103>　　　——鲶鱼精
253,骑上金蛇大人的罐子。<hex:02100103>明明是一个普通罐子，可不知为何散发着耀眼的光辉。,被人从隆卡遗迹盗挖出来之后，被卖到黑市的不可思议的罐子。只要吹响附赠的魔笛，这个罐子就会发出金色的光芒，同时里面还会填满东西。据说沐浴到金蛇大人神秘之光的人将会获得幸福。,水蛇大人是想说什么吗？<hex:02100103>　　——茶咕卢利·柯呫栌
254,乘坐魔法幻卡。<hex:02100103>最强雕金匠亲手制作的搭乘用幻卡。,艾欧泽亚最强的雕金匠戈德伯特·曼德维尔亲手制作的搭乘用幻卡。曼德维尔决定将这张亲手制作的幻卡赠与收集了众多幻卡并展现出对幻卡抱有真爱的人。此外在这位最强雕金匠的超绝技艺下，不知道为何这张幻卡居然会飞……,对了，<hex:02100103>要不要玩点什么<hex:02100103>打发一下时间？<hex:02100103>　　　——伊奥拉
255,骑上海岛蔓德拉。<hex:02100103>无人岛特产！在肥沃土地上成长的巨型蔓德拉。,无人岛特有的蔓德拉。出身西蔓德拉帝国的名门，海岛蔓德拉自幼受到肥沃的土地与明媚阳光的精心抚育，因此格外高大壮硕。然而，它的体型没能帮助它摆脱身为蔬菜的命运，海岛蔓德拉最终仍被迫走上了货架，成为了一件商品。,对于我们来说，<hex:02100103>森林中的一切<hex:02100103>都是大自然的恩惠。<hex:02100103>　　　　——背尔特
256,骑上海岛洋葱王子。<hex:02100103>无人岛特产！在肥沃土地上肆意生长的洋葱王子。,自称，无人岛蔓德拉们的王子。生在富足之家的洋葱王子自幼成长在溺爱它的双亲膝下，因而养成了它追求新鲜和刺激，四处惹是生非的性格。无法再坐视儿子胡来的国王最终做出决断，它忍痛把儿子送上了货架，卖给英雄当随从……以上这些为洋葱王子自述的来历。,由于他作恶多端，<hex:02100103>已被冒险者行会<hex:02100103>永久除名流放……<hex:02100103>　　　　——巴德龙
257,骑上海岛茄子骑士。<hex:02100103>无人岛特产！在肥沃土地上茁壮成长的茄子骑士。,自称，来自远方的蔓德拉骑士。不但与海岛番茄国王来自同一片产地，还与番茄国王在同一批次装箱出售。然而装有它们的木箱在航行途中偶然从商船上掉落，并一路漂流到了这座无人岛。它自称为西蔓德拉帝国的开国元老，以上这些为海岛茄子骑士自述的来历。,那些贵族老爷能当上<hex:02100103>贵族，是因为他们继承了<hex:02100103>建国十二骑士的血统。<hex:02100103>　　　　　　　——希尔达
258,骑上海岛蒜头明星。<hex:02100103>在肥沃土地上肆意生长的蒜头明星。,自称，来自远方的蔓德拉滑稽艺人。与海岛番茄国王在漂流时代相遇，为了打发漂流时的无聊，它不断地表演了许多小笑话。据说鉴于此功劳，在西蔓德拉帝国建国后，它被任命为了宫廷滑稽艺人……,呵呵……<hex:02100103>小丑将世界玩弄于股掌<hex:02100103>之中，还真是部喜剧啊？<hex:02100103>　　　　　　　——尼禄
259,骑上海岛番茄国王。<hex:02100103>在肥沃土地上肆意生长的番茄国王。,自称，来自远方的蔓德拉国王。虽然它出生在威尔布兰德岛，但在被装箱出售后，装有它的木箱在航行途中偶然从商船上掉落，最终漂流到了无人岛。据说它经历了荒岛严酷的挑战并战胜了贪婪的鸟类，赢得了岛屿蔬菜公主的芳心。随后它们建立了蔬菜王国——西蔓德拉帝国……,如果看到蔓德拉的苗，<hex:02100103>请不要客气把它们<hex:02100103>全拔出来！<hex:02100103>　——矮小的贸易人员
260,骑上海岛蔓德拉王后。<hex:02100103>在肥沃土地上肆意生长的蔓德拉王后。,自称，产自无人岛的蔓德拉王后。在与漂流到沙滩的年轻海岛番茄国王达成命运般的相遇后，它决定无视产地的不同与番茄国王结婚。据说它们将岛屿蔬菜全部作为了自己的臣下，建立了蔬菜国家——西蔓德拉帝国……,只能吃胡萝卜的生活，<hex:02100103>总感觉比萨雷安的<hex:02100103>饮食文化还要惨呢……<hex:02100103>　　　　　　——雏芥子
261,骑上永暗猞猁。<hex:02100103>永暗猞猁是一种身具星极性以太的幻想生物。,永暗猞猁是一种由以太构成的幻想生物，具有强大的星极性之力。它漆黑的翅膀会让人立刻联想到最古老最强大的蛮神佐迪亚克的宏伟姿态，但这并不能帮助人们弄明白是什么人创造了这种使魔。,思考……<hex:02100103>黑暗中继续<hex:02100103>前行的方法……<hex:02100103>　　　——海德林
262,骑上圣光猞猁。<hex:02100103>圣光猞猁是一种身具灵极性以太的幻想生物。,圣光猞猁是一种由以太构成的幻想生物，具有强大的灵极性之力。它纯白的翅膀会让人立刻联想到作为星球意志守护世界至今的海德林的神圣姿态，但这并不能帮助人们弄明白是什么人创造了这种使魔。,看来你选择了走到最后<hex:02100103>那就继续前进吧，<hex:02100103>超越我的力量！<hex:02100103>　　　　　　——海德林
263,骑上阿尔戈斯.<hex:02100103>使魔阿尔戈斯是一只毛发顺滑的金黄色大狗。,阿尔戈斯是由古代人维涅斯创造的使魔。对你来说，第一次见到阿尔戈斯是在月面的叹息海。对阿尔戈斯来说，却是早在厄尔庇斯就已经和你相识了。它在那个时候认识了你，见识了你的英姿，因此信任你愿意成为你的坐骑。,你也给它分配一点以太<hex:02100103>吧。这样阿尔戈斯出现<hex:02100103>的条件就集齐了。<hex:02100103>　　　　——月面监视者
264,骑上恐慌装甲。<hex:02100103>体验古代亚拉戈军工杰作。,恐慌装甲是古代亚拉戈帝国开发的军工机械。随着后续机型逐步更新，作为陆战兵器开发的恐慌装甲退居二线，转型成了工兵部队的主要重型机械。传说中曾经有一位少年骑着恐慌装甲在敌军中横冲直撞，将对方杀得溃不成军。,人类的友爱之举平息了<hex:02100103>我们的恐慌……<hex:02100103>　　　　——森林大元灵
265,骑上亚灵菲尼克司。<hex:02100103>以危险的创造生物菲尼克司为原型创造的幻体。,以菲尼克司为原型制作的幻体坐骑，菲尼克司是关押于万魔殿的危险创造生物之一。这种创造生物是在创造不死鸟的过程中诞生的产物，由于性格乖戾残暴，被评定为失败的创造生物。,这也太可怕了吧！<hex:02100103>啊，妈妈我好想<hex:02100103>回老家种田养鸡……<hex:02100103>　　　　　——西艾娜
266,骑上卡吕冬堤斯。<hex:02100103>这头性格暴烈的巨型野猪只服从于真正的英雄。,巨型野猪，曾是一方猛兽的王，作为君临在生态链顶端的怪物而凶名赫赫。附近的强大冒险者不堪其扰，召集伙伴打倒了这头巨型野猪。从那以后卡吕冬堤斯就学会了屈服，它只服从于最伟大的英雄，让英雄骑在它的背上，载着英雄横冲直撞。,喂，你打算去哪里呢？<hex:02100103>流沙屋不在那边，<hex:02100103>赶快回来。<hex:02100103>　　　　　——布布库里
267,骑上优胜犬。<hex:02100103>它是一条曾经荣获加雷马帝国猎犬协会金奖的大型军犬。,它是一只体型非常大的军犬。曾在加雷马帝国猎犬协会举办的大赛中赢得金奖，并因此受到了瓦厉斯皇帝的接见和表彰。不过大赛评价的是一条狗的体格、体态以及毛色和忠诚度，从来不曾评价过狗的战斗力，因此并没人发现它是一只心地善良不喜欢战斗的狗狗。你要骑它可以，让它打猎，那是万万不能的。,快上啊！<hex:02100103>上啊！<hex:02100103>　——红甲族软壳兵
268,骑上等级检测仪。<hex:02100103>一台充满了谜团的机器，自称能检测你的等级。,一台充满了谜团的机器，自称能检测你的等级。根据这台机器给出的报告显示，它第一次检测你时，你的最高等级是“90级”。不过也没人能够确认它说的是真的还是假的，倒不如说，它说的等级这个东西到底是什么？又是怎么规定的？,真弱……<hex:02100103>太弱了……<hex:02100103>　——兰吉特
269,骑上猴面爸爸。<hex:02100103>这只超大号的猴面雀是位伟大的父亲，含辛茹苦地拉扯着八个孩子。,特大号的猴面雀。它其实是一位抚养了八个孩子的父亲，为了养活孩子们，它不得不出来找工作讨生活。温柔的冒险者看出了它的难处，为了这些可爱的猴面雀孩子们能够健康茁壮地成长，选择了雇佣这位伟大的父亲担当自己的坐骑，还特别允许了它带着孩子们来一起上班。,父亲，好厉害，<hex:02100103>好厉害！<hex:02100103>　　　——吉吉
270,,,
271,,,
272,,,
273,骑上犀蜴。<hex:02100103>原产西方新大陆的四脚兽。,原产西方新大陆的四脚兽。虽然犀蜴是一种非常凶猛难以驯化的动物，但辉鳞人已经掌握了饲养犀蜴的方法。驯化过的犀蜴既可以驮运活物也可以当坐骑载人，得益于它们与生俱来的巨角以及强大的冲刺冲击能力，犀蜴也能成为一种很好的攻城兵器。,哇啊！<hex:02100103>这可、受不、了！！<hex:02100103>　——凶猛的辉鳞人
274,骑上仙子猪大王。<hex:02100103>大型猪使魔，散发着最鲜香可口的美味厚切培根才有的香味。,大型猪使魔。猪大王是仙子猪量产计划的副产物，非常不幸地并没有治疗被精炼者的能力。人们本着不浪费一口粮食的精神，仁慈地给了它一个新的去处。于是猪大王被打扮一新，成为了冒险者你的坐骑。,将肉先用盐腌一下，然后<hex:02100103>再用烟熏一下，就能做好熏肉了，<hex:02100103>不仅好吃还能放很长时间是也。<hex:02100103>　　　　　　——柯呫卢利·帕嗦梸
275,,,
276,,,
277,骑上加隆德GL-II。<hex:02100103>加隆德炼铁厂研发的试验型魔导两轮车。,这辆魔导两轮车是加隆德炼铁厂开发的新型试验车，用于探索新时代的崭新移动方式。加隆德GL-II搭载了小型的双向双汽缸青磷引擎，实现了极其强劲的动力表现。即使是无人岛这样不甚平整的地面也能从容应对，如履平地。,跨越艰难险阻<hex:02100103>抵达秘境的人<hex:02100103>才能被称为探险家。<hex:02100103>　——凯斯特·艾恩哈
278,,,
279,骑上机巧莲座。<hex:02100103>有着莲花外形的移动机关座椅。,神秘的技术集团“鬼师众”制作的移动机关座椅。在东方地区，莲花是纯真洁净的象征，甚至带有一点神圣的色彩。对其他地区的人来说，看到莲花总会有一种神秘的感觉。这个坐骑也充分表现了这一特点，制造方法严格保密，处处散发着神秘的气息。,我们鬼师众继承了被时代<hex:02100103>所葬送的禁忌知识，以及<hex:02100103>遗失的古代亚拉戈帝国的<hex:02100103>技术。<hex:02100103>　　　　　　　　——九星
280,骑上菲尔亚。<hex:02100103>菲尔亚是诗龙拉塔托斯克的眷属，偏爱在战斗中大放异彩的英杰。,作为诗龙拉塔托斯克的眷属，菲尔亚就像祖先一样喜爱人类。它曾奔走于各地，寻找一位值得为之编织龙诗的人物。菲尔亚终于在一场战斗中找到了值得瞩目的耀眼英杰，英杰热火朝天的战斗也感染了菲尔亚。于是，这位诗龙的眷属怀揣着热情追随心中的英雄踏上了路途。,真是精彩！<hex:02100103>想不到你战斗能力如此之强，<hex:02100103>真不错！<hex:02100103>　　——负责战斗生物的观察者
281,骑上阿尔科诺斯特。<hex:02100103>原产伊尔萨巴德北部的怪鸟，有着鹿一般的角和蹄。,原产伊尔萨巴德北部的怪鸟。这一头是人们在博兹雅的旷野中捕获的。它在诸多收藏家间辗转了一阵后才重获自由，据说这头怪鸟被抓住时就不怎么抗拒人类的接触，因此也有人认为它可能原本就是帝国军的驯兽师驯养的魔兽。,乖乖，乖孩子！<hex:02100103>　　　——魏吉
282,骑上海岛水牛。<hex:02100103>不知从何时就赖在开拓据点不走的温和水牛。,不知从何时就赖在开拓据点不走的水牛。看样子应该是以前海盗们作为食用肉带来的家畜重新回归到了野外。只要有吃的，它愿意让任何人骑在自己的身上。这种宽广的心胸好像就是它的特点。,冒险者大人，<hex:02100103>实在不好意思，<hex:02100103>能请你去讨伐大水牛吗？<hex:02100103>　　　　　——佩·艾巴罗
283,骑上腕龙。<hex:02100103>只能在少数秘境中找到的超大型古代生物。,前往秘境探索的探险家和冒险者在极其偶然的情况下才有缘一见的超大型古代生物。这条腕龙原本是某位怪物猎人从秘境中带回的一颗蛋。它孵化成幼龙后决心要踏上旅途，因此正在寻找一位值得它追随的主人。,这孩子的妈妈——<hex:02100103>走散的妈妈——<hex:02100103>谁家女儿丢了！<hex:02100103>　　　　——洛朗桑
284,吊挂在辅助机602上。<hex:02100103>机械遗迹中发现的白色随行辅助机。,在机械遗迹最深处发现的小型白色机械。作为寄叶机体的随行辅助机，它的主要功能之一就是增加寄叶机体的机动性，运载机体跨越复杂地形。因此，挂着一个人飞来飞去姑且算符合这款机器的设计目的。,用这个辅助机<hex:02100103>就可以去对面了！<hex:02100103>　　　　——阿诺古
285,骑上月面跃动机。<hex:02100103>用协助机改造成的可爱机械。,发明威开发的改良型协助机。除了坐骑的功能，还增设了扩音器，可用于播放梦明威选择的奇迹曲目。只要听了这些曲目，不知道为什么就会高兴起来。,哎呀呀，我就说<hex:02100103>怎么这么热闹……<hex:02100103>原来是你们啊。<hex:02100103>　　——埃德蒙伯爵
286,骑上海岛短吻鳄。<hex:02100103>海岛短吻鳄对自己的珍贵有一种矜持。,这鳄鱼到底是从哪里游过来的？总之是不知何时就来到了无人岛上生活的短吻鳄。它对自己是无人岛上少见的短吻鳄一事颇有自觉，并且还产生了相应的高贵和矜持。话虽如此，如果能向众人展现它高贵的身姿，那么被人骑在背上也没什么不可以的，它好像是这么个意思……,虽然不管几次都可以<hex:02100103>再骑上去，但也不要<hex:02100103>太为难它了。<hex:02100103>　　　　　——养虫子
287,骑上河马车。<hex:02100103>是悌阳象族的年轻人想到的方案，让河马拉着二轮车前行。,由万相森国的巨大河马拉着的二轮车。悌阳象族的年轻人受陆行鸟篷车启发想到的方案。车上不仅装有遮阳布，还运用了科尔沃的飞天绒毯技术，所以该河马车甚至能在天空中行驶。,他说是因为受不了陆行鸟的臭味，<hex:02100103>所以硬是不肯坐上陆行鸟篷车。<hex:02100103>　　　　　　　　　　　——宝山
288,骑上巨魔。<hex:02100103>生活在北洋地区的巨大野兽。外表粗狂，智慧非常。,生活在北洋地区的巨大野兽。与它粗狂外貌相对的是它远超预想的智商。据说萨雷安曾在殖民城市中开启过一项教导巨魔手语的研究计划。这一只巨魔被认为是当时的实验体之一，人们觉得手语实验就是这只巨魔会对人类如此友好的原因。,它们似乎很开心啊。<hex:02100103>因为不会说话，所以它们<hex:02100103>会坦率地用行动来表示心情。<hex:02100103>　　　　　　　　——赫尔墨斯
289,,,
290,“搭乘”不明飞行物体？<hex:02100103>神秘飞行物体的复制品。,外星人可幽可幽搭乘的宇宙飞船……的复制品。然而并不具备以复制功能为代表的外星高科技，因此并不能将肉体缩小后搭乘在内部，只能通过反重力光线将人吸起来的方式“搭乘”。,没错，这是一起外星人<hex:02100103>绑架案！<hex:02100103>　　　　　　——德里昂
291,骑上醋蝎龙。<hex:02100103>大型肉食性甲鳞纲野兽，下颚宛如利爪。,一种肉食性的大型甲鳞纲野兽，它的下颚宛如利爪般可怖。这种肉食动物被龙族收纳为眷属的例子很多，而被人类驯化为骑兽的例子非常少。不过，近几年有拾穗人研究出了一套训练醋蝎龙运送货物的方法，冒险者才能得到这样一只坐骑。,对对对，去那边玩吧！<hex:02100103>真是个听话的乖孩子……<hex:02100103>　　　　　　　　——莫特
292,骑上正统裂钳蟹。<hex:02100103>在正统优雷卡发现的裂钳蟹。,在正统优雷卡发现的裂钳蟹。亚拉戈时代的研究者在它的身上进行了增加甲壳硬度的魔法，不过实验似乎没有成功。然而，可能是魔法实验的副作用吧，它因为未知的原因而得到了飞行能力。,嗯……<hex:02100103>应该可以飞起来了。<hex:02100103>　　　　　　——西德
293,骑上蓝羽猞猁。<hex:02100103>蓝羽猞猁是一种具有不可思议力量的幻想生物。,蓝羽猞猁是一种由潜能量构成的幻想生物。讴歌终结之物创造了蓝羽猞猁，可它被创造出来的目的却很难确定。或许它只是一份谢礼吧，讴歌终结之物用它来感谢无数次跨越了终极的冒险者。,谢谢……谢谢你！<hex:02100103>我想更加感谢、但是不会说！<hex:02100103>真是、让人着急！<hex:02100103>　　　　　　　　——梅蒂恩
294,骑上大大柴。<hex:02100103>健康茁壮地进入成年的柴犬。,曾经有一些黑心商人，把柴犬的幼犬当做不会长大的豆豆柴四处贩卖。等到受骗上当的冒险者反应过来，“豆豆柴”已经长成了这般英武的大狗。不过，无论小狗长到了多大，冒险者对它的爱都没有丝毫变化。倒不如说，正因为它长得这么大了，才好让“大大柴”成为自己的坐骑一起冒险。,这、这圆圆的大眼睛……<hex:02100103>呜呜、太、太可爱了！<hex:02100103>　　——喜欢美食的矮人
295,,,
296,,,
297,骑上旅行协助机。<hex:02100103>利用了高科技制造的二足步行协助机。,利用了高科技制造的二足步行协助机。城邦军事同盟的物资筹集人员在加尔提诺平原发现了四处彷徨的该机体并将其回收。虽然外表酷似古代亚拉戈文明的机械步兵，但通过观察能发现它曾被人改造过的痕迹。,真没想到，<hex:02100103>竟然是协助机干的……<hex:02100103>　　　　　　——观行威
298,骑上缪·缪咻。<hex:02100103>缪·缪咻是诞生于天外天垓的全新生命，众生眼中的希望之子。,缪·缪咻是生活在新星至福乐土的潜能量生命体。它诞生于异亚族的思想之中，有着水母般的半透明肉体，并拥有驱使发射闪电的能力。有着旺盛好奇心的缪·缪咻使用心中的小宇宙与其他生命接触、交流思想时，似乎能获得无比纯粹的喜悦。,这次轮到我们<hex:02100103>为了未来的星球<hex:02100103>去传递希望了。<hex:02100103>　　　——查明威
299,骑上幻奇猎鹰。<hex:02100103>受到某位女商人祝福的猎鹰，据说它很喜欢奇谈书里的故事。,受到了商人“罗薇娜”的祝福，过着非常奢侈生活的大隼。能够听懂人话的它每天最期待的就是库洛·阿里亚珀讲的故事了。幻奇猎鹰自诩为故事中那位英雄的搭档，和它有着同样境遇的妖马英西塔土斯被它视为争夺这个位置的有力对手。,原来如此，<hex:02100103>和姐姐一起工作的<hex:02100103>搭档就是你啊。<hex:02100103>　——库洛·阿里亚珀
300,乘上魔法雨伞。<hex:02100103>某位魔女制作的飞天魔法雨伞。,某位年事已高的魔女年轻时制作的飞天魔伞。当时她为方便潜入封闭的迦巴勒幻想图书馆，特意选用了能与夜色融为一体的黑色雨伞进行创作。看来这位魔女在年轻时就已经是现在这般充满叛逆的性格了。,没人教过你们敲了门再<hex:02100103>进是最基本的礼仪吗？<hex:02100103>　　　　　　——玛托雅
301,乘上魔法阳伞。<hex:02100103>某位魔女制作的飞天魔法阳伞。,某位年事已高的魔女年轻时制作的飞天魔伞。当时她为了赚取魔法研究经费，特意选用了时下流行的粉色阳伞进行创作。可惜由于需要优秀的魔力和握力才能掌控这把伞飞行，她没能如愿以偿。,你一定要保重自己的身<hex:02100103>体，知道了吗？<hex:02100103>　　　　　　——玛托雅
302,骑上幻象闪电。<hex:02100103>驯鹿闪电创造的幻象驯鹿，为众人带来快乐。,来自萨雷安的驯鹿闪电为了心意相通的冒险者创造的幻象。无论是外形细节，还是给孩子们创造礼物幻影的能力，每一处都与原型一模一样。这莫非也是星芒节奇迹的一部分？,冒险者的神速居合快如闪电，<hex:02100103>将冰冷的空气撕裂了一遍又一遍！<hex:02100103>　　　　　　　　　　——莫莫吉格
303,坐上希拉狄哈的王座。<hex:02100103>于希拉狄哈遗迹深处发现的飞天魔法王座。,这尊被认为是备用品的王座发现于与地下水道相通的希拉狄哈遗迹的一角。不知是受到了亡国的希拉狄哈人的怨念加持，还是原本就配置了用以飞行的魔法，这尊王座能随着主人的想法自由浮空飞行。,只要您继任王位，<hex:02100103>必然是一呼百应。<hex:02100103>　——西尔韦特雷尔
304,骑上羽衣精。<hex:02100103>曾侍奉于乌尔达哈王家，专职清扫王宫的清洁使魔。,冒险者在希拉狄哈水道的深处发现了这只神秘的魔法生物。羽衣精其实是已故的娜娜夏·乌尔·娜夏王妃创造的使魔，喜爱干净的王妃还在世时，总会指派羽衣精打扫乌尔达哈王宫的角角落落。又及，羽衣精身后的那个绒球才是它本体。,那个使魔的以太……<hex:02100103>朕不会认错，是母后的以太……<hex:02100103>　　　　　——娜娜莫·乌尔·娜莫
305,骑上炎灵兽。<hex:02100103>赫淮斯托斯创造的火炎幻想生物。炎灵兽的火焰从不会伤害它的主人。,赫淮斯托斯创造的火炎幻想生物。炎灵兽的体内包含了“飞蛇”和“不死鸟”两种幻想生物的理念，能够根据所处位置的不同改变自己的形态适应当前状态。它的火焰从不会伤害到被它视为主人的生物。,令人心神宁静的以太……<hex:02100103>你果然就是我的主人。<hex:02100103>　　　　　　——人造元灵
306,骑上煞风猞猁。<hex:02100103>煞风猞猁是一种身具妖艳风属性以太的幻想生物。,煞风猞猁是一种由以太构成的幻想生物，具有接近暗属性的风属性之力。它煞气腾腾的翅膀很容易让人联想到虚无界妖异使用的力量。尽管如此，这些信息并不能帮助人们弄明白是什么人创造了这种使魔。,让我们携手穿越这场<hex:02100103>狂风骤雨，一起见证<hex:02100103>灾难过后的新时代！<hex:02100103>　　　　——富尔什诺
307,,,
308,骑上永恒。<hex:02100103>生命力顽强的古代亚拉戈军用兽。,尚且年轻，刚刚踏上征途的始皇帝赞德在远征伊尔萨巴德途中遇到的野兽。以“永恒”为名的猛兽拥有极强的生命力，成为军用兽的它不止披上了铠甲，还曾被用于不死化研究。,它不仅可治百病，<hex:02100103>还可以带来永恒的生命。<hex:02100103>　　　　　　——迪特里希
309,,,
310,骑上青磷气球。<hex:02100103>充满了汽化青磷水的飞行气球。,充满了汽化青磷水的飞行气球。只要数量够多，产生足够的浮力，带着一个人飘起来也不算是难事。真正困难的是要让它往你需要的方向飞行，这时候就只能靠冒险者自己用魔力引起微风吹动气球前进了。,我帮你们找那个<hex:02100103>不明飞行物体就是了！<hex:02100103>我可是这方面的专家！<hex:02100103>　　　　　　——德里昂
311,骑上安登三世。<hex:02100103>哗啦哗啦地摇摆着树叶的神秘可动植物。,为了报答冒险者，仙子族的艾奥·提儿准备了这只充满了谜团的可动植物作为礼物送给了冒险者。艾奥·提儿在修剪初代安登的时候，留下了一些枝叶，他悉心照料了这堆草叶一阵子之后，草叶竟然活了过来，变成了这个安登三世。从外观上来看，安登三世和原先的安登几乎一模一样。,树叶有1182片……<hex:02100103>1183片……1184片……<hex:02100103>啊……那片已经数过了……<hex:02100103>　　　　　　——麻恩·奥瑟
312,搭乘黑杰克号。<hex:02100103>加隆德炼铁厂建造的试验型飞空艇。,加隆德炼铁厂制造的试验型飞空艇，是在正式制造高风飞行社的社长塔塔巴鲁订购的新型飞空艇之前，制作的缩比模型试验机。虽说这艘飞空艇的体型不大，运输能力却是有保证的。,那、那是……黑杰克号？！<hex:02100103>是我父亲的船！<hex:02100103>　　　　　　——塔塔拉姆
313,骑上法厄同。<hex:02100103>科尔沃地区传说中的火焰幻兽。,科尔沃地区传说中的火焰幻兽。本来身上带有只要靠近就会被灼伤的高温，但炼金术的应用成功将它变成了能够骑乘的坐骑。据说，当初古代人创造与法厄同十分相似的生物时，是为了寻找一种能牵引着马车奔行于天空中的驼兽，但现在谁也没法断定这个传说是真是假了。,我们将再次作为<hex:02100103>熊熊烈火，为拂晓<hex:02100103>燃尽一切力量！<hex:02100103>　　——赫利·博尔达
314,骑上粉红。<hex:02100103>兔兔族们怀揣着对人类幸福的祈愿制作出来的粉色象型机器。,兔兔族们怀揣着对人类幸福的祈愿，制作出来的粉色象型机器坐骑。萨雷安人提到“醉酒状态的人类会看见粉色大象的幻影”时本来只是在开玩笑，谁曾想被兔兔族们当了真，他们竟然因此而创造出了如此怪异的作品。,啊，<hex:02100103>淡淡的桃粉色，<hex:02100103>美丽而纯洁……<hex:02100103>　——赛伦蒂碧提
315,骑上炀火猞猁。<hex:02100103>炀火猞猁是一种身具武魂般火属性以太的幻想生物。,炀火猞猁是一种由以太构成的幻想生物，具有接近暗属性的火属性之力。它不止有着狰狞可怖的妖异一般的一面，从它的身上同样也能感受到高洁武人身上才有的矜持，尽管如此，这些信息并不能帮助人们弄明白是什么人创造了这种使魔。,强者啊，你扑灭了篝火，<hex:02100103>辛苦了。不愧是我看中的武人，<hex:02100103>干得漂亮！<hex:02100103>　　　　　　　　　——菲布布·夏
316,搭乘魔导复仇者金色涂装特制型。<hex:02100103>哥布林族改良的帝国制无人魔导兵器。,哥布林族改良的帝国制无人魔导兵器。在加雷马帝国的首都有一座纯金制成的大脚巨猿雕像，在那些不知所谓的坊间传闻中，只要有敌人袭击帝国首都，雕像里就会冒出各种各样的魔导兵器还击……总之，这台魔导兵器的原型就是那座黄金像。,真是无法理解<hex:02100103>那名魔导技师的品味……<hex:02100103>　　　　　——卢布达厄姆
317,骑上克律索马罗斯。<hex:02100103>有着金色羊毛的白羊。等等……白羊？是不是该叫金羊才对？,柔软、蓬松、完美的白色羊毛，本该有这些特征的绵羊不知为何长出了黄金般璀璨的金色羊毛。出售绵羊的人声称这就是传说中的“金羊毛的羊”，可要想验证他的话，就只有等一年过去，羊的身上长出新毛之后，才能见分晓了。,以太稍微有点不一样了。<hex:02100103>……混入了阳光的金色，<hex:02100103>变成了非常温柔的颜色。<hex:02100103>　　　　　——雅·修特拉
318,骑上加隆德GL-IS。<hex:02100103>加隆德炼铁厂试做的带侧斗的魔导车。,为加隆德炼铁厂试做的魔导两轮车GL-I添加了侧斗供双人乘坐的型号。为了对应增加的重量，因此还增大了青磷引擎的排量。现在立刻购入的话，还赠送魏吉亲手制作的吉祥物人偶。,功能性、安全性，还有外<hex:02100103>观全部合格！有加隆德炼<hex:02100103>铁厂参与，绝对保证品质。<hex:02100103>　　　　　　　　——西德
319,骑上巨型钝口螈。<hex:02100103>过度成长到令人惊讶的钝口螈。,过度成长到令人惊讶的钝口螈。因背部带有鞍座，所以应该是被作为骑乘兽创造出来的。只不过鉴于它是从万魔殿中被人发现的，也就意味着它有着足以被判定为失败作的缺陷。,优质的钝口螈<hex:02100103>都在萨普沙产卵地，<hex:02100103>被珊瑚尖枪霸占着。<hex:02100103>　　　　　　——塞乌
320,召唤新生不死鸟。<hex:02100103>饱含对光之战士的感谢之意交织出的不死鸟型使魔。,饱含对光之战士的感谢之意交织出的不死鸟型使魔。它的样子就像是艾欧泽亚各地传承中登场的不死鸟一样。据传说在其死亡之际会发出炽热的火焰燃烧自己，最终从灰烬中复生，因此它也被人们看做是新生的象征。,我那犹如伊弗利特般激情<hex:02100103>的内心，成长为就像不死<hex:02100103>鸟一样散发着永恒的光辉……<hex:02100103>　　　　　　　　　——裘德
321,骑上荡悠悠。<hex:02100103>从六根山跟来的提灯妖怪。,六根山是妖魔横行的魔境的同时，也是妖怪提灯荡悠悠的故乡。它出生于饿虎之蹊，却终日无所事事从不袭击人类，有一天四下闲逛的荡悠悠遇到了四处转悠的冒险者，看对方十分顺眼的荡悠悠当即决定随着冒险者下山。风向哪里吹，我就向哪里走，这便是它优哉游哉的生存之道。,那我们就继续<hex:02100103>悠闲地散步吧！<hex:02100103>　　　——增盈威
322,骑上狮子王子。<hex:02100103>既是瑞兽奴延之王又是妖怪的狮子王落下的分身。,据说妖怪狮子王曾是瑞兽奴延们的王，狮子王子便是这个妖怪的分身。在讨伐狮子王的过程中，有一部分的邪气从它的本体上掉落了下来，形成了这个分身。但与本体不同的是，有着自己思想的狮子王子认可了冒险者的强大，决定奉冒险者为自己的主人。,喂，<hex:02100103>敌人变多了啊！<hex:02100103>　　　——吉德洛
323,骑上影狼。<hex:02100103>从漆黑之影中诞生的魔狼。,从漆黑之影中诞生的魔狼。传闻过去曾打算支配世界的邪恶之王为了应对与英雄的战斗而创造出来的生物，详情不明。它眼中却对光之战士没有任何憎恨的情感，表现得十分顺从。,无精打采地耷拉着毛的狼，<hex:02100103>也在高兴地摇着尾巴呢。<hex:02100103>　　　　　——南瓜头女人
324,躺上魔法儿童床。<hex:02100103>施了魔法的飞天儿童睡床。,施了魔法的飞天儿童睡床。床体装有浮岛采集到的水晶，在这种力量的作用下可以一边浮在空中一边安睡。此外外形采用了与孤儿院梅茵菲娜之家的睡床相同的造型设计。,今天还是好好休息吧。<hex:02100103>舒适的床铺正在等着<hex:02100103>你们呢！<hex:02100103>　　——欧吉卡·岑吉卡
325,骑上暗影猞猁。<hex:02100103>暗影猞猁是一种身具黑铠骑士暗属性以太的幻想生物。,暗影猞猁是一种由以太构成的幻想生物，具有暗属性之力。从它身上的光辉能感受到悲壮的决心，尽管如此，这些信息并不能帮助人们弄明白是什么人创造了这种使魔。,与世为敌叛逆英雄，<hex:02100103>暗影逆焰夺回夜空。<hex:02100103>　　　——异国的诗人
326,骑上托加尔。<hex:02100103>无论是什么样的荆棘前路都会陪伴在身边的伙伴。,克莱夫的伙伴，随着克莱夫记忆的恢复而出现，是指引他回家的引路者。异国的诗人在看到其身影后借助魔笛的力量创造出了这个托加尔。今后无论是什么样的荆棘前路，它都会常伴在光之战士的身旁。,托加尔？可以吗？<hex:02100103>带我回家！<hex:02100103>　　　　——克莱夫
327,搭乘方舟。<hex:02100103>具备变形功能的小型魔导飞空艇。,加隆德炼铁厂开发的小型可变形飞空艇。通过与曾隶属于青蓝之手的科学家合作，成功实现了由人形射击形态切换为战舰形射击形态的变形功能。,大胆的变形设计<hex:02100103>也是别具一格……<hex:02100103>　　　　　——伊吹
328,搭乘巴哈姆特·幽愿。<hex:02100103>以不为人知的龙诗为蓝本编织出的新生的羽翼。,以海姆达尔级观察艇记录的巴哈姆特的龙诗以太波形为蓝本，冒险者以及歌鸣威将思念注入到魔笛当中形成的魔法生物。为了能够在无尽的天空翱翔，将无拘无束的冒险者认作了主人。,他们许诺能够让<hex:02100103>巴哈姆特复活……<hex:02100103>　　　——提亚马特
329,乘坐弦月。<hex:02100103>散发着柔光的魔法驱动的弦月形浮空座椅。,在旧萨雷安仓库内保管的被分类为赠与品的弦月形魔法浮空座椅。虽然赠与者的名字未被公开，不过从附属的魔法人偶来看，还是能大概推测出赠与者的身份。,真是不敢相信<hex:02100103>就在不久前<hex:02100103>我们还身在月球之上。<hex:02100103>　　　　　——桑克瑞德
330,骑上糖豆犀牛。<hex:02100103>作为比赛的障碍而设计的机械犀牛。,作为金碟巨豆中心的障碍而设计的机械犀牛。凭借着强大的动力，至今阻碍了无数糖豆人们前进的步伐。不过此次作为纪念品开始协助冒险者前进。,喂喂，好像有个不太好<hex:02100103>对付的家伙冲着这边<hex:02100103>过来了！<hex:02100103>　　　　　——维斯凯特
331,骑上压迫者。<hex:02100103>将青蓝之手开发的无人兵器改造后的机体。,将青蓝之手开发的无人兵器进行改造后的座驾机体。由于其原本是无人兵器，所以开发者将所有的兵装全部拆除，以腾出坐人的空间。也因此打造出了极为奢侈舒适的内部空间。,虽然也有人说这是<hex:02100103>奢侈豪宅什么的……<hex:02100103>　　　　　——罗薇娜
332,骑上深渊猞猁。<hex:02100103>在红月深处发现的幻想生物。,深渊猞猁是一种由以太构成的幻想生物，具有第十三世界月球深处的强烈暗属性之力。从它身上的光辉能感受到思乡之念，尽管如此，这些信息并不能帮助人们弄明白是什么人创造了这种使魔。,在见到故乡的孩子们之前！<hex:02100103>我怎么能死在这种地方！<hex:02100103>　　　　　　　——德雷斯特
333,骑上月光仙人刺。<hex:02100103>受到某位商会会长祝福的仙人刺。从小听着故事长大。,受到了商人“罗薇娜”的祝福，过着非常奢侈生活的仙人刺。库洛·阿里亚珀代替懒惰经常忘记浇水的罗薇娜在精心照顾它，并一直为它讲述故事，结果它变成了会发出光芒的奇妙个体。,仙人刺先生当然是<hex:02100103>拉拉菲尔族的演员<hex:02100103>扮的啊……——纳纳佛恩
334,召唤斯塔缇丝幻影。<hex:02100103>在阿罗阿罗岛遇到的无主小仙女的分身。,喜欢恶作剧的无主小仙女。曾经是某位军事学者的搭档，在其主人死后以太却未消散，一个人度过了漫长的时间。为了打发无聊的时光，于是生成了分身跟在了冒险者身边。,你的小仙女<hex:02100103>真是缺乏管教啊！<hex:02100103>　——阿尔卡·佐尔卡
335,骑上加隆德GL-IIT。<hex:02100103>将耕作机连接到加隆德GL-II上的开拓用三轮车。,加隆德炼铁厂制造的魔导二轮车GL-II连接耕作机后诞生的开拓用三轮车。以青磷引擎为动力，旋转切割刀片，能够简单地耕作荒地，后部也可以用于运人或运货。,这里就是你可以<hex:02100103>随意开荒的新的<hex:02100103>挑战舞台……<hex:02100103>　　　——塔塔露
336,骑上皮蒂。<hex:02100103>喜欢桃花的古菩猩猩，是个可爱的女孩子。,在开满桃花的美丽地方茁壮成长的古菩猩猩。它与旅行艺人阿尔德蒙德一起巡回各地，在女儿节上向众多的人们表演了自己的才艺。为了给更多的人带去欢笑，它决定跟随冒险者一起旅行。,姐姐要把自己现在头上<hex:02100103>戴着的这个花饰<hex:02100103>送给身为公主的你们！<hex:02100103>　　　　——阿尔蒂希雅
337,,,
338,骑上库阿库阿。<hex:02100103>在南洋诸岛确认到的经由秘术生成的使魔。,在阿罗阿罗岛遇到的宝物猎人所使役的使魔。源自南洋群岛独自发展而成的秘术，核心使用木材制成。与使用宝石召唤出的宝石兽相比，其历史更加古老久远。,上！我的奴仆宝石兽！<hex:02100103>　　　　　　——塔塔露
339,骑上海岛皮里福尔。<hex:02100103>过度成长的皮里福尔。还没有开始腐烂！,原产于岛外的蔓德拉。曾在贸易船上被当做食材，就在差点被做成菜汤时，抱着赌一赌的心态飞扑进海里，最终漂流到了无人岛。受到了无人岛肥沃的土地以及灿烂阳光的影响，成长得有些过头了……,真是的，又不长教训……<hex:02100103>　　——纳摩诺·塔玡摩诺
340,骑上海岛沙漠玫瑰。<hex:02100103>过度成长的沙漠玫瑰。总有一天要去广阔的世界闯荡！,无人岛特有的沙漠玫瑰。原本一直待在蔬菜国家——南蔓德拉帝国茁壮成长，直到某天在沙滩遇到了漂流到岛上的皮里福尔。从皮里福尔那里得知了外面世界的事情后，开始向往有一天可以踏上冒险之旅……,花，本身就显得美丽、<hex:02100103>高雅，能勾起人们的<hex:02100103>怜爱之心。<hex:02100103>　　　　　——桑克瑞德
341,,,
342,骑上小鸣鼠。<hex:02100103>展开翼膜在树木间滑翔的食草动物。,展开翼膜在树木间滑翔的食草动物。领地意识很强，面对大型捕食者也不畏惧，反而会露出攻击性很强的一面，利用进化成刀片般的针状软骨勇敢地对抗。在灵豹之民的语言中，“小鸣”被用来形容“在树梢间轻声嬉闹的声音”。,你见过一种名叫<hex:02100103>小鸣鼠的动物吗？<hex:02100103>　　　——恰特·咖特
343,乘坐飞梭A9。<hex:02100103>新生亚历山德里亚联合王国制作的单座浮行机，未搭载武器。,新生亚历山德里亚联合王国制作的单座浮行机，未搭载武器。它的原理是利用雷转质制作的旋转器将雷电转化成风属性，然后喷射出旋风实现浮空。此外，该机体还被军队采用，但A9型作为民用机体并未搭载武器装备。,我在找适合米拉拉族的飞梭A9，<hex:02100103>请问你这里有吗？<hex:02100103>　　　　　　　——米拉拉族顾客
344,骑上羊驼。<hex:02100103>长着一身白毛的四足动物，口水臭味熏天。,长着一身白毛的四足动物，主要被图拉尔大陆山区的人们作为家畜饲养，体毛可以加工成织物。除此之外，由于其身强体健，也被人们用来骑乘或搬运物品。事实上，在图拉尔大陆，大多数人都知道它是佩鲁佩鲁族旅行卖货时的好帮手。,确实，<hex:02100103>羊驼的确很适合走山路。<hex:02100103>　　　　　　——埃伦维尔
345,召唤出天灾之翼。<hex:02100103>在沃刻拉朵山发现的魔法之翼。,与幻兽艳翼蛇鸟的翅膀很像的魔法之翼。相传它会自己出现在被它选中的人面前，其来历充满了谜团。不管怎样，想必得到这对翅膀的人将会散发出“拥有生命的天灾”的威严。,那个拥有生命的天灾<hex:02100103>的传说可谓是无人不晓，<hex:02100103>这座建筑也称得上有故事了。<hex:02100103>　　　　　　　　　——帕梅卡
346,召唤出奇迹之翼。<hex:02100103>在永护塔顶层发现的魔法之翼。,在永护塔顶层，武王宝座附近发现的魔法之翼。蓝色鳞片般的羽毛让人联想到奇迹之子佐拉加，其来历充满了谜团。不管怎样，想必得到这对翅膀的人将会散发出“武王”的自信与骄傲吧。,既然无能的军队失败了，<hex:02100103>那身为武王，<hex:02100103>我有责任给他们收拾残局。<hex:02100103>　　　　　　　　——佐拉加
347,骑上外勤机。<hex:02100103>新生亚历山德里亚联合王国制作的多功能自控机器。表情种类意外的丰富。,新生亚历山德里亚联合王国制作的多功能自控机器。它能清扫设施，也能维护设备，不时还会清除危险生物，是个全能帮手。为了让市民亲近自己，它身体正面的显示屏上能显示出多种滑稽有趣的表情。,向导外勤机……<hex:02100103>注册编号验证通过。<hex:02100103>　　　——机器兵守卫
348,骑上美花帕拉。<hex:02100103>一只知恩图报的成年水豚。,曾在夏劳尼荒野旅行的成年水豚。有一天被图拉尔威爪得酷热涅一口吞进了肚子里，但却出乎意料地在肚子里存活了下来。为了报答冒险者的救命之恩，它想要和冒险者一起踏上旅途。,这些猪真招人烦啊……<hex:02100103>哎呀，看起来也有点<hex:02100103>像长残了的海狸……<hex:02100103>　　　　——埃斯蒂尼安
349,骑上独轮车S1。<hex:02100103>这辆特殊的独轮车是授予优秀斗士的奖赏。,阿卡狄亚协会赠送给优秀斗士的奖品。车辆内置了极其复杂的姿态控制程序，协助驾驶者不限场地尽情奔走。不过，由于驾车时控制动作并不容易，车手还是需要练习一段时间才能掌控这辆独轮车。,我们最大的优势<hex:02100103>就在于速度……<hex:02100103>　　　——摩罗卢
350,骑上犎牛。<hex:02100103>主要栖息在萨卡图拉尔的四足动物。,栖息在萨卡图拉尔的大型食草动物。角、毛、皮、肉等身上的各种部位均有利用价值，自古便维系着人们的生活。在每个季节都会追着猎物迁徙的脚步一同移动的狩猎部族中，有不少人将犎牛作为祖灵祭拜。,犎牛既能拉货又能载人，<hex:02100103>是我们生活不可或缺的动物！<hex:02100103>　　　　　　　　　　——帕合
351,骑上乌勒尔。<hex:02100103>诗龙的眷属。很欣赏在狩猎中大放异彩的英杰。,喜欢人类的诗龙眷属。它在寻找适合与自己一同编织龙诗之人时，发现了狩猎中大放异彩的英杰。它希望与英杰一起见证更伟大的光辉，于是选择一起踏上了旅途。,我是诗龙拉塔托斯克的眷<hex:02100103>属、古林博斯蒂之子！是<hex:02100103>今后的缔造新篇龙诗之翼！<hex:02100103>　　　　　　　　——艾尔·图
352,骑上凯吉古拉。<hex:02100103>名字在辉鳞族的语言中意为“飞行的黄金”的飞行巨像。,发现于加加财富天坑的飞行巨像。虽然巨像周身的雕刻看起来是辉鳞族风格，但巨像的本体明显要更为古老。这意味着可能原本是古代尤卡巨人族制造了这尊巨像，后来辉鳞族得到它之后又好好装饰了一番。,我现在就出他3倍的价钱雇你。<hex:02100103>你是要现金、宝石，<hex:02100103>还是票据啊？<hex:02100103>　　　　　　　　——塔塔拉姆
353,骑上半机器龟。<hex:02100103>在创生设施的研究所开发出来的陆战兵器。,在创生设施的研究所开发出来的陆战兵器。将雷转质做成的强化骨骼和辅助电机装在大型陆龟身上，增强了其防御力和肌肉力量。这种陆龟生来性情温厚，不适合战斗，为此在战斗时需要注入肉食性动物的灵魂，赋予其凶暴的攻击性。,你本来不就是乌龟嘛……<hex:02100103>　　　　　　　——塔塔露
354,骑上浪祖。<hex:02100103>栖息在近东地区高山上的稀少怪鸟。,分布在近东高山地带的怪鸟——祖的近亲。为了驯服这种气性凶暴的怪鸟，拉札罕的炼金术士们研制出了一种特殊的饮料。他们将饮料灌进怪鸟嘴里后，怪鸟身上居然开始散发出清爽的柑橘香味。,啊，好清爽的香味啊！<hex:02100103>　　　　　　——厨行威
355,,,
356,骑上酒桶刺。<hex:02100103>栖息在萨卡图拉尔荒野中的仙人刺，浑身肌肉隆隆健硕异常。,栖息在萨卡图拉尔荒野中的仙人刺，浑身肌肉隆隆健硕异常。被某个冒险者打败之后决心踏上修炼之旅。它想用手臂驼着人四处走锻炼臂力，因此急需一位愿意成为负重的骑手。,重吗？<hex:02100103>真是太不好意思了！<hex:02100103>　　　　　——瓦里卡
357,,,
358,骑上海牛。<hex:02100103>图拉尔旅行公司的吉祥物，一种非常亲人的大型动物。,栖息在尤卡图拉尔的江河湖海沿岸的大型动物。这种动物性格温和稳重，多年以前便被人驯养用来拖曳船只。这一只海牛是个好奇心旺盛的孩子，被施法获得飞行能力之后，它便对旅行充满了兴趣。,你喜欢出门旅行吗？<hex:02100103>我可是十分喜欢！<hex:02100103>　　　　——梅茵菲娜
359,,,
360,,,
361,,,咯噔咯噔…… 
362,,,
363,骑上永恒之翼。<hex:02100103>在次元黄道发现的魔法之翼。,在与永恒女王决战的地方发现的魔法之翼。庄严的铠甲能让人想起永久人的守护者，其来历充满了谜团。不管怎样，想必得到这对翅膀的人都将会散发出“永恒不灭的女王”的决心与慈爱吧。,我的人民就是我的家人，<hex:02100103>我守护他们的心愿<hex:02100103>超过一切！<hex:02100103>　　　　　　　——斯菲因
364,,,
365,骑上商贾神威。<hex:02100103>某位著名商人收养的大狼，但商人也不知道为什么这狼能飞。,著名商人罗薇娜远赴东方进行市场调查时，在当地收养的大狼。这条狼受到了不知什么的加护，获得了飞行能力。顺带一提，听说在东方，其实有把钱交给小狗，让小狗替主人去远方的神社参拜的传统……,您身边的小狗真是可爱。<hex:02100103>　　　　——希尔迪布兰德
366,,,
367,,,
368,,,
369,,,
370,,,
371,,,
372,,,
373,,,
374,,,
375,,,
376,,,
377,,,
378,,,
379,,,
