key,0,2,18,19,20
#,Singular,Plural,,,
offset,0,4,16,20,24
int32,str,str,str,str,str
0,,,,,
1,专属陆行鸟,,SE_Bt_Etc_ChocoboWhistle,SE_Bt_Etc_ChocoboWhistle_only,SE_Bt_Etc_ChocoboBye
2,,,,,SE_Bt_Etc_ChocoboBye
3,,,,,SE_Bt_Etc_ChocoboBye
4,古菩猩猩,,SE_Bt_Etc_GuuBooWhistle,SE_Bt_Etc_GuuBooWhistle_only,SE_Bt_Etc_GuuBooBye
5,遗产陆行鸟,,SE_Bt_Etc_ChocoboWhistle,SE_Bt_Etc_ChocoboWhistle_only,SE_Bt_Etc_ChocoboBye
6,魔导装甲,,SE_Bt_Etc_MadoWhistle,SE_Bt_Etc_MadoWhistle_only,SE_Bt_Etc_MadoBye
7,,,,,
8,长须豹,,SE_Bt_Etc_CuahrWhistle,SE_Bt_Etc_ChocoboWhistle_only,SE_Bt_Etc_CuahrBye
9,冥鬼之眼,,SE_Bt_Etc_AhrimanWhistle,SE_Bt_Etc_ChocoboWhistle_only,SE_Bt_Etc_AhrimanBye
10,,,,,SE_Bt_Etc_ChocoboBye
11,,,,,SE_Bt_Etc_ChocoboBye
12,,,,,SE_Bt_Etc_ChocoboBye
13,,,,,SE_Bt_Etc_ChocoboBye
14,,,SE_Bt_Etc_MadoWhistle,SE_Bt_Etc_MadoWhistle_only,SE_Bt_Etc_MadoBye
15,独角兽,,SE_Bt_Etc_UnicornWhistle,SE_Bt_Etc_ChocoboWhistle_only,SE_Bt_Etc_UnicornBye
16,,,SE_Bt_Etc_MadoWhistle,SE_Bt_Etc_MadoWhistle_only,SE_Bt_Etc_MadoBye
17,,,SE_Bt_Etc_MadoWhistle,SE_Bt_Etc_MadoWhistle_only,SE_Bt_Etc_MadoBye
18,贝希摩斯,,SE_Bt_Etc_BehemothWhistle,SE_Bt_Etc_GuuBooWhistle_only,SE_Bt_Etc_BehemothBye
19,兵队火蛟,,SE_Bt_Etc_TokageWhistle,SE_Bt_Etc_GuuBooWhistle_only,SE_Bt_Etc_TokageBye
20,月桂冠古菩猩猩,,SE_Bt_Etc_GuuBooWhistle,SE_Bt_Etc_GuuBooWhistle_only,SE_Bt_Etc_GuuBooBye
21,魔导装甲丙型,,SE_Bt_Etc_MadoWhistle,SE_Bt_Etc_MadoWhistle_only,SE_Bt_Etc_MadoBye
22,梦魇,,SE_Bt_Etc_UnicornWhistle,SE_Bt_Etc_ChocoboWhistle_only,SE_Bt_Etc_UnicornBye
23,,,SE_Bt_Etc_TokageWhistle,SE_Bt_Etc_GuuBooWhistle_only,SE_Bt_Etc_TokageBye
24,,,SE_Bt_Etc_GuuBooWhistle,SE_Bt_Etc_GuuBooWhistle_only,SE_Bt_Etc_GuuBooBye
25,胖陆行鸟,,SE_Bt_Etc_DebuCyokoboWhistle,SE_Bt_Etc_ChocoboWhistle_only,SE_Bt_Etc_DebuCyokoboBye
26,兵队水龙蜥,,SE_Bt_Etc_WaterRizardWhistle,SE_Bt_Etc_GuuBooWhistle_only,SE_Bt_Etc_WaterRizardBye
27,爆弹吊椅,,SE_Bt_Etc_BomKikyuuWhistle,SE_Bt_Etc_GuuBooWhistle_only,SE_Bt_Etc_BomKikyuuBye
28,火妖马埃驮恩,,SE_Bt_Etc_UnicornWhistle,SE_Bt_Etc_GuuBooWhistle_only,SE_Bt_Etc_UnicornBye
29,风妖马刻桑图司,,SE_Bt_Etc_UnicornWhistle,SE_Bt_Etc_GuuBooWhistle_only,SE_Bt_Etc_UnicornBye
30,土妖马古尔法克西,,SE_Bt_Etc_UnicornWhistle,SE_Bt_Etc_GuuBooWhistle_only,SE_Bt_Etc_UnicornBye
31,水妖马艾恩巴尔,,SE_Bt_Etc_UnicornWhistle,SE_Bt_Etc_GuuBooWhistle_only,SE_Bt_Etc_UnicornBye
32,战狮,,SE_Bt_Etc_LionWhistle,SE_Bt_Etc_GuuBooWhistle_only,SE_Bt_Etc_LionBye
33,战熊,,SE_Bt_Etc_KumaWhistle,SE_Bt_Etc_GuuBooWhistle_only,SE_Bt_Etc_KumaBye
34,大陆行鸟,,SE_Bt_Etc_ChocoboWhistle,SE_Bt_Etc_ChocoboWhistle_only,SE_Bt_Etc_ChocoboBye
35,恐狼,,SE_Bt_Etc_WolfWhistle,SE_Bt_Etc_GuuBooWhistle_only,SE_Bt_Etc_WolfBye
36,黑涡战马,,SE_Bt_Etc_UnicornWhistle,SE_Bt_Etc_GuuBooWhistle_only,SE_Bt_Etc_UnicornBye
37,双蛇战马,,SE_Bt_Etc_UnicornWhistle,SE_Bt_Etc_GuuBooWhistle_only,SE_Bt_Etc_UnicornBye
38,恒辉战马,,SE_Bt_Etc_UnicornWhistle,SE_Bt_Etc_GuuBooWhistle_only,SE_Bt_Etc_UnicornBye
39,,,SE_Bt_Etc_WaterRizardWhistle,SE_Bt_Etc_GuuBooWhistle_only,SE_Bt_Etc_WaterRizardBye
40,雷妖马玛卡布,,SE_Bt_Etc_UnicornWhistle,SE_Bt_Etc_GuuBooWhistle_only,SE_Bt_Etc_UnicornBye
41,典礼陆行鸟,,SE_Bt_Etc_ChocoboWhistle,SE_Bt_Etc_ChocoboWhistle_only,SE_Bt_Etc_ChocoboBye
42,斯莱普尼尔,,SE_Bt_Etc_SleipnilWhistle,SE_Bt_Etc_GuuBooWhistle_only,SE_Bt_Etc_SleipnilBye
43,冰妖马玻瑞阿斯,,SE_Bt_Etc_UnicornWhistle,SE_Bt_Etc_GuuBooWhistle_only,SE_Bt_Etc_UnicornBye
44,游行陆行鸟,,SE_Bt_Etc_DebuCyokoboWhistle,SE_Bt_Etc_ChocoboWhistle_only,SE_Bt_Etc_DebuCyokoboBye
45,黑陆行鸟,,SE_Bt_Etc_ChocoboWhistle,SE_Bt_Etc_ChocoboWhistle_only,SE_Bt_Etc_ChocoboBye
46,精金龟,,SE_Bt_Etc_AdamanWhistle,SE_Bt_Etc_GuuBooWhistle_only,SE_Bt_Etc_AdamanBye
47,麒麟,,SE_Bt_Etc_KirinWhistle,SE_Bt_Etc_GuuBooWhistle_only,SE_Bt_Etc_KirinBye
48,骑乘系统,,SE_Bt_Etc_DaragabWhistle,SE_Bt_Etc_MadoWhistle_only,SE_Bt_Etc_DaragabBye
49,芬里尔,,SE_Bt_Etc_FenrirWhistle,SE_Bt_Etc_GuuBooWhistle_only,SE_Bt_Etc_FenrirBye
50,尘世幻龙,,SE_Bt_Etc_DragoneWhistle,SE_Bt_Etc_GuuBooWhistle_only,SE_Bt_Etc_DragoneBye
51,,,,,
52,红大陆行鸟,,SE_Bt_Etc_ChocoboWhistle,SE_Bt_Etc_ChocoboWhistle_only,SE_Bt_Etc_ChocoboBye
53,腾云蛇,,SE_Bt_Etc_CeronWhistle,SE_Bt_Etc_GuuBooWhistle_only,SE_Bt_Etc_CeronBye
54,狮鹫,,SE_Bt_Etc_GrifinWhistle,SE_Bt_Etc_GuuBooWhistle_only,SE_Bt_Etc_GrifinBye
55,破魔艇,,SE_Bt_Etc_HitorinoriWhistle,SE_Bt_Etc_MadoWhistle_only,SE_Bt_Etc_HitorinoriBye
56,战豹,,SE_Bt_Etc_CuahrWhistle,SE_Bt_Etc_ChocoboWhistle_only,SE_Bt_Etc_CuahrBye
57,,,SE_Bt_Etc_ChocoboWhistle,SE_Bt_Etc_ChocoboWhistle_only,SE_Bt_Etc_ChocoboBye
58,哥布林战车,,SE_Bt_Etc_GobrinTunkWhistle,SE_Bt_Etc_MadoWhistle_only,SE_Bt_Etc_GobrinTunkBye
59,双塔尼亚,,SE_Bt_Etc_TwinTaniaWhistle,SE_Bt_Etc_GuuBooWhistle_only,SE_Bt_Etc_TwinTaniaBye
60,,,SE_Bt_Etc_GobrinTunkWhistle,SE_Bt_Etc_MadoWhistle_only,SE_Bt_Etc_GobrinTunkBye
61,,,SE_Bt_Etc_GobrinTunkWhistle,SE_Bt_Etc_MadoWhistle_only,SE_Bt_Etc_GobrinTunkBye
62,魔女扫帚,,SE_Bt_Etc_HoukiWhistle,SE_Bt_Etc_GuuBooWhistle_only,SE_Bt_Etc_HoukiBye
63,,,SE_Bt_Etc_HoukiWhistle,SE_Bt_Etc_GuuBooWhistle_only,SE_Bt_Etc_HoukiBye
64,,,,,
65,,,,,
66,,,SE_Bt_Etc_CeronWhistle,SE_Bt_Etc_GuuBooWhistle_only,SE_Bt_Etc_CeronBye
67,天马,,SE_Bt_Etc_UnicornWhistle,SE_Bt_Etc_GuuBooWhistle_only,SE_Bt_Etc_UnicornBye
68,莉维亚专用魔导装甲,,SE_Bt_Etc_MadoWhistle,SE_Bt_Etc_MadoWhistle_only,SE_Bt_Etc_MadoBye
69,尼禄专用魔导装甲,,SE_Bt_Etc_MadoWhistle,SE_Bt_Etc_MadoWhistle_only,SE_Bt_Etc_MadoBye
70,双足飞龙,,SE_Bt_Etc_TwinTaniaWhistle,SE_Bt_Etc_GuuBooWhistle_only,SE_Bt_Etc_TwinTaniaBye
71,SDS芬里尔,,SE_Bt_Etc_BikeWhistle,SE_Bt_Etc_MadoWhistle_only,SE_Bt_Etc_BikeBye
72,恐甲蚂蜓,,SE_Bt_Etc_EnsaWhistle,SE_Bt_Etc_GuuBooWhistle_only,SE_Bt_Etc_EnsaBye
73,祖,,SE_Bt_Etc_ZooWhistle,SE_Bt_Etc_GuuBooWhistle_only,SE_Bt_Etc_ZooBye
74,贝努鸟,,SE_Bt_Etc_BennuWhistle,SE_Bt_Etc_GuuBooWhistle_only,SE_Bt_Etc_BennuWhistle_only
75,白云猎鹰,,SE_Bt_Etc_BirdWhistle,SE_Bt_Etc_GuuBooWhistle_only,SE_Bt_Etc_BirdBye
76,怒武猎鹰,,SE_Bt_Etc_BirdWhistle,SE_Bt_Etc_GuuBooWhistle_only,SE_Bt_Etc_BirdBye
77,圆桌猎鹰,,SE_Bt_Etc_BirdWhistle,SE_Bt_Etc_GuuBooWhistle_only,SE_Bt_Etc_BirdBye
78,战争猎鹰,,SE_Bt_Etc_BirdWhistle,SE_Bt_Etc_GuuBooWhistle_only,SE_Bt_Etc_BirdBye
79,,,SE_Bt_Etc_EnsaWhistle,SE_Bt_Etc_GuuBooWhistle_only,SE_Bt_Etc_EnsaBye
80,荣耀号,,SE_Bt_Etc_CyoukogataWhistle,SE_Bt_Etc_MadoWhistle_only,SE_Bt_Etc_CyoukogataBye
81,筋斗云,,SE_Bt_Etc_KintounWhistle,SE_Bt_Etc_GuuBooWhistle_only,SE_Bt_Etc_KintounBye
82,初代胖陆行鸟,,SE_Bt_Etc_DebuCyokoboWhistle,SE_Bt_Etc_ChocoboWhistle_only,SE_Bt_Etc_DebuCyokoboBye
83,天阳马阿斯特洛珀,,SE_Bt_Etc_UnicornWhistle,SE_Bt_Etc_GuuBooWhistle_only,SE_Bt_Etc_UnicornBye
84,胖莫古力,,SE_Bt_Etc_MogKikyuuWhistle,SE_Bt_Etc_GuuBooWhistle_only,SE_Bt_Etc_MogKikyuuBye
85,,,SE_Bt_Etc_WaterRizardWhistle,SE_Bt_Etc_GuuBooWhistle_only,SE_Bt_Etc_WaterRizardBye
86,孢云棉花糖,,SE_Bt_Etc_PopoWhistle,SE_Bt_Etc_GuuBooWhistle_only,SE_Bt_Etc_PopoBye
87,维斯帕号,,SE_Bt_Etc_YoukaiWhistle,SE_Bt_Etc_GuuBooWhistle_only,SE_Bt_Etc_YoukaiBye
88,,,SE_Bt_Etc_TwinTaniaWhistle,SE_Bt_Etc_GuuBooWhistle_only,SE_Bt_Etc_TwinTaniaBye
89,,,SE_Bt_Etc_PopoWhistle,SE_Bt_Etc_GuuBooWhistle_only,SE_Bt_Etc_PopoBye
90,暗黑猎鹰,,SE_Bt_Etc_BirdWhistle,SE_Bt_Etc_GuuBooWhistle_only,SE_Bt_Etc_BirdBye
91,浮空系统,,SE_Bt_Etc_DaragabWhistle,SE_Bt_Etc_MadoWhistle_only,SE_Bt_Etc_DaragabBye
92,颅浮巨像,,SE_Bt_Etc_AhrimanWhistle,SE_Bt_Etc_ChocoboWhistle_only,SE_Bt_Etc_AhrimanBye
93,逐月幻狼玛纳加尔姆,,SE_Bt_Etc_FenrirWhistle,SE_Bt_Etc_GuuBooWhistle_only,SE_Bt_Etc_FenrirBye
94,维斯帕前进号,,SE_Bt_Etc_YoukaiWhistle,SE_Bt_Etc_GuuBooWhistle_only,SE_Bt_Etc_YoukaiBye
95,轰天,,SE_Bt_Etc_GaroWhistle,SE_Bt_Etc_GuuBooWhistle_only,SE_Bt_Etc_GaroBye
96,银牙,,SE_Bt_Etc_GaroWhistle,SE_Bt_Etc_GuuBooWhistle_only,SE_Bt_Etc_GaroBye
97,仙术熊猫,,SE_Bt_Etc_PandaWhistle,SE_Bt_Etc_GuuBooWhistle_only,SE_Bt_Etc_PandaBye
98,睿智猎鹰,,SE_Bt_Etc_BirdWhistle,SE_Bt_Etc_GuuBooWhistle_only,SE_Bt_Etc_BirdBye
99,星芒熊,,SE_Bt_Etc_XmasKumaWhistle,SE_Bt_Etc_GuuBooWhistle_only,SE_Bt_Etc_XmasKumaBye
100,黑天马,,SE_Bt_Etc_UnicornWhistle,SE_Bt_Etc_GuuBooWhistle_only,SE_Bt_Etc_UnicornBye
101,阿里达乌斯,,SE_Bt_Etc_AlxWhistle,SE_Bt_Etc_MadoWhistle_only,SE_Bt_Etc_AlxBye
102,雷刚,,SE_Bt_Etc_GaroWhistle,SE_Bt_Etc_GuuBooWhistle_only,SE_Bt_Etc_GaroBye
103,尼禄专用魔导装甲,,SE_Bt_Etc_MadoWhistle,SE_Bt_Etc_MadoWhistle_only,SE_Bt_Etc_MadoBye
104,厉鬼猎鹰,,SE_Bt_Etc_BirdWhistle,SE_Bt_Etc_GuuBooWhistle_only,SE_Bt_Etc_BirdBye
105,凤凰,,SE_Bt_Etc_HououWhistle,SE_Bt_Etc_HououBye,SE_Bt_Etc_HououBye
106,彩蛋系统,,SE_Bt_Etc_DaragabWhistle,SE_Bt_Etc_MadoWhistle_only,SE_Bt_Etc_EggBye
107,,,SE_Bt_Etc_DaragabWhistle,SE_Bt_Etc_MadoWhistle_only,SE_Bt_Etc_EggBye
108,孤傲地狱犬,,SE_Bt_Etc_FenrirWhistle,SE_Bt_Etc_GuuBooWhistle_only,SE_Bt_Etc_FenrirBye
109,首领地狱犬,,SE_Bt_Etc_FenrirWhistle,SE_Bt_Etc_GuuBooWhistle_only,SE_Bt_Etc_FenrirBye
110,贤者座椅,,SE_Bt_Etc_IsuWhistle,SE_Bt_Etc_GuuBooWhistle_only,SE_Bt_Etc_IsuBye
111,希尔德拉,,SE_Bt_Etc_ShirudoraWhistle,SE_Bt_Etc_GuuBooWhistle_only,SE_Bt_Etc_ShirudoraBye
112,飞隼号,,SE_Bt_Etc_HitorinoriWhistle,SE_Bt_Etc_GuuBooWhistle_only,SE_Bt_Etc_HitorinoriBye
113,孤傲妖精犬,,SE_Bt_Etc_FenrirWhistle,SE_Bt_Etc_GuuBooWhistle_only,SE_Bt_Etc_FenrirBye
114,首领妖精犬,,SE_Bt_Etc_FenrirWhistle,SE_Bt_Etc_GuuBooWhistle_only,SE_Bt_Etc_FenrirBye
115,极乐神威,,SE_Bt_Etc_InugamiWhistle,SE_Bt_Etc_GuuBooWhistle_only,SE_Bt_Etc_InugamiBye
116,狂欢神威,,SE_Bt_Etc_InugamiWhistle,SE_Bt_Etc_GuuBooWhistle_only,SE_Bt_Etc_InugamiBye
117,,,SE_Bt_Etc_HarpieWhistle,SE_Bt_Etc_HarpieWhistle_only,SE_Bt_Etc_HarpieBye
118,,,SE_Bt_Etc_MantaWhistle,SE_Bt_Etc_GuuBooWhistle_only,SE_Bt_Etc_MantaBye
119,,,SE_Bt_Etc_BirdWhistle,SE_Bt_Etc_GuuBooWhistle_only,SE_Bt_Etc_BirdBye
120,,,SE_Bt_Etc_UnicornWhistle,SE_Bt_Etc_GuuBooWhistle_only,SE_Bt_Etc_UnicornBye
121,魔导猎手,,SE_Bt_Etc_MadoWhistle,SE_Bt_Etc_MadoWhistle_only,SE_Bt_Etc_MadoBye
122,斗狮,,SE_Bt_Etc_LionWhistle,SE_Bt_Etc_GuuBooWhistle_only,SE_Bt_Etc_LionBye
123,斗熊,,SE_Bt_Etc_KumaWhistle,SE_Bt_Etc_GuuBooWhistle_only,SE_Bt_Etc_KumaBye
124,斗豹,,SE_Bt_Etc_CuahrWhistle,SE_Bt_Etc_GuuBooWhistle_only,SE_Bt_Etc_CuahrBye
125,胡鹰,,SE_Bt_Etc_HarpieWhistle,SE_Bt_Etc_HarpieWhistle_only,SE_Bt_Etc_HarpieBye
126,老者,,SE_Bt_Etc_JuraeibisWhistle,SE_Bt_Etc_GuuBooWhistle_only,SE_Bt_Etc_JuraeibisBye
127,兵团虎,,SE_Bt_Etc_ToraWhistle,SE_Bt_Etc_GuuBooWhistle_only,SE_Bt_Etc_ToraBye
128,捕获的魔导装甲,,SE_Bt_Etc_MadoWhistle,SE_Bt_Etc_MadoWhistle_only,SE_Bt_Etc_MadoBye
129,,,SE_Bt_Etc_MantaWhistle,SE_Bt_Etc_GuuBooWhistle_only,SE_Bt_Etc_MantaBye
130,伊克西翁,,SE_Bt_Etc_IxionWhistle,SE_Bt_Etc_GuuBooWhistle_only,SE_Bt_Etc_IxionBye
131,,,SE_Bt_Etc_GobrinTunkWhistle,SE_Bt_Etc_MadoWhistle_only,SE_Bt_Etc_GobrinTunkBye
132,,,SE_Bt_Etc_GobrinTunkWhistle,SE_Bt_Etc_MadoWhistle_only,SE_Bt_Etc_GobrinTunkBye
133,梦幻神威,,SE_Bt_Etc_InugamiWhistle,SE_Bt_Etc_GuuBooWhistle_only,SE_Bt_Etc_InugamiBye
134,,,SE_Bt_Etc_XmasKumaWhistle,SE_Bt_Etc_GuuBooWhistle_only,SE_Bt_Etc_XmasKumaBye
135,风火轮,,SE_Bt_Etc_FuukaNirinWhistle,SE_Bt_Etc_GuuBooWhistle_only,SE_Bt_Etc_FuukaNirinBye
136,斑鳐,,SE_Bt_Etc_MantaWhistle,SE_Bt_Etc_GuuBooWhistle_only,SE_Bt_Etc_MantaBye
137,,,SE_Bt_Etc_MantaWhistle,SE_Bt_Etc_GuuBooWhistle_only,SE_Bt_Etc_MantaBye
138,海蓝宝石兽,,SE_Bt_Etc_CarbuncleWhistle,SE_Bt_Etc_HarpieWhistle_only,SE_Bt_Etc_CarbuncleBye
139,黄水晶宝石兽,,SE_Bt_Etc_CarbuncleWhistle,SE_Bt_Etc_HarpieWhistle_only,SE_Bt_Etc_CarbuncleBye
140,飞行座椅,,SE_Bt_Etc_LanosceasofaWhistle,SE_Bt_Etc_GuuBooWhistle_only,SE_Bt_Etc_LanosceasofaBye
141,魔导复仇者骑乘型,,SE_Bt_Etc_MekagoriraWhistle,SE_Bt_Etc_MadoWhistle_only,SE_Bt_Etc_MekagoriraBye
142,叶大妖,,SE_Bt_Etc_MarimokunWhistle,SE_Bt_Etc_GuuBooWhistle_only,SE_Bt_Etc_MarimokunBye
143,赤兔马,,SE_Bt_Etc_SekitobaWhistle,SE_Bt_Etc_GuuBooWhistle_only,SE_Bt_Etc_SekitobaBye
144,白帝神威,,SE_Bt_Etc_InugamiWhistle,SE_Bt_Etc_GuuBooWhistle_only,SE_Bt_Etc_InugamiBye
145,拘束型魔导死亡爪,,SE_Bt_Etc_DeathClawWhistle,SE_Bt_Etc_MadoWhistle_only,SE_Bt_Etc_DeathClawBye
146,魔象,,SE_Bt_Etc_ElephantWhistle,SE_Bt_Etc_GuuBooWhistle_only,SE_Bt_Etc_ElephantBye
147,力气大的魔象,,SE_Bt_Etc_ElephantWhistle,SE_Bt_Etc_GuuBooWhistle_only,SE_Bt_Etc_ElephantBye
148,真狮鹫,,SE_Bt_Etc_GrifinWhistle,SE_Bt_Etc_GuuBooWhistle_only,SE_Bt_Etc_GrifinBye
149,真狮鹫,,SE_Bt_Etc_GrifinWhistle,SE_Bt_Etc_GuuBooWhistle_only,SE_Bt_Etc_GrifinBye
150,暴龙,,SE_Bt_Etc_TRexWhistle,SE_Bt_Etc_GuuBooWhistle_only,SE_Bt_Etc_TRexBye
151,雷迦利亚G型,,SE_Bt_Etc_CarWhistle,SE_Bt_Etc_MadoWhistle_only,SE_Bt_Etc_CarBye
152,飞天半心椅（右）,,SE_Bt_Etc_RightHeartWhistle,SE_Bt_Etc_GuuBooWhistle_only,SE_Bt_Etc_RightHeartBye
153,飞天半心椅（左）,,SE_Bt_Etc_RightHeartWhistle,SE_Bt_Etc_GuuBooWhistle_only,SE_Bt_Etc_RightHeartBye
154,提丰老师,,SE_Bt_Etc_TyuponeWhistle,SE_Bt_Etc_GuuBooWhistle_only,SE_Bt_Etc_TyuponeBye
155,,,SE_Bt_Etc_TyuponeWhistle,SE_Bt_Etc_GuuBooWhistle_only,SE_Bt_Etc_TyuponeBye
156,空军装甲,,SE_Bt_Etc_AirForceWhistle,SE_Bt_Etc_GuuBooWhistle_only,SE_Bt_Etc_AirForceBye
157,,,SE_Bt_Etc_AirForceWhistle,SE_Bt_Etc_GuuBooWhistle_only,SE_Bt_Etc_AirForceBye
158,幽夜神威,,SE_Bt_Etc_InugamiWhistle,SE_Bt_Etc_GuuBooWhistle_only,SE_Bt_Etc_InugamiBye
159,渡渡鸟,,SE_Bt_Etc_DodoWhistle,SE_Bt_Etc_GuuBooWhistle_only,SE_Bt_Etc_DodoBye
160,须鲸,,SE_Bt_Etc_KujiraWhistle,SE_Bt_Etc_GuuBooWhistle_only,SE_Bt_Etc_KujiraBye
161,火龙,,SE_Bt_Etc_NIKUBossWhistle,SE_Bt_Etc_GuuBooWhistle_only,SE_Bt_Etc_NIKUBossBye
162,魔导运输器,,SE_Bt_Etc_HakaseIsuWhistle,SE_Bt_Etc_MadoWhistle_only,SE_Bt_Etc_HakaseIsuBye
163,原型运输器,,SE_Bt_Etc_HakaseIsuWhistle,SE_Bt_Etc_MadoWhistle_only,SE_Bt_Etc_HakaseIsuBye
164,巨鲶鱼神轿,,SE_Bt_Etc_NamazuoWhistle,SE_Bt_Etc_GuuBooWhistle_only,SE_Bt_Etc_NamazuoBye
165,,,SE_Bt_Etc_NamazuoWhistle,SE_Bt_Etc_GuuBooWhistle_only,SE_Bt_Etc_NamazuoBye
166,绝地,,SE_Bt_Etc_SekitobaWhistle,SE_Bt_Etc_GuuBooWhistle_only,SE_Bt_Etc_SekitobaBye
167,输送系统,,SE_Bt_Etc_DaragabWhistle,SE_Bt_Etc_MadoWhistle_only,SE_Bt_Etc_DaragabBye
168,护送系统,,SE_Bt_Etc_DaragabWhistle,SE_Bt_Etc_MadoWhistle_only,SE_Bt_Etc_DaragabBye
169,,,SE_Bt_Etc_UnicornWhistle,SE_Bt_Etc_GuuBooWhistle_only,SE_Bt_Etc_UnicornBye
170,格拉尼,,SE_Bt_Etc_DarkUnicornWhistle,SE_Bt_Etc_GuuBooWhistle_only,SE_Bt_Etc_DarkUnicornBye
171,猫大胖,,SE_Bt_Etc_DebuNekoWhistle,SE_Bt_Etc_GuuBooWhistle_only,SE_Bt_Etc_DebuNekoBye
172,朱焰神威,,SE_Bt_Etc_InugamiWhistle,SE_Bt_Etc_GuuBooWhistle_only,SE_Bt_Etc_InugamiBye
173,欧米茄,,SE_Bt_Etc_OmegaWhistle,SE_Bt_Etc_MadoWhistle_only,SE_Bt_Etc_OmegaBye
174,魔导浮空装甲,,SE_Bt_Etc_SyumitWhistle,SE_Bt_Etc_MadoWhistle_only,SE_Bt_Etc_SyumitBye
175,魔法飞毯,,SE_Bt_Etc_JuutanWhistle,SE_Bt_Etc_GuuBooWhistle_only,SE_Bt_Etc_JuutanBye
176,魔导机车大魔,,SE_Bt_Etc_MagunarodersWhistle,SE_Bt_Etc_MadoWhistle_only,SE_Bt_Etc_MagunarodersBye
177,黑色胖陆行鸟,,SE_Bt_Etc_DebuCyokoboWhistle,SE_Bt_Etc_ChocoboWhistle_only,SE_Bt_Etc_DebuCyokoboBye
178,火巨人,,SE_Bt_Etc_FireIetyWhistle,SE_Bt_Etc_GuuBooWhistle_only,SE_Bt_Etc_FireIetyBye
179,改良型魔导机车大魔,,SE_Bt_Etc_MagunarodersWhistle,SE_Bt_Etc_MadoWhistle_only,SE_Bt_Etc_MagunarodersBye
180,帝王仙人刺,,SE_Bt_Etc_SabotenderWhistle,SE_Bt_Etc_GuuBooWhistle_only,SE_Bt_Etc_SabotenderBye
181,九尾神威,,SE_Bt_Etc_KyuubiWhistle,SE_Bt_Etc_GuuBooWhistle_only,SE_Bt_Etc_KyuubiBye
182,青君神威,,SE_Bt_Etc_InugamiWhistle,SE_Bt_Etc_GuuBooWhistle_only,SE_Bt_Etc_InugamiBye
183,战虎,,SE_Bt_Etc_ToraWhistle,SE_Bt_Etc_GuuBooWhistle_only,SE_Bt_Etc_ToraBye
184,优雷卡盐蓝燕,,SE_Bt_Etc_UmiushiWhistle,SE_Bt_Etc_GuuBooWhistle_only,SE_Bt_Etc_UmiushiBye
185,魔导复仇者寒冷地区特制型,,SE_Bt_Etc_MekagoriraWhistle,SE_Bt_Etc_MadoWhistle_only,SE_Bt_Etc_MekagoriraBye
186,半灵奥兹玛,,SE_Bt_Etc_OzmanWhistle,SE_Bt_Etc_GuuBooWhistle_only,SE_Bt_Etc_OzmaBye
187,阿马罗,,SE_Bt_Etc_RakudaDragoneWhistle,SE_Bt_Etc_GuuBooWhistle_only,SE_Bt_Etc_RakudaDragoneBye
188,气垫船,,SE_Bt_Etc_HoverWhistle,SE_Bt_Etc_MadoWhistle_only,SE_Bt_Etc_HoverBye
189,仙子玲龙,,SE_Bt_Etc_BanshinryuuWhistle,SE_Bt_Etc_GuuBooWhistle_only,SE_Bt_Etc_BanshinryuuBye
190,三角龙,,SE_Bt_Etc_TorikeratopusuWhistle,SE_Bt_Etc_GuuBooWhistle_only,SE_Bt_Etc_TorikeratopusuBye
191,青蛙号M,,SE_Bt_Etc_DowarfWhistle,SE_Bt_Etc_GuuBooWhistle_only,SE_Bt_Etc_DowarfBye
192,无瑕玲龙,,SE_Bt_Etc_BanshinryuuWhistle,SE_Bt_Etc_GuuBooWhistle_only,SE_Bt_Etc_BanshinryuuBye
193,魔法飞床,,SE_Bt_Etc_ShroudBedWhistle,SE_Bt_Etc_GuuBooWhistle_only,SE_Bt_Etc_ShroudBedBye
194,大陆之眼,,SE_Bt_Etc_AhrimanWhistle,SE_Bt_Etc_ChocoboWhistle_only,SE_Bt_Etc_AhrimanBye
195,金斗云,,SE_Bt_Etc_KintounWhistle,SE_Bt_Etc_GuuBooWhistle_only,SE_Bt_Etc_KintounBye
196,,,SE_Bt_Etc_RakudaDragoneWhistle,SE_Bt_Etc_GuuBooWhistle_only,SE_Bt_Etc_RakudaDragoneBye
197,斗虎,,SE_Bt_Etc_ToraWhistle,SE_Bt_Etc_GuuBooWhistle_only,SE_Bt_Etc_ToraBye
198,,,SE_Bt_Etc_RakudaDragoneWhistle,SE_Bt_Etc_GuuBooWhistle_only,SE_Bt_Etc_RakudaDragoneBye
199,,,SE_Bt_Etc_AhrimanWhistle,SE_Bt_Etc_ChocoboWhistle_only,SE_Bt_Etc_AhrimanBye
200,魔界花,,SE_Bt_Etc_MolbolWhistle,SE_Bt_Etc_GuuBooWhistle_only,SE_Bt_Etc_MolbolBye
201,猪大仙,,SE_Bt_Etc_FairyOakWhistle,SE_Bt_Etc_GuuBooWhistle_only,SE_Bt_Etc_FairyOakBye
202,厄毗米修斯,,SE_Bt_Etc_PrometeusWhistle,SE_Bt_Etc_MadoWhistle_only,SE_Bt_Etc_PrometeusBye
203,墨诺提俄斯,,SE_Bt_Etc_PrometeusWhistle,SE_Bt_Etc_MadoWhistle_only,SE_Bt_Etc_PrometeusBye
204,建筑7号,,SE_Bt_Etc_KoboldGolemWhistle,SE_Bt_Etc_MadoWhistle_only,SE_Bt_Etc_KoboldGolemBye
205,暗影玲龙,,SE_Bt_Etc_BanshinryuuWhistle,SE_Bt_Etc_GuuBooWhistle_only,SE_Bt_Etc_BanshinryuuBye
206,搬运魔石精,,SE_Bt_Etc_SpriganWhistle,SE_Bt_Etc_GuuBooWhistle_only,SE_Bt_Etc_SpriganBye
207,得到宽恕的沉默,,SE_Bt_Etc_YonsokuTenshiWhistle,SE_Bt_Etc_GuuBooWhistle_only,SE_Bt_Etc_YonsokuTenshiBye
208,长颈驼,,SE_Bt_Etc_DhalmelWhistle,SE_Bt_Etc_GuuBooWhistle_only,SE_Bt_Etc_DhalmelBye
209,白化黑羊,,SE_Bt_Etc_SheepWhistle,SE_Bt_Etc_GuuBooWhistle_only,SE_Bt_Etc_SheepBye
210,,,SE_Bt_Etc_FairyOakWhistle,SE_Bt_Etc_GuuBooWhistle_only,SE_Bt_Etc_FairyOakBye
211,巫菲提,,SE_Bt_Etc_GorilaWhistle,SE_Bt_Etc_GuuBooWhistle_only,SE_Bt_Etc_GorilaBye
212,恐爪龙,,SE_Bt_Etc_RaptorWhistle,SE_Bt_Etc_GuuBooWhistle_only,SE_Bt_Etc_RaptorBye
213,劳动十四号,,SE_Bt_Etc_Labor8Whistle,SE_Bt_Etc_GuuBooWhistle_only,SE_Bt_Etc_Labor8Bye
214,王孔雀,,SE_Bt_Etc_PeacockWhistle,SE_Bt_Etc_GuuBooWhistle_only,SE_Bt_Etc_PeacockBye
215,水蛇大人的罐子,,SE_Bt_Etc_TsuchinokoWhistle,SE_Bt_Etc_GuuBooWhistle_only,SE_Bt_Etc_TsuchinokoBye
216,无齿翼龙,,SE_Bt_Etc_PteranodonWhistle,SE_Bt_Etc_GuuBooWhistle_only,SE_Bt_Etc_PteranodonBye
217,红宝石玲龙,,SE_Bt_Etc_BanshinryuuWhistle,SE_Bt_Etc_GuuBooWhistle_only,SE_Bt_Etc_BanshinryuuBye
218,弓鲛,,SE_Bt_Etc_SharkWhistle,SE_Bt_Etc_GuuBooWhistle_only,SE_Bt_Etc_SharkBye
219,拉姆,,SE_Bt_Etc_1stRamuhWhistle,SE_Bt_Etc_GuuBooWhistle_only,SE_Bt_Etc_1stRamuhBye
220,红电气宝石兽,,SE_Bt_Etc_CarbuncleWhistle,SE_Bt_Etc_HarpieWhistle_only,SE_Bt_Etc_CarbuncleBye
221,,,SE_Bt_Etc_TsuchinokoWhistle,SE_Bt_Etc_GuuBooWhistle_only,SE_Bt_Etc_TsuchinokoBye
222,陆行鸟篷车,,SE_Bt_Etc_CCarriageWhistle,SE_Bt_Etc_ChocoboWhistle_only,SE_Bt_Etc_CCarriageBye
223,矮人战车,,SE_Bt_Etc_DTankWhistle,SE_Bt_Etc_MadoWhistle_only,SE_Bt_Etc_DTankBye
224,加百列α,,SE_Bt_Etc_ZeroGabrielWhistle,SE_Bt_Etc_MadoWhistle_only,SE_Bt_Etc_ZeroGabrieBye
225,硕山羊,,SE_Bt_Etc_GazelleWhistle,SE_Bt_Etc_GuuBooWhistle_only,SE_Bt_Etc_GazelleBye
226,光之玲龙,,SE_Bt_Etc_BanshinryuuWhistle,SE_Bt_Etc_GuuBooWhistle_only,SE_Bt_Etc_BanshinryuuBye
227,,,SE_Bt_Etc_DTankWhistle,SE_Bt_Etc_MadoWhistle_only,SE_Bt_Etc_DTankBye
228,地缚猫沙发,,SE_Bt_Etc_YKWChairWhistle,SE_Bt_Etc_GuuBooWhistle_only,SE_Bt_Etc_YKWChairBye
229,改良型魔导运输器,,SE_Bt_Etc_HakaseIsuWhistle,SE_Bt_Etc_MadoWhistle_only,SE_Bt_Etc_HakaseIsuBye
230,艾尔·图,,SE_Bt_Etc_ErtoWhistle,SE_Bt_Etc_GuuBooWhistle_only,SE_Bt_Etc_ErtoBye
231,英西塔土斯,,SE_Bt_Etc_UnicornWhistle,SE_Bt_Etc_GuuBooWhistle_only,SE_Bt_Etc_UnicornBye
232,雪人,,SE_Bt_Etc_SnowmanWhistle,SE_Bt_Etc_GuuBooWhistle_only,SE_Bt_Etc_SnowmanBye
233,真月魔导鲸,,SE_Bt_Etc_FF4MadosenWhistle,SE_Bt_Etc_MadoWhistle_only,SE_Bt_Etc_FF4MadosenBye
234,伊甸,,SE_Bt_Etc_EdenPrimelWhistle,SE_Bt_Etc_MadoWhistle_only,SE_Bt_Etc_EdenPrimeBye
235,刻耳柏洛斯,,SE_Bt_Etc_CerberusWhistle,SE_Bt_Etc_GuuBooWhistle_only,SE_Bt_Etc_CerberusBye
236,大壳蟹,,SE_Bt_Etc_FF11CrabWhistle,SE_Bt_Etc_GuuBooWhistle_only,SE_Bt_Etc_FF11CrabBye
237,阿里翁,,SE_Bt_Etc_6LeggedHorseWhistle,SE_Bt_Etc_GuuBooWhistle_only,SE_Bt_Etc_6LeggedHorseBye
238,绿宝石玲龙,,SE_Bt_Etc_BanshinryuuWhistle,SE_Bt_Etc_GuuBooWhistle_only,SE_Bt_Etc_BanshinryuuBye
239,原型魔导机车大魔,,SE_Bt_Etc_MagunarodersWhistle,SE_Bt_Etc_MadoWhistle_only,SE_Bt_Etc_MagunarodersBye
240,巧克力小妖,,SE_Bt_Etc_MarimokunWhistle,SE_Bt_Etc_GuuBooWhistle_only,SE_Bt_Etc_MarimokunBye
241,加百列III号机,,SE_Bt_Etc_ZeroGabrielWhistle,SE_Bt_Etc_MadoWhistle_only,SE_Bt_Etc_ZeroGabrieBye
242,雌羚羊,,SE_Bt_Etc_YackleFWhistle,SE_Bt_Etc_GuuBooWhistle_only,SE_Bt_Etc_YackleFBye
243,雄羚羊,,SE_Bt_Etc_YackleMWhistle,SE_Bt_Etc_GuuBooWhistle_only,SE_Bt_Etc_YackleMBye
244,,,SE_Bt_Etc_MadoWhistle,SE_Bt_Etc_MadoWhistle_only,SE_Bt_Etc_MadoBye
245,黑钢机龙连达巴非,,SE_Bt_Etc_MechDragonWhistle,SE_Bt_Etc_MadoWhistle_only,SE_Bt_Etc_MechDragonBye
246,王冠号,,SE_Bt_Etc_Bike12Whistle,SE_Bt_Etc_MadoWhistle_only,SE_Bt_Etc_Bike12Bye
247,巡航驱逐者,,SE_Bt_Etc_CChaserWhistle,SE_Bt_Etc_MadoWhistle_only,SE_Bt_Etc_CChaserBye
248,建筑06S号,,SE_Bt_Etc_KoboldGolemWhistle,SE_Bt_Etc_MadoWhistle_only,SE_Bt_Etc_KoboldGolemBye
249,钻石玲龙,,SE_Bt_Etc_BanshinryuuWhistle,SE_Bt_Etc_GuuBooWhistle_only,SE_Bt_Etc_BanshinryuuBye
250,极地熊,,SE_Bt_Etc_XmasKumaWhistle,SE_Bt_Etc_GuuBooWhistle_only,SE_Bt_Etc_XmasKumaBye
251,,,SE_Bt_Etc_MadoWhistle,SE_Bt_Etc_MadoWhistle_only,SE_Bt_Etc_MadoBye
252,巨鲶鱼金轿,,SE_Bt_Etc_NamazuoWhistle,SE_Bt_Etc_GuuBooWhistle_only,SE_Bt_Etc_NamazuoBye
253,金蛇大人的罐子,,SE_Bt_Etc_TsuchinokoWhistle,SE_Bt_Etc_GuuBooWhistle_only,SE_Bt_Etc_TsuchinokoBye
254,魔法幻卡,,SE_Bt_Etc_TTCWhistle,SE_Bt_Etc_GuuBooWhistle_only,SE_Bt_Etc_TTCBye
255,海岛蔓德拉,,SE_Bt_Etc_Mount_Mandragora_call,SE_Bt_Etc_GuuBooWhistle_only,SE_Bt_Etc_Mount_Mandragora_bye
256,海岛洋葱王子,,SE_Bt_Etc_Mount_Mandragora_call,SE_Bt_Etc_GuuBooWhistle_only,SE_Bt_Etc_Mount_Mandragora_bye
257,海岛茄子骑士,,SE_Bt_Etc_Mount_Mandragora_call,SE_Bt_Etc_GuuBooWhistle_only,SE_Bt_Etc_Mount_Mandragora_bye
258,海岛蒜头明星,,SE_Bt_Etc_Mount_Mandragora_call,SE_Bt_Etc_GuuBooWhistle_only,SE_Bt_Etc_Mount_Mandragora_bye
259,海岛番茄国王,,SE_Bt_Etc_Mount_Mandragora_call,SE_Bt_Etc_GuuBooWhistle_only,SE_Bt_Etc_Mount_Mandragora_bye
260,海岛蔓德拉王后,,SE_Bt_Etc_Mount_Mandragora_call,SE_Bt_Etc_GuuBooWhistle_only,SE_Bt_Etc_Mount_Mandragora_bye
261,永暗猞猁,,SE_Bt_Etc_Mount_Maju_call,SE_Bt_Etc_GuuBooWhistle_only,SE_Bt_Etc_Mount_Maju_bye
262,圣光猞猁,,SE_Bt_Etc_Mount_Maju_call,SE_Bt_Etc_GuuBooWhistle_only,SE_Bt_Etc_Mount_Maju_bye
263,阿尔戈斯,,SE_Bt_Etc_Mount_MoonDog_call,SE_Bt_Etc_GuuBooWhistle_only,SE_Bt_Etc_Mount_MoonDog_bye
264,恐慌装甲,,SE_Bt_Etc_Mount_Dread_call,SE_Bt_Etc_MadoWhistle_only,SE_Bt_Etc_Mount_Dread_bye
265,亚灵菲尼克司,,SE_Bt_Etc_Mount_Phoenix_call,SE_Bt_Etc_GuuBooWhistle_only,SE_Bt_Etc_Mount_Phoenix_bye
266,卡吕冬堤斯,,SE_Bt_Etc_Mount_Boar_call,SE_Bt_Etc_GuuBooWhistle_only,SE_Bt_Etc_Mount_Boar_bye
267,优胜犬,,SE_Bt_Etc_Mount_Bulldog_call,SE_Bt_Etc_GuuBooWhistle_only,SE_Bt_Etc_Mount_Bulldog_bye
268,等级检测仪,,SE_Bt_Etc_Mount_LvChecker_call,SE_Bt_Etc_MadoWhistle_only,SE_Bt_Etc_Mount_LvChecker_bye
269,猴面爸爸,,SE_Bt_Etc_Mount_Paissa_call,SE_Bt_Etc_GuuBooWhistle_only,SE_Bt_Etc_Mount_Paissa_bye
270,,,SE_Bt_Etc_TwinTaniaWhistle,SE_Bt_Etc_GuuBooWhistle_only,SE_Bt_Etc_TwinTaniaBye
271,,,SE_Bt_Etc_Bike12Whistle,SE_Bt_Etc_MadoWhistle_only,SE_Bt_Etc_Bike12Bye
272,,,SE_Bt_Etc_MadoWhistle,SE_Bt_Etc_MadoWhistle_only,SE_Bt_Etc_MadoBye
273,犀蜴,,SE_Bt_Etc_Mount_FF11Wivre_call,SE_Bt_Etc_GuuBooWhistle_only,SE_Bt_Etc_Mount_FF11Wivre_bye
274,仙子猪大王,,SE_Bt_Etc_FairyOakWhistle,SE_Bt_Etc_GuuBooWhistle_only,SE_Bt_Etc_FairyOakBye
275,,,SE_Bt_Etc_DodoWhistle,SE_Bt_Etc_GuuBooWhistle_only,SE_Bt_Etc_DodoBye
276,,,,,
277,加隆德GL-II,,SE_Bt_Etc_Mount_AmericanBike_call,SE_Bt_Etc_MadoWhistle_only,SE_Bt_Etc_Mount_AmericanBike_bye
278,,,,,
279,机巧莲座,,SE_Bt_Etc_Mount_Lotus_call,SE_Bt_Etc_GuuBooWhistle_only,SE_Bt_Etc_Mount_Lotus_bye
280,菲尔亚,,SE_Bt_Etc_Mount_ColorDragon_call,SE_Bt_Etc_GuuBooWhistle_only,SE_Bt_Etc_Mount_ColorDragon_bye
281,阿尔科诺斯特,,SE_Bt_Etc_Mount_Peryton_call,SE_Bt_Etc_GuuBooWhistle_only,SE_Bt_Etc_Mount_Peryton_bye
282,海岛水牛,,SE_Bt_Etc_Mount_Kujata_call,SE_Bt_Etc_GuuBooWhistle_only,SE_Bt_Etc_Mount_Kujata_bye
283,腕龙,,SE_Bt_Etc_Mount_Brachioraidos_call,SE_Bt_Etc_GuuBooWhistle_only,SE_Bt_Etc_Mount_Brachioraidos_bye
284,辅助机602,,SE_Bt_Etc_Mount_YTCPod_call,SE_Bt_Etc_MadoWhistle_only,SE_Bt_Etc_Mount_YTCPod_bye
285,月面跃动机,,SE_Bt_Etc_Mount_BuildSupporter_call,SE_Bt_Etc_MadoWhistle_only,SE_Bt_Etc_Mount_BuildSupporter_bye
286,海岛短吻鳄,,SE_Bt_Etc_Mount_Crocodile_call,SE_Bt_Etc_GuuBooWhistle_only,SE_Bt_Etc_Mount_Crocodile_bye
287,河马车,,SE_Bt_Etc_Mount_HippoCar_call,SE_Bt_Etc_GuuBooWhistle_only,SE_Bt_Etc_Mount_HippoCar_bye
288,巨魔,,SE_Bt_Etc_Mount_Troll_call,SE_Bt_Etc_GuuBooWhistle_only,SE_Bt_Etc_Mount_Troll_bye
289,,,SE_Bt_Etc_MadoWhistle,SE_Bt_Etc_MadoWhistle_only,SE_Bt_Etc_MadoBye
290,不明飞行物体？,,SE_Bt_Etc_Mount_FF8-UFO_call,SE_Bt_Etc_MadoWhistle_only,SE_Bt_Etc_Mount_FF8-UFO_bye
291,醋蝎龙,,SE_Bt_Etc_Mount_Biter_call,SE_Bt_Etc_GuuBooWhistle_only,SE_Bt_Etc_Mount_Biter_bye
292,正统裂钳蟹,,SE_Bt_Etc_Mount_HorseshoeCrab_call,SE_Bt_Etc_GuuBooWhistle_only,SE_Bt_Etc_Mount_HorseshoeCrab_bye
293,蓝羽猞猁,,SE_Bt_Etc_Mount_Maju_call,SE_Bt_Etc_GuuBooWhistle_only,SE_Bt_Etc_Mount_Maju_bye
294,大大柴,,SE_Bt_Etc_Mount_Shiba_call,SE_Bt_Etc_GuuBooWhistle_only,SE_Bt_Etc_Mount_Shiba_bye
295,,,SE_Bt_Etc_Mount_HippoCar_call,SE_Bt_Etc_GuuBooWhistle_only,SE_Bt_Etc_Mount_HippoCar_bye
296,,,SE_Bt_Etc_Mount_HippoCar_call,SE_Bt_Etc_GuuBooWhistle_only,SE_Bt_Etc_Mount_HippoCar_bye
297,旅行协助机,,SE_Bt_Etc_Mount_MainteRobo_call,SE_Bt_Etc_MadoWhistle_only,SE_Bt_Etc_Mount_MainteRobo_bye
298,缪·缪咻,,SE_Bt_Etc_Mount_SpaceJellyfish_call,SE_Bt_Etc_GuuBooWhistle_only,SE_Bt_Etc_Mount_SpaceJellyfish_bye
299,幻奇猎鹰,,SE_Bt_Etc_BirdWhistle,SE_Bt_Etc_GuuBooWhistle_only,SE_Bt_Etc_BirdBye
300,魔法雨伞,,SE_Bt_Etc_Mount_Umbrella_call,SE_Bt_Etc_GuuBooWhistle_only,SE_Bt_Etc_Mount_Umbrella_bye
301,魔法阳伞,,SE_Bt_Etc_Mount_Umbrella_call,SE_Bt_Etc_GuuBooWhistle_only,SE_Bt_Etc_Mount_Umbrella_bye
302,幻象闪电,,SE_Bt_Etc_Mount_Reindeer_call,SE_Bt_Etc_GuuBooWhistle_only,SE_Bt_Etc_Mount_Reindeer_bye
303,希拉狄哈王座,,SE_Bt_Etc_Mount_VVDChair_call,SE_Bt_Etc_GuuBooWhistle_only,SE_Bt_Etc_Mount_VVDChair_bye
304,羽衣精,,SE_Bt_Etc_Mount_NanaFamiliar_call,SE_Bt_Etc_GuuBooWhistle_only,SE_Bt_Etc_Mount_NanaFamiliar_bye
305,炎灵兽,,SE_Bt_Etc_Mount_FlameBeast_call,SE_Bt_Etc_GuuBooWhistle_only,SE_Bt_Etc_Mount_FlameBeast_bye
306,煞风猞猁,,SE_Bt_Etc_Mount_Maju_call,SE_Bt_Etc_GuuBooWhistle_only,SE_Bt_Etc_Mount_Maju_bye
307,,,SE_Bt_Etc_Mount_SpaceJellyfish_call,SE_Bt_Etc_GuuBooWhistle_only,SE_Bt_Etc_Mount_SpaceJellyfish_bye
308,永恒,,SE_Bt_Etc_ToraWhistle,SE_Bt_Etc_GuuBooWhistle_only,SE_Bt_Etc_ToraBye
309,,,SE_Bt_Etc_Mount_BuildSupporter_call,SE_Bt_Etc_MadoWhistle_only,SE_Bt_Etc_Mount_BuildSupporter_bye
310,青磷气球,,SE_Bt_Etc_Mount_Balloon_call,SE_Bt_Etc_GuuBooWhistle_only,SE_Bt_Etc_Mount_Balloon_bye
311,安登三世,,SE_Bt_Etc_Mount_GrassFace_call,SE_Bt_Etc_GuuBooWhistle_only,SE_Bt_Etc_Mount_GrassFace_bye
312,黑杰克号,,SE_Bt_Etc_Mount_BlackJack_call,SE_Bt_Etc_MadoWhistle_only,SE_Bt_Etc_Mount_BlackJack_bye
313,法厄同,,SE_Bt_Etc_IxionWhistle,SE_Bt_Etc_GuuBooWhistle_only,SE_Bt_Etc_IxionBye
314,粉红,,SE_Bt_Etc_ElephantWhistle,SE_Bt_Etc_GuuBooWhistle_only,SE_Bt_Etc_ElephantBye
315,炀火猞猁,,SE_Bt_Etc_Mount_Maju_call,SE_Bt_Etc_GuuBooWhistle_only,SE_Bt_Etc_Mount_Maju_bye
316,魔导复仇者金色涂装特制型,,SE_Bt_Etc_MekagoriraWhistle,SE_Bt_Etc_MadoWhistle_only,SE_Bt_Etc_MekagoriraBye
317,克律索马罗斯,,SE_Bt_Etc_SheepWhistle,SE_Bt_Etc_GuuBooWhistle_only,SE_Bt_Etc_SheepBye
318,加隆德GL-IS,,SE_Bt_Etc_Mount_Sidecar_call,SE_Bt_Etc_MadoWhistle_only,SE_Bt_Etc_Mount_Sidecar_bye
319,巨型钝口螈,,SE_Bt_Etc_Mount_WooperLooper_call,SE_Bt_Etc_GuuBooWhistle_only,SE_Bt_Etc_Mount_WooperLooper_bye
320,新生不死鸟,,SE_Bt_Etc_Mount_10thPhoenix_call,SE_Bt_Etc_GuuBooWhistle_only,SE_Bt_Etc_Mount_10thPhoenix_bye
321,荡悠悠,,SE_Bt_Etc_Mount_VVD2-ObakeChochin_call,SE_Bt_Etc_GuuBooWhistle_only,SE_Bt_Etc_Mount_VVD2-ObakeChochin_bye
322,狮子王子,,SE_Bt_Etc_Mount_VVD2-Nue_call,SE_Bt_Etc_GuuBooWhistle_only,SE_Bt_Etc_Mount_VVD2-Nue_bye
323,影狼,,SE_Bt_Etc_Mount_KageOh_call,SE_Bt_Etc_GuuBooWhistle_only,SE_Bt_Etc_Mount_KageOh_bye
324,魔法儿童床,,SE_Bt_Etc_Mount_BedKusocho_call,SE_Bt_Etc_GuuBooWhistle_only,SE_Bt_Etc_Mount_BedKusocho_bye
325,暗影猞猁,,SE_Bt_Etc_Mount_Maju_call,SE_Bt_Etc_GuuBooWhistle_only,SE_Bt_Etc_Mount_Maju_bye
326,托加尔,,SE_Bt_Etc_Mount_SXT_call,SE_Bt_Etc_MadoWhistle_only,SE_Bt_Etc_Mount_SXT_bye
327,方舟,,SE_Bt_Etc_Mount_CEArk_call,SE_Bt_Etc_MadoWhistle_only,SE_Bt_Etc_Mount_CEArk_bye
328,巴哈姆特·幽愿,,SE_Bt_Etc_Mount_FF4-Bahamut_call,SE_Bt_Etc_GuuBooWhistle_only,SE_Bt_Etc_Mount_FF4-Bahamut_bye
329,弦月,,SE_Bt_Etc_Mount_Tsuki_to_Leporrit_call,SE_Bt_Etc_GuuBooWhistle_only,SE_Bt_Etc_Mount_Tsuki_to_Leporrit_bye
330,糖豆犀牛,,SE_Bt_Etc_Mount_FGS_call,SE_Bt_Etc_MadoWhistle_only,SE_Bt_Etc_Mount_FGS_bye
331,压迫者,,SE_Bt_Etc_Mount_Yosai_2soku_call,SE_Bt_Etc_MadoWhistle_only,SE_Bt_Etc_Mount_Yosai_2soku_bye
332,深渊猞猁,,SE_Bt_Etc_Mount_Maju_call,SE_Bt_Etc_GuuBooWhistle_only,SE_Bt_Etc_Mount_Maju_bye
333,月光仙人刺,,SE_Bt_Etc_Mount_UchuSaboten_call,SE_Bt_Etc_GuuBooWhistle_only,SE_Bt_Etc_Mount_UchuSaboten_bye
334,斯塔缇丝幻影,,SE_Bt_Etc_Mount_Nimue_call,SE_Bt_Etc_GuuBooWhistle_only,SE_Bt_Etc_Mount_Nimue_bye
335,加隆德GL-IIT,,SE_Bt_Etc_Mount_TractorBike_call,SE_Bt_Etc_MadoWhistle_only,SE_Bt_Etc_Mount_TractorBike_bye
336,皮蒂,,SE_Bt_Etc_GuuBooWhistle,SE_Bt_Etc_GuuBooWhistle_only,SE_Bt_Etc_GuuBooBye
337,,,,,
338,库阿库阿,,SE_Bt_Etc_Mount_SenreijuCu_call,SE_Bt_Etc_GuuBooWhistle_only,SE_Bt_Etc_Mount_SenreijuCu_bye
339,海岛皮里福尔,,SE_Bt_Etc_Mount_Mandragora_call,SE_Bt_Etc_GuuBooWhistle_only,SE_Bt_Etc_Mount_Mandragora_bye
340,海岛沙漠玫瑰,,SE_Bt_Etc_Mount_Mandragora_call,SE_Bt_Etc_GuuBooWhistle_only,SE_Bt_Etc_Mount_Mandragora_bye
341,,,SE_Bt_Etc_GuuBooWhistle,SE_Bt_Etc_GuuBooWhistle_only,SE_Bt_Etc_GuuBooBye
342,小鸣鼠,,SE_Bt_Etc_Mount_BladeMomonga_call,SE_Bt_Etc_GuuBooWhistle_only,SE_Bt_Etc_Mount_BladeMomonga_bye
343,飞梭A9,,SE_Bt_Etc_Mount_9thAirBike_call,SE_Bt_Etc_MadoWhistle_only,SE_Bt_Etc_Mount_9thAirBike_bye
344,羊驼,,SE_Bt_Etc_Mount_Alpaca_call,SE_Bt_Etc_GuuBooWhistle_only,SE_Bt_Etc_Mount_Alpaca_bye
345,天灾之翼,,SE_Bt_Etc_Mount_Wing_call,SE_Bt_Etc_GuuBooWhistle_only,SE_Bt_Etc_Mount_Wing_bye
346,奇迹之翼,,SE_Bt_Etc_Mount_Wing_call,SE_Bt_Etc_GuuBooWhistle_only,SE_Bt_Etc_Mount_Wing_bye
347,外勤机,,SE_Bt_Etc_Mount_Guideroid_call,SE_Bt_Etc_MadoWhistle_only,SE_Bt_Etc_Mount_Guideroid_bye
348,美花帕拉,,SE_Bt_Etc_Mount_Capybara_call,SE_Bt_Etc_GuuBooWhistle_only,SE_Bt_Etc_Mount_Capybara_bye
349,独轮车S1,,SE_Bt_Etc_Mount_MonoBike_call,SE_Bt_Etc_MadoWhistle_only,SE_Bt_Etc_Mount_MonoBike_bye
350,犎牛,,SE_Bt_Etc_Mount_AmericanBison_call,SE_Bt_Etc_GuuBooWhistle_only,SE_Bt_Etc_Mount_AmericanBison_bye
351,乌勒尔,,SE_Bt_Etc_Mount_ArmoredWyvern_call,SE_Bt_Etc_GuuBooWhistle_only,SE_Bt_Etc_Mount_ArmoredWyvern_bye
352,凯吉古拉,,SE_Bt_Etc_Mount_PteranodonRock_call,SE_Bt_Etc_GuuBooWhistle_only,SE_Bt_Etc_Mount_PteranodonRock_bye
353,半机器龟,,SE_Bt_Etc_Mount_AdamanCyber_call,SE_Bt_Etc_MadoWhistle_only,SE_Bt_Etc_Mount_AdamanCyber_bye
354,浪祖,,SE_Bt_Etc_ZooWhistle,SE_Bt_Etc_GuuBooWhistle_only,SE_Bt_Etc_ZooBye
355,,,SE_Bt_Etc_Mount_Alpaca_call,SE_Bt_Etc_GuuBooWhistle_only,SE_Bt_Etc_Mount_Alpaca_bye
356,酒桶刺,,SE_Bt_Etc_Mount_MachoSaboten_call,SE_Bt_Etc_GuuBooWhistle_only,SE_Bt_Etc_Mount_MachoSaboten_bye
357,食蛋兽,,SE_Bt_Etc_Mount_Arikui_call,SE_Bt_Etc_GuuBooWhistle_only,SE_Bt_Etc_Mount_Arikui_bye
358,海牛,,SE_Bt_Etc_Mount_BigManatee_call,SE_Bt_Etc_GuuBooWhistle_only,SE_Bt_Etc_Mount_BigManatee_bye
359,,,,,
360,暗黑羽衣,,SE_Bt_Etc_Mount_KurayamiKumo_call,SE_Bt_Etc_GuuBooWhistle_only,SE_Bt_Etc_Mount_KurayamiKumo_bye
361,暗黑领域,,SE_Bt_Etc_Mount_AnkokuTenku_call,SE_Bt_Etc_GuuBooWhistle_only,SE_Bt_Etc_Mount_AnkokuTenku_bye
362,风火锅,,SE_Bt_Etc_Mount_Hinabe_call,SE_Bt_Etc_GuuBooWhistle_only,SE_Bt_Etc_Mount_Hinabe_bye
363,永恒之翼,,SE_Bt_Etc_Mount_Wing_call,SE_Bt_Etc_GuuBooWhistle_only,SE_Bt_Etc_Mount_Wing_bye
364,强力机兵,,SE_Bt_Etc_Mount_WKSMech1_call,SE_Bt_Etc_MadoWhistle_only,SE_Bt_Etc_Mount_WKSMech1_bye
365,商贾神威,,SE_Bt_Etc_InugamiWhistle,SE_Bt_Etc_GuuBooWhistle_only,SE_Bt_Etc_InugamiBye
366,,,,,
367,,,,,
368,CHL P-0005,,,,
369,,,SE_Bt_Etc_Mount_BigManatee_call,SE_Bt_Etc_GuuBooWhistle_only,SE_Bt_Etc_Mount_BigManatee_bye
370,,,,,
371,,,,,
372,恶魔板,,SE_Bt_Etc_Mount_DemonWallMKD_call,SE_Bt_Etc_GuuBooWhistle_only,SE_Bt_Etc_Mount_DemonWallMKD_call_bye
373,瓣齿鲨,,SE_Bt_Etc_Mount_SameNingen_call,SE_Bt_Etc_GuuBooWhistle_only,SE_Bt_Etc_Mount_SameNingen_bye
374,陪伴雪人,,SE_Bt_Etc_SnowmanWhistle,SE_Bt_Etc_GuuBooWhistle_only,SE_Bt_Etc_SnowmanBye
375,,,,,
376,,,,,
377,,,,,
378,CHL W-0001,,,,
379,,,,,
380,,,,,
381,拟鸟枝,,SE_Bt_Etc_Mount_ShinpiTori_call,SE_Bt_Etc_GuuBooWhistle_only,SE_Bt_Etc_Mount_ShinpiTori_bye
382,飞梭C9,,SE_Bt_Etc_Mount_SolutionNineCar_call,SE_Bt_Etc_MadoWhistle_only,SE_Bt_Etc_Mount_SolutionNineCar_bye
383,古代魔法船,,SE_Bt_Etc_Mount_MKDHikousen_call,SE_Bt_Etc_MadoWhistle_only,SE_Bt_Etc_Mount_MKDHikousen_bye
384,,,,,
385,高机动型强力机兵,,SE_Bt_Etc_Mount_WKSMech1_call,SE_Bt_Etc_MadoWhistle_only,SE_Bt_Etc_Mount_WKSMech1_bye
386,,,,,
387,,,,,
388,进击的好脑袋,,SE_Bt_Etc_Mount_Mandragora_call,SE_Bt_Etc_GuuBooWhistle_only,SE_Bt_Etc_Mount_Mandragora_bye
389,骑士之翼,,SE_Bt_Etc_Mount_Wing_call,SE_Bt_Etc_GuuBooWhistle_only,SE_Bt_Etc_Mount_Wing_bye
390,魔导螳螂,,SE_Bt_Etc_Mount_KamakiriMech_call,SE_Bt_Etc_MadoWhistle_only,SE_Bt_Etc_Mount_KamakiriMech_bye
391,,,SE_Bt_Etc_Mount_ShinpiTori_call,SE_Bt_Etc_GuuBooWhistle_only,SE_Bt_Etc_Mount_ShinpiTori_bye
392,,,,,
393,,,,,
394,,,,,
395,,,,,
396,南瓜怪,,SE_Bt_Etc_Mount_Mandragora_call,SE_Bt_Etc_GuuBooWhistle_only,SE_Bt_Etc_Mount_Mandragora_bye
397,蓬松猫,,SE_Bt_Etc_Mount_Neko_call,SE_Bt_Etc_GuuBooWhistle_only,SE_Bt_Etc_Mount_Neko_bye
398,,,,,
399,,,,,
400,羊,,SE_Bt_Etc_Mount_FF9_Yarn_call,SE_Bt_Etc_GuuBooWhistle_only,SE_Bt_Etc_Mount_FF9_Yarn_bye
401,,,,,
402,,,,,
403,,,,,
404,,,,,
405,,,,,
406,,,SE_Bt_Etc_Mount_Mandragora_call,SE_Bt_Etc_GuuBooWhistle_only,SE_Bt_Etc_Mount_Mandragora_bye
407,死亡之翼,,SE_Bt_Etc_Mount_Wing_call,SE_Bt_Etc_GuuBooWhistle_only,SE_Bt_Etc_Mount_Wing_bye
408,,,,,
409,,,,,
410,,,,,
411,,,,,
412,,,,,
413,,,,,
414,,,,,
415,,,,,
416,,,,,
417,,,,,
418,,,,,
419,,,,,
420,,,,,
421,,,,,
422,,,,,
423,,,,,
424,,,,,
425,,,,,
426,,,,,
427,,,,,
428,,,,,
429,,,,,
430,,,,,
431,,,,,
432,,,,,
433,,,,,
434,,,,,
435,,,,,
436,,,,,
437,,,,,
438,,,,,
439,,,,,
440,,,,,
441,,,,,
442,,,,,
443,,,,,
444,,,,,
445,,,,,
446,,,,,
447,,,,,
448,,,,,
449,,,,,
450,,,,,
