key,8,9,10
#,ChapterName,ChapterPart,Transient
offset,0,4,8
int32,str,str,str
0,,,
1,重生之境1,,某位冒险者来到了受众神眷顾之地——艾欧泽亚。<hex:02100103>冒险者追求的是力量、名誉，或是财富吗？还是说……<hex:02100103>被母水晶引导的光之战士、日后被人们称为英雄的冒险者，<hex:02100103>从这一刻开始，踏上了漫长的旅途。
2,重生之境2,,巡回艾欧泽亚三国后，冒险者发现各国都面临着严峻的问题。<hex:02100103>正在此时，冒险者遇到了秘密组织“拂晓血盟”的一位成员。<hex:02100103>为了探寻超越之力和自己所看到的幻象到底代表了什么，<hex:02100103>冒险者来到了拂晓血盟的根据地。
3,重生之境3,,在成功讨伐了蛮神伊弗利特后，冒险者为众人所瞩目，<hex:02100103>被认为是“光之战士”再现。<hex:02100103>声名大噪的冒险者同样引起了暗之使徒无影的注意，短暂对峙过后，<hex:02100103>冒险者开始追踪在艾欧泽亚暗中活跃的面具男无影拉哈布雷亚。
4,重生之境4,,在海雄旅团的帮助下，光之战士成功地讨伐了蛮神泰坦。<hex:02100103>而注意到有人正暗中关注着这场激斗的雅·修特拉，<hex:02100103>也明白了加雷马帝国与无影之间的合作关系。<hex:02100103>为了制定今后的行动方针，光之战士回到了沙之家。
5,第七星历1,,光之战士一行成功突破了天幕魔导城，粉碎了帝国的野心。<hex:02100103>人们终于走出了第七灵灾的阴霾，开始迈向第七星历。<hex:02100103>对于以拯救艾欧泽亚为目标的拂晓血盟来说，这是一次巨大的迈进。<hex:02100103>然而，开始受到关注的拂晓血盟也面临着新的问题。
6,第七星历2,,虽然艾欧泽亚进入了第七星历，但各地依然动乱频发。<hex:02100103>蛮族与蛮神、消失的瓦尔岛、难民的涌入与暴动，以及库尔札斯的异端者……<hex:02100103>阿尔菲诺创设的先锋组织“水晶义勇队”要面对艾欧泽亚堆积成山的问题，<hex:02100103>一时有些应接不暇。
7,苍穹之禁城 1,,在沙蝎众罗罗力特的谋略下，拂晓血盟被扣上了暗杀女王的罪名。<hex:02100103>名声扫地的英雄与失意的阿尔菲诺共同踏上了前往北地库尔札斯的路。<hex:02100103>坐落在那片土地上的宗教都市伊修加德，是一座闭关锁国、独自与龙族争斗了千年之久的独特国家。
8,苍穹之禁城 2,,造访龙族的领域，见到了圣龙赫拉斯瓦尔格的一行人得知了有关龙诗战争起因的真相。<hex:02100103>原来在很久很久以前，人类与龙族曾和平相处，是人类国王的背叛导致了两族的对立……<hex:02100103>为了阻止悲剧的延续，光之战士与苍天之龙骑士向邪龙发起了挑战。
9,龙诗战争终章,,付出莫大的牺牲后，光之战士在魔大陆的决战中取得了最终胜利，斩断了导致战争无法终结的要因。<hex:02100103>但这并不意味着纷争能立刻结束……<hex:02100103>任谁都能看出，在伊修加德前进的道路上，还有着无数的艰难险阻等在那里。
10,龙诗战争尾声,,经历云廊的决战，尼德霍格的邪影消散，<hex:02100103>持续千年的龙诗战争终告完结。<hex:02100103>但一个故事的结束，也意味着另一个故事的开始。<hex:02100103>此处记载了那位伯爵的回忆录中未曾收录故事……
11,红莲之狂潮 1,,为了将阿拉米格从加雷马帝国的残暴统治中解放出来，<hex:02100103>艾欧泽亚同盟军开始了行动。<hex:02100103>与此同时，东洲奥萨德次大陆也燃起了反攻的狼烟。<hex:02100103>光之战士的冒险之旅不再局限于艾欧泽亚，开始向东方迈进。
12,红莲之狂潮 2,,经过在红玉海的冒险，光之战士一行在曾经由多玛统治的延夏之地再次目睹了帝国治下领地的惨状。<hex:02100103>为了拯救被代理总督夜露压迫的百姓们，光之战士一行向多玛少主藏身的太阳神草原进发。
13,解放战争战后 1,,解放，既是统治的终结，也是新生的开始。<hex:02100103>站在时代临界点上的人们，又能否勇敢面对过去和未来，做出自己的抉择？<hex:02100103>为建国奔走的莉瑟、被囚禁于昏暗牢房的芙朵拉、达成夙愿的猛将劳班，<hex:02100103>他们又将选择怎样的道路与归宿？
14,解放战争战后 2,,活跃在加雷马帝国核心的“芝诺斯样貌的男性”，<hex:02100103>皇太子芝诺斯消失的遗体……<hex:02100103>一连串谜团的背后都显现出混沌使者无影干预的痕迹。<hex:02100103>就在此时，一位使者造访了拂晓血盟的总部石之家。
15,暗影之逆焰 1,,光之战士成功从帝国的统治中解放了多玛与阿拉米格，<hex:02100103>然而支撑着英雄的拂晓贤人们却在神秘的呼唤声中接连倒下。<hex:02100103>背向边境线上战火熊熊燃烧的基姆利特暗区，<hex:02100103>冒险者毅然遵从声音的指引，开启了前往新世界的旅程……
16,暗影之逆焰 2,,暗之战士一行为拉凯提卡大森林夺回了夜晚，<hex:02100103>然而诺弗兰特充满无尽光明的地域还有很多。<hex:02100103>将爱梅特赛尔克透露的惊人真相收于心底，<hex:02100103>一行人再次踏上了叛逆的旅途。
17,巴哈姆特大迷宫,,由于奈尔·范·达纳斯推进的“陨石计划”，<hex:02100103>卫月碎裂、坠落到了艾欧泽亚。<hex:02100103>通过卫月的残骸探索埋藏于地下的大迷宫，<hex:02100103>探寻隐藏在黑暗中的“第七灵灾的真相”吧！
18,水晶塔,,长久以来，人们都以为圣典中记述的绚丽水晶巨塔仅仅只是一个传说。<hex:02100103>然而，在第七灵灾的影响下，水晶塔的身影出现在了摩杜纳的土地上。<hex:02100103>和探寻亚拉戈秘密的同伴们一起解开水晶塔之谜吧！
19,亚历山大机神城,,一座机械巨城突然出现在了位于龙堡内陆低地的沙利亚克河中段。<hex:02100103>面对这新的蛮神威胁，光之战士们再次挺身而出！<hex:02100103>就这样，一场穿越时光的大冒险拉开了帷幕。
20,玛哈之影,,空贼，那是一群驾驭着自己心爱的飞空艇、自由翱翔于天空追寻各处秘境与秘宝的无畏之人。<hex:02100103>然而在这样一群人中间，近日却流传出了“有一条幽灵船在云海中徘徊”的恐怖传闻。<hex:02100103>时值大航空时代，古代魔法师们建造的魔航船“方舟”显露了它的身影。
21,上古众神,,魔大陆阿济兹封印着古代蛮神“三斗神”，<hex:02100103>其中的魔神萨菲洛特即将苏醒。<hex:02100103>从来访血盟的蛇心口中知晓了这一危机的光之战士展开了新的死斗……
22,欧米茄时空狭缝,,为了从蛮神的威胁中解救艾欧泽亚，<hex:02100103>西德与尼禄启动了古代兵器“欧米茄”。<hex:02100103>它与神龙大战一番后，消失在了基拉巴尼亚方向。<hex:02100103>由此，一场超乎想象的战斗即将在时空狭缝展开。
23,重返伊瓦利斯,,远东之国的黄金港迎来了一艘名为“初见号”的移动空中剧场。<hex:02100103>这个凭借音乐剧«黄道勇士传奇»在加雷马帝国极富盛名的剧团为何会来到这远东的商港？<hex:02100103>我们的故事即将重返那梦幻般的国度——伊瓦利斯。
24,四圣兽奇谭,,“典膳驱鬼”讲的是一名武士带着拥有神奇力量的“四圣兽”挑战鬼怪的故事。<hex:02100103>然而在这个传说故事的背后，究竟隐藏着怎样的真相呢？<hex:02100103>红玉海的角落里，奇妙的物语正在拉开序幕。
25,非著名调查员,,在第七灵灾中丧生的那个男人又回来了！<hex:02100103>天知地知事件知，其乃漂泊的调查员——希尔迪布兰德！<hex:02100103>请和勇敢无畏且充满智慧的绅士一起，<hex:02100103>解决困扰艾欧泽亚人民的案件吧！
26,非著名调查员：苍穹之章,,调查员希尔迪布兰德飞向高空，消失在北方天际。<hex:02100103>调查员助手娜修·玛卡拉卡追随他的行踪，来到了北方皇都伊修加德。<hex:02100103>希尔迪布兰德究竟是否还活着？<hex:02100103>在北方的冻土上，调查员的故事拉开了新的序幕！
27,非著名调查员：红莲之章,,追随着消失在东方天际的绅士，娜修·玛卡拉卡来到了遥远的东方国度。<hex:02100103>在这里，她听说了在黄金港作乱的“小贼一匹狼”的传闻……<hex:02100103>调查员故事的第三幕自此开始！
28,圣恩达利姆神学院记,,光之战士揭露了龙诗战争的真相，<hex:02100103>却也从根本上颠覆了伊修加德的宗教与历史。<hex:02100103>此事波及到培养伊修加德正教神职人员的“圣恩达利姆神学院”，<hex:02100103>引发了一场将诸多学子卷入其中的骚乱。
29,龙诗战争外传,,追忆而行，踏过那银色的雪原，<hex:02100103>浮现于眼前的，是友人不变的笑脸。<hex:02100103>龙诗战争结束了。光之战士踏上了一段回忆之旅。
30,刻木匠任务 1,,在格里达尼亚，人们利用黑衣森林所赐予的自然恩惠，发展出了各式各样的木材加工技术。<hex:02100103>而聚集了众多从事刻木行业人员的“刻木匠行会”也成为了保障人们生活基础的一个重要支点。<hex:02100103>冒险者跟随热爱木材的刻木匠行会会长贝亚坦学习刻木技术，<hex:02100103>通过自己制作的作品，为森都的住民们解决着各种各样的烦恼。
31,刻木匠任务 2,,围绕着行会会长贝亚坦的朋友盖伊尔哈德的弓所引发的骚动，<hex:02100103>在冒险者制作的新弓和盖伊尔哈德的平安归来下顺利地解决了。<hex:02100103>而作为刻木匠略有所成的冒险者，也接受了贝亚坦的嘱托，<hex:02100103>带着一杆用旧了的枪，出发前往伊修加德。
32,刻木匠任务 3,,以成为骑士为目标的巴尔托维厄，利用冒险者制作的枪，<hex:02100103>成功地打倒了父亲的仇敌狐蛇飞龙，加入了神殿骑士团。<hex:02100103>在见证了巴尔托维厄开始新生活后，<hex:02100103>冒险者又接受了监督新人刻木匠的任务，动身前往远东之国。
33,锻铁匠任务 1,,说到利姆萨·罗敏萨锻铁技术的发展，就不得不提起海盗和地灵族。<hex:02100103>而锻铁匠行会则一直守护传承着这项在改良和交流中发展起来的技术。<hex:02100103>跟随在时常因操心而胃痛的锻铁匠行会会长布瑞赛尔身边学习的冒险者，<hex:02100103>通过一件件委托，不断地磨练着自己的技艺。
34,锻铁匠任务 2,,成功完成了贸易商人费兹阿尔的委托后，冒险者的优秀技术得到了行会会长布瑞赛尔的认可。<hex:02100103>胃痛得到缓解的布瑞赛尔，又将一项来自伊修加德名门贵族的委托交给了冒险者。
35,锻铁匠任务 3,,没落贵族杰尔凡家的年轻家主洛莉斯，<hex:02100103>在冒险者的帮助下修好了宝剑，踏出了参选神殿骑士的第一步。<hex:02100103>顺利地结束了伊修加德的工作后，冒险者又被卷入了另一场风波，<hex:02100103>一位来自东方的少女，想要加入锻铁匠行会……
36,铸甲匠任务 1,,一些专精于板金技术的匠人们从锻铁匠中独立出来，成立了铸甲匠行会，<hex:02100103>他们一边和锻铁匠行会切磋较量，一边共同支撑着利姆萨·罗敏萨人们的生活。<hex:02100103>冒险者跟随着重视技术共享与传承的行会会长赫·纳恩萨，<hex:02100103>在和行会的伙伴们一起钻研着铸甲技术时，一名铸甲匠挡在了冒险者的面前。
37,铸甲匠任务 2,,冒险者与孤高的铸甲匠布兰修提尔定下的三局两胜之约，<hex:02100103>在梅尔维布提督的裁定下，最终以冒险者的胜利落下了帷幕。<hex:02100103>冷静下来的布兰修提尔也在冒险者一行人的帮助下重新振作了起来，开始了新的修行。
38,铸甲匠任务 3,,通过解决冒险者一行人的委托，铸甲匠布兰修提尔学会了体察客人的意向，<hex:02100103>以及与同伴更好地配合，有了很大的成长。<hex:02100103>然而，这个好强的男人并不会就这样轻易安分下来，<hex:02100103>于是冒险者与布兰修提尔一同踏上了前往东方的旅途，开始了新技术的交流。
39,雕金匠任务 1,,因萨纳兰地区拥有丰富的矿产资源，再加上乌尔达哈作为繁荣的贸易都市的优势，<hex:02100103>雕金文化在乌尔达哈十分发达，许多从事雕金行业的匠人都在“雕金匠行会”大展身手。<hex:02100103>冒险者跟随文静的行会会长赛伦蒂碧提与拥有审美之眼的魔法人偶一起钻研雕金技术，<hex:02100103>却意外地被卷入了某个事件中。
40,雕金匠任务 2,,在城中引起骚动的传说中的欺诈师狐狸杰德终于被绳之以法，<hex:02100103>魔法人偶涅吉也在冒险者制作的装饰品下成功地被修复了。<hex:02100103>行会会长赛伦蒂碧提对冒险者的技术表示了充分的肯定，<hex:02100103>并打算将冒险者介绍给在乌尔达哈享誉盛名的艾斯泰姆珠宝店的销售人员。
41,雕金匠任务 3,,知名珠宝店“艾斯泰姆”的销售人员马塞尔将一对夫妇介绍给了冒险者，<hex:02100103>冒险者制作了一对八音盒，为他们的结婚纪念日装点了更加浪漫的色彩。<hex:02100103>而雕金技术更上一层楼的冒险者也从一位意想不到的人物那里接到了一份<hex:02100103>事关乌尔达哈未来的重要委托。
42,制革匠任务 1,,自古以来生活在森林中的格里达尼亚人民十分擅长狩猎，<hex:02100103>皮革产业也因此兴起，匠人们聚集在一起成立了“制革匠行会”。<hex:02100103>在跟随技术超然的行会会长盖娃学习如何使用“生命的恩惠”的同时，<hex:02100103>冒险者也面临着“新兴制革品牌”的各种挑战。
43,制革匠任务 2,,冒险者与新兴制革品牌“博萨大叔”之间的竞争，<hex:02100103>最终以冒险者的作品获得品评会的第一名而告终。<hex:02100103>之后，冒险者又从行会会长盖娃处接受了新的委托，<hex:02100103>前去拜访在伊修加德开设店铺的“新锐商人”。
44,制革匠任务 3,,因协助新锐商人艾尔德为更多的市民提供优质的商品，<hex:02100103>冒险者的名匠之名也在伊修加德变得家喻户晓了。<hex:02100103>制革手艺大幅进步的冒险者不仅得到了行会会长盖娃的赏识，<hex:02100103>也因此收到了某位博物学者提出的特殊委托。
45,裁衣匠任务 1,,在萨纳兰，传统的纺织业曾因东方流入的低价商品而大受打击，<hex:02100103>于是裁衣匠们以技术共享、提高品质为目标建立了“裁衣匠行会”并发展至今。<hex:02100103>冒险者跟随秀丽的行会会长雷多伦特·罗斯，<hex:02100103>用自己的技术为毫不在意衣着的采矿工铺就了恋爱之路。
46,裁衣匠任务 2,,在冒险者制作的服装的帮助下，采矿工瓦瓦鲁卡<hex:02100103>和宝石商人家小姐可可摩终于走上了两情相悦的恋爱之路。<hex:02100103>冒险者也代替忙得抽不开身的雷多伦特·罗斯前往伊修加德，<hex:02100103>继续研究时尚风向。
47,裁衣匠任务 3,,在冒险者的裁衣技艺支持下，贵族少女阿弗丽尔终于消除了与母亲之间的芥蒂，<hex:02100103>在母亲与冒险者的见证下与心爱之人一起前往了战场。<hex:02100103>结束了在伊修加德学习之旅的冒险者回到行会后，<hex:02100103>收到了行会会长雷多伦特·罗斯的委托，与他一同前往出席某个商谈会。
48,炼金术士任务 1,,炼金术曾一度被认为是异端的秘术而被忌讳，“福隆戴尔药学院”改变了这种认知，<hex:02100103>于是炼金术研究者们纷纷前往乌尔达哈，并在此设立了“炼金术士行会”。<hex:02100103>冒险者加入行会后，被醉心于研究的行会会长塞文利安任命为助手，<hex:02100103>开始协助他完成其追求的“究极炼金术”。
49,炼金术士任务 2,,行会会长塞文利安在冒险者的协助下完成了“究极炼金术”，<hex:02100103>得以与已经阴阳两隔的恋人瓦·奈嘉的灵魂短暂相见。<hex:02100103>之后，塞文利安将一件“神秘又伟大的杂活”交给了冒险者，<hex:02100103>于是冒险者携带着与某个事件相关的鉴定书出发前往丧灵钟。
50,炼金术士任务 3,,在冒险者行会的威尔特维克和查奈奈的帮助下，<hex:02100103>冒险者作为调查顾问成功地完成了使命，逮捕了事件的主谋。<hex:02100103>然而，爱使唤助手的行会会长塞文利安又给冒险者安排了新的杂活，<hex:02100103>于是冒险者不得不前往乌尔达哈的墓地，开始调查“奇妙的尸体”。
51,烹调师任务 1,,拉诺西亚物产丰富，加上因贸易而从他国流入的食材、香料以及烹调方法，<hex:02100103>使利姆萨·罗敏萨的烹调行业飞速发展，并创立了“烹调师行会”。<hex:02100103>冒险者在烹调师行会会长兼海都引以为豪的“俾斯麦餐厅”总厨师长<hex:02100103>林格萨斯的指导下不断修行，逐渐成长为一位被美食家们交口称赞的烹调师。
52,烹调师任务 2,,在乌尔达哈女王娜娜莫的晚餐会上，冒险者用美味菜肴大展身手，<hex:02100103>给了罗罗力特沉重一击，守住了“俾斯麦餐厅”的招牌。<hex:02100103>作为烹调师名声大振的冒险者在行会会长林格萨斯的介绍下，<hex:02100103>前往三大海盗团之一“红血圣女团”经营的酒馆“永远少女亭”。
53,烹调师任务 3,,冒险者与永远少女亭的厨师长赫·玛夏·提亚之间的对决，<hex:02100103>最终以获得金德莱蒙烹饪大赛有史以来最高分的冒险者胜出落幕。<hex:02100103>此时，在名声与实力大涨的冒险者面前出现了一个崇拜者，<hex:02100103>这位曾经是冒险者的烹调师希望能跟冒险者一起开发东方的菜肴。
54,采矿工任务 1,,矿业一直是矿脉丰富的萨纳兰地区的支柱产业，而为了维护采矿工的权益，<hex:02100103>使采矿工们不被矿山老板剥削，“采矿工行会”这一组织就此诞生。<hex:02100103>冒险者需要帮助现今首屈一指的采矿工——行会会长阿达尔博塔，<hex:02100103>解决她和与她颇有渊源的“艾玛吉娜矿山公司的副总经理”之间的纷争。
55,采矿工任务 2,,行会会长阿尔达博塔与采矿工迪普·卡尼恩之间的误会<hex:02100103>在冒险者的帮助下顺利解决了。而在骚动中大展身手的冒险者，<hex:02100103>也接到了伊修加德雇佣的佣兵团委托的工作。
56,采矿工任务 3,,运用自己高超的技术，冒险者成功发掘出稀有的矿物，<hex:02100103>帮助“迅风佣兵团”完成了调查资源的任务，化解了他们的危机。<hex:02100103>面对不断成长的冒险者，行会会长阿达尔博塔感到十分欣慰，<hex:02100103>并为冒险者介绍了一个来自田园郡工房的委托。
57,园艺工任务 1,,想要拥有黑衣森林的恩惠，就必须得到守护着森林的“元灵”的许可，<hex:02100103>为了能更好地和元灵沟通而成立的组织，后来逐渐演化为“园艺工行会”。<hex:02100103>冒险者在跟随热爱自然的行会会长弗弗茶学习的过程中，<hex:02100103>也逐渐了解到了战争对森林的破坏给她带来的烦恼。
58,园艺工任务 2,,考虑隐退的弗弗茶在冒险者的全力努力下，终于找回了园艺工的热情。<hex:02100103>之后，弗弗茶又将一份新的工作交给了冒险者，<hex:02100103>与前来园艺工行会取材的«渡鸦周刊»记者一同前往库尔札斯。
59,园艺工任务 3,,冒险者在阿巴拉提亚云海协助园艺工巴吉勒开拓云海的活跃身姿，<hex:02100103>在«渡鸦周刊»记者穆吉·缪里拉的报道下引起了很大的反响。<hex:02100103>作为园艺工名声大噪的冒险者受行会会长弗弗茶的邀请，<hex:02100103>出发前往田园郡的农业开发地“绿地菜园”。
60,捕鱼人任务 1,,在渔业兴盛的利姆萨·罗敏萨，有一种被称为“网组”的捕鱼人合作组织，<hex:02100103>而其中规模最大的便是海都引以为豪的“捕鱼人行会”。<hex:02100103>冒险者在自由奔放的行会会长瓦瓦拉哥和代理行会会长希希蒲的指导下，<hex:02100103>通过为委托者们钓上他们所需要的鱼类来磨炼自己的捕鱼技艺。
61,捕鱼人任务 2,,由于传闻海中出现了“大海蛇”，黑涡团下达了禁渔令，<hex:02100103>但在冒险者钓上被误认为是“大海蛇”的大鱼后，禁渔令便解除了。<hex:02100103>以高超的捕鱼技术而闻名街头巷尾的冒险者在机缘巧合之下，<hex:02100103>认识了钓遍世界的“旅行捕鱼人”并与其一同在伊修加德地区享受钓鱼的乐趣。
62,捕鱼人任务 3,,旅行捕鱼爱好者昂索姆为了对抗暴君弟弟，守护自己领地的子民，<hex:02100103>从冒险者钓上的鱼中取回了象征继承权的戒指，向弟弟发起了挑战。<hex:02100103>从伊修加德回到捕鱼人行会的冒险者与行会会长瓦瓦拉哥的鱼人族朋友交流后，<hex:02100103>决定出发寻找消失的“海流星”的踪迹。
63,剑术师任务 ,,在乌尔达哈的国民级娱乐“剑斗”的举办地“斗技场”旁边，<hex:02100103>便是培养出诸多剑斗士冠军的“剑术师行会”。<hex:02100103>冒险者手持剑与盾，跟随在行会会长密拉身边修习剑术，<hex:02100103>并通过与挥舞着名剑的神秘男子相遇，逐步揭开了乌尔达哈的阴暗面。
64,斧术师任务,,自古时起，“斧子”这一工具就与“船”息息相关，<hex:02100103>因此“斧术师行会”也是海都利姆萨·罗敏萨的象征之一。<hex:02100103>冒险者在行会会长威尔恩兹恩的指导下体会着斧术的奥妙，<hex:02100103>同时为了实现身世悲惨的少年的愿望，冒险者决定前往挑战杀害了少年双亲的魔物。
65,幻术师任务,,通过能够倾听黑衣森林元灵之声的法师，灌注生命力的魔法“幻术”得到发展，<hex:02100103>并由“幻术师行会”传承至今。<hex:02100103>冒险者与行会会长艾·斯密·雅恩的弟子——某位问题少女一同，<hex:02100103>探寻着幻术师之路。
66,秘术师任务,,“秘术”这一魔法体系刚从南洋传入时，能够将其掌握之人寥寥无几，<hex:02100103>为了培养后继者，人们在利姆萨·罗敏萨开办了“秘术师行会”。<hex:02100103>冒险者与代理会长图比尔盖姆、个性古怪的指导员一同，<hex:02100103>追寻着秘术的真理。
67,格斗家任务,,在乌尔达哈，格斗家们以“斗技场”举行的“拳斗赛事”为契机聚集于此。<hex:02100103>拳斗士科内利亚从中脱颖而出并建立了道场，那就是如今的“格斗家行会”的前身。<hex:02100103>而现在，发生了一件足以动摇整个格斗家行会的大事，<hex:02100103>为了守住行会，冒险者正与行会会长哈蒙以及同门的伙伴们一起努力着。
68,枪术师任务,,早在格里达尼亚建国前便已存在的枪术，<hex:02100103>在原鬼哭队队长米斯塔尔建立“枪术师行会”后快速地发展了起来。<hex:02100103>冒险者在行会会长伊维因的指导下，通过对战踢馆之人，<hex:02100103>理解了枪术师所需的真正的“勇气”。
69,双剑师任务,,建于利姆萨·罗敏萨一隅的“雪绒花商会”的仓库，<hex:02100103>其实是暗中守护海都治安的武装组织“双剑师行会”的据点。<hex:02100103>冒险者协助以行会会长贾可为首的“规矩”的守护者们，<hex:02100103>制裁着在拉诺西亚地区暗中违反规矩的家伙。
70,弓箭手任务,,精灵族的长弓术与猫魅族的短弓术相结合，<hex:02100103>便形成了格里达尼亚特有的“弓术”，“弓箭手行会”也应运而生。<hex:02100103>在行会会长吕西安娜的教导下，冒险者磨练着自己的弓术，<hex:02100103>与各自抱有烦恼的师兄师姐一起，将箭矢指向了在黑衣森林作恶的不法之徒。
71,咒术师任务,,“咒术”是由纳尔札尔教团的送葬仪式发展而来的魔法体系，<hex:02100103>因此，“咒术师行会”也附设在乌尔达哈的“阿达内斯圣柜堂”。<hex:02100103>冒险者跟随以老大可可布奇为首的咒术师行会五兄弟，学习操控魔力的方法，<hex:02100103>却被卷入了五兄弟的“另外一个弟弟”引起的麻烦中。
72,骑士任务 1,,负责守护乌尔达哈王家的近卫兵团银胄团将骑士战技公之于众。<hex:02100103>银胄团总长杰林斯这样做的目的似乎是为了获取强大冒险者的帮助，<hex:02100103>从而使得已经失去民众支持的银胄团重新获得威信。<hex:02100103>冒险者在与骑士们共同奋战的过程中，逐渐发现了自己的骑士精神。
73,骑士任务 2,,为了寻找守誓之剑而踏上旅途的索尔克扎吉尔如今杳无音讯。<hex:02100103>冒险者与其弟子——名叫康斯坦的少年共同追寻其足迹，<hex:02100103>一起来到了龙堡深处。<hex:02100103>而在路上等待着他们的，是接二连三的谜团和通往“真正的骑士”的试炼。
74,骑士任务 3,,成为了“真正的骑士”，开始作为自由骑士开启新篇章的冒险者，<hex:02100103>得知了历史悠久的乌尔王杯斗技大会恢复的消息。<hex:02100103>因剑术出众而收到邀请函的冒险者，<hex:02100103>将要与来自艾欧泽亚各地的剑豪们一决高下……
75,骑士任务 4,,为第一世界夺回了黑夜的冒险者在原初世界与熟人重逢。<hex:02100103>据银胄团总长杰林斯所说，<hex:02100103>剑术师行会会长密拉最近的样子有些奇怪。<hex:02100103>为了一探究竟，冒险者来到了剑术师行会，没想到却遇到了……
76,战士任务 1,,传承于北阿巴拉提亚山脉战士的故乡中的战技，<hex:02100103>是能够激发潜藏于内心深处的兽性“原初之魂”的神奇技艺。<hex:02100103>不过同时也伴随着失去理性化身狂战士的危险。<hex:02100103>冒险者与盼望着战士复兴的居里斯·高吉一起，勇敢面对自己的原初之魂。
77,战士任务 2,,虽然居里斯·高吉为了实现战士战技的复兴而勤加修行，<hex:02100103>不过在这过程中却被原初之魂吞噬而失去了理性，深刻地体会到了自己的弱小。<hex:02100103>冒险者和他一起为了寻求新的战技而辗转于各地，<hex:02100103>在经历了多场战斗的洗礼之后，他们对自己提出了更高的目标……
78,战士任务 3,,驯服了原初之魂的居里斯·高吉<hex:02100103>和哥哥布罗肯·马乌恩坦一起被黑涡团招为教官，负责指导新成立的战士部队。<hex:02100103>两兄弟怀揣着将战士的战技发扬光大的梦想，砥砺前行。<hex:02100103>然而，一位从遥远东方前来的女性，再次让他们平静的生活掀起了巨大的波澜。
79,战士任务 4,,为第一世界夺回了黑夜的冒险者在原初世界与熟人重逢。<hex:02100103>居里斯·高吉最近似乎始终无法集中精力修行。据他所说，一切都是因为爱。<hex:02100103>为了见到美丽的朵尔格诺，他踏上了前往太阳神草原的旅程。<hex:02100103>可另一边，朵尔格诺却来到了艾欧泽亚。唉，擦肩而过的二人究竟要如何擦出火花呢？
80,暗黑骑士任务 1,,暗黑骑士，是为了完成无法伸张的正义不惜弑杀圣职者，<hex:02100103>为了自身的信念不惜背负罪孽，在内心滋养黑暗之人……<hex:02100103>位于皇都伊修加德基础层的贫民们的居住区，通称云雾街，<hex:02100103>在那里，冒险者看到了在决斗裁判中败北的暗黑骑士的遗体……
81,暗黑骑士任务 2,,冒险者遇到了追求暗黑骑士奥义的男子希德勒格，<hex:02100103>并与他一起保护了被神殿骑士团盯上的少女莉艾勒。<hex:02100103>究竟是谁出于什么目的要加害于她呢……<hex:02100103>答案就隐藏在龙诗战争的黑暗之中。
82,暗黑骑士任务 3,,因为守护了继承龙族血脉的少女莉艾勒，希德勒格掌握了暗黑骑士的奥义。<hex:02100103>他邀请冒险者在变革后的伊修加德四处转转。<hex:02100103>伴随着龙诗战争的终结，如今的皇都开始逐渐转变。<hex:02100103>在这里，冒险者遇到了拥有淡青色头发的神秘少年密斯托。
83,暗黑骑士任务 4,,为第一世界夺回了黑夜的冒险者在原初世界与熟人重逢。<hex:02100103>在与希德勒格和莉艾勒简单交流之后，冒险者收到了寄给自己的信。<hex:02100103>信的内容似乎是向自己过往的行为表达谢意……不过不知道是谁写的。<hex:02100103>就这样，冒险者开始了小小的旅程。
84,绝枪战士任务 1,,绝枪战士起源于负责守护亡国博兹雅的女王贡希尔德的亲卫队。<hex:02100103>冒险者的武艺被身为原加雷马帝国士兵的保镖拉德万看中，<hex:02100103>为了继承即将失传的技艺，冒险者与拉德万和苏菲一起积极开展保镖事业。<hex:02100103>而在这个过程中，冒险者看到了……
85,绝枪战士任务 2,,为第一世界夺回了黑夜的冒险者在原初世界与熟人重逢。<hex:02100103>那就是向其传授了绝枪战士技艺的拉德万。<hex:02100103>冒险者表示，拂晓血盟贤人桑克瑞德在第一世界和自己一样<hex:02100103>使用着绝枪战士的技艺，不过……
86,白魔法师任务 1,,白魔法是格里达尼亚的角尊们代代相传的治愈和净化的魔法体系。<hex:02100103>冒险者为了帮忙镇压格里达尼亚的大元灵而继承了这一秘技，<hex:02100103>跟随着幻术三皇之一的拉雅·奥·神纳提升实力。<hex:02100103>新人白魔法师究竟能否完成使命呢？
87,白魔法师任务 2,,不净之物持续流入，不断侵蚀着森林。<hex:02100103>面对黑衣森林的大元灵发出的警告，幻术三皇预感到危机即将到来，<hex:02100103>他们向冒险者委托了跟传说中的角尊阿·拓瓦·坎特同样的净化之旅。<hex:02100103>就这样，冒险者与阿·拓瓦·坎特随从的后代——艾希娃一起，出发前往了黑衣森林。
88,白魔法师任务 3,,收到黑衣森林的元灵们正在躁动的消息后，<hex:02100103>冒险者与幻术师行会会长艾·斯密·雅恩以及幻术师希尔菲等人一起前去调查。<hex:02100103>之后查明发生此次异常情况的原因竟是与母亲一同隐居在基拉巴尼亚森林中的一名少女。<hex:02100103>而伴随着这次不期而遇，隐藏在森林中的秘密的过去被逐渐揭开。
89,白魔法师任务 4,,为第一世界夺回了黑夜的冒险者在原初世界与熟人重逢。<hex:02100103>冒险者作为白魔法师旅行的过程中，遇到了希尔菲、阿拉嘉、嘉蒂三人，<hex:02100103>冒险者向她们讲述了在异界的经历，而伴随着一件小事的发生，<hex:02100103>冒险者见证了她们之间萌生的新的羁绊。
90,学者任务 1,,在魔大战发生的第五星历时代，<hex:02100103>当时的海洋城邦“尼姆”不过是一个小国，而守护了他们的则是传说中的最强军团“海兵团”。<hex:02100103>冒险者遇到了对海兵团憧憬不已的斧术师阿尔卡·佐尔卡，<hex:02100103>并在机缘巧合之下令学者之力和使魔“小仙女”觉醒了。
91,学者任务 2,,冒险者和阿尔卡·佐尔卡搭档并自称新生海兵团，<hex:02100103>他们收到了1500年前因怪病而变成冬贝利的军事学者斯里托·卡里托的协助请求。<hex:02100103>他希望二人可以帮忙完成阻止尼姆瘟疫蔓延的研究。<hex:02100103>就这样，次世代的学者开始向古代之谜发起挑战。
92,学者任务 3,,斯里托·卡里托再次向新生海兵团发出了协助请求。<hex:02100103>他表示虽然已经发现了阻止尼姆瘟疫恶化的方法，<hex:02100103>但临床试验的协助者冬贝利瑟托托却下落不明。<hex:02100103>为了寻找消失的冬贝利，冒险者和阿尔卡·佐尔卡开始奔走于各地。
93,学者任务 4,,为第一世界夺回了黑夜的冒险者在原初世界与熟人重逢。<hex:02100103>冒险者向阿尔卡·佐尔卡和斯里托·卡里托、瑟托托讲述了自己在异界的经历，<hex:02100103>其中也包括导师拉蜜图的大再生魔法的故事。<hex:02100103>这为长期以来毫无进展的尼姆瘟疫治疗研究带来了一线希望。
94,占星术士任务 1,,在以知识之都闻名的萨雷安中，<hex:02100103>占星术是为人类开辟命运的魔法体系，<hex:02100103>人们从天上的繁星中获得力量，编织出了各种治愈和强化魔法。<hex:02100103>冒险者通过与美少女蕾薇瓦相遇，开始学习占星术的知识。
95,占星术士任务 2,,在伊修加德，用于占卜龙族动向的占星术根基深厚，<hex:02100103>萨雷安式占星术的普及之路道阻且长。<hex:02100103>冒险者与占星术士蕾薇瓦、雅内基纳尔一起，<hex:02100103>跨越重重障碍，不断向他人伸出援手……
96,占星术士任务 3,,在战斗中开辟新的命运、掌握了占星术士精髓的冒险者，<hex:02100103>遇到了为学习占星术从东方远道而来的风水师旭峰。<hex:02100103>这次邂逅，将为大洋东西独自发展的技术带来融合的契机，<hex:02100103>将占星术引领至新的高度。
97,占星术士任务 4,,为第一世界夺回了黑夜的冒险者在原初世界与熟人重逢。<hex:02100103>据圣冈里奥尔占星院的雅内基纳尔所说，<hex:02100103>蕾薇瓦最近的样子有些奇怪，经常发呆。<hex:02100103>他认为这都是出于蕾薇瓦对旭峰的恋爱烦恼所致，但真相究竟如何……
98,武僧任务 1,,冒险者接受了自称超自然探求者的艾里克的保镖任务，<hex:02100103>并遇到了同样被雇为保镖的青年维达盖尔特。<hex:02100103>据说他是拉尔戈星导教的僧兵们<hex:02100103>不断打磨传承下来的体术——武僧技艺的继承者……
99,武僧任务 2,,通过与冒险者切磋，此前一直被复仇思想所禁锢的维达盖尔特为过去而忏悔，<hex:02100103>内心发生了巨大的改变，如今已经收了两个弟子，潜心修行。<hex:02100103>冒险者了解了这些之后便去造访维达盖尔特，<hex:02100103>但很快名为“太阴流”的势力便出现在了他们面前。
100,武僧任务 3,,在基拉巴尼亚，决心复兴拉尔戈星导教的维达盖尔特<hex:02100103>带着两个弟子德·杰恩茶和奥·夏可哈，来到阿拉加纳募集新的修行者。<hex:02100103>但是在那里却遇到了自称是阿拉米格最后的王“泰奥德里克”长子的人。<hex:02100103>冒险者帮助了维达盖尔特，并为了编织阿拉米格新的希望而努力。
101,武僧任务 4,,为第一世界夺回了黑夜的冒险者在原初世界与熟人重逢。<hex:02100103>据超自然学者艾里克所说，阿拉米格解放军<hex:02100103>正在寻找阿拉米格最后的王的后代——维达盖尔特。<hex:02100103>他究竟是否会重新踏上复仇之路呢？
102,龙骑士任务 1,,在与龙族经历了千年战争的伊修加德中，<hex:02100103>有一群擅长枪术的猎龙之人，他们被称作龙骑士。<hex:02100103>冒险者见到了其首席——苍天之龙骑士埃斯蒂尼安，<hex:02100103>并被他手中的秘宝邪龙尼德霍格的眼睛所魅惑，获得了力量。
103,龙骑士任务 2,,冒险者受龙骑士厄丝蒂安所托，<hex:02100103>前去帮忙讨伐格劳利血龙及其眷属。<hex:02100103>为了帮助她实现尽可能接近苍天之龙骑士的梦想，冒险者为她提供了指引，<hex:02100103>两人共同磨练着龙骑士的力量……
104,龙骑士任务 3,,因遭到异端者囚禁，并被迫喝下龙血，<hex:02100103>龙骑士厄丝蒂安不得不舍弃迄今为止的生活。<hex:02100103>她来到龙堡参天高地的森林中，作为猎人开始了全新的生活，<hex:02100103>冒险者前去造访，并且遇到了她的新朋友——幼龙奥恩·凯。
105,龙骑士任务 4,,为第一世界夺回了黑夜的冒险者在原初世界与熟人重逢。<hex:02100103>为前代苍天之龙骑士雅伯里克和幼龙奥恩·凯讲述了四使徒的故事后，<hex:02100103>他们都表示想起了邪龙尼德霍格。<hex:02100103>于是，冒险者和奥恩·凯一起踏上了悼念尼德霍格的追悼之旅。
106,忍者任务 1,,冒险者受双剑师行会委托，<hex:02100103>负责调查在葡萄酒港附近目击到的可疑人物，<hex:02100103>在调查的过程中，遇到了来自多玛忍村的忍者胧和燕。<hex:02100103>冒险者最终决定帮助二人，以换取忍者的技艺……
107,忍者任务 2,,胧诛杀了真正的叛徒月海，完成了忍村交付的任务。<hex:02100103>不过他却向忍村传达了虚假的报告，留在了艾欧泽亚。<hex:02100103>双剑师行会的贾可向他发来了协助请求。<hex:02100103>据称是擅长操纵忍术的疑似东方人的盗贼把海都闹的鸡犬不宁。
108,忍者任务 3,,取回传家宝的雪公主回到了远东之国，<hex:02100103>而胧却选择留在艾欧泽亚继续生活。<hex:02100103>双剑师行会的贾可再次向他发来了协助请求。<hex:02100103>开始行动的胧等人，不久后将会知道忍者起源的秘密。
109,忍者任务 4,,为第一世界夺回了黑夜的冒险者在原初世界与熟人重逢。<hex:02100103>在艾欧泽亚享受着自由生活的胧，<hex:02100103>声称自己想到了赢下宿敌鸦的妙计，并邀请冒险者一起实行。<hex:02100103>虽然他极力想要取回被鸦夺走的“禁忌通灵之术”，不过……
110,武士任务 1,,作为斗技场的余兴节目，东方的剑士会展现从未见过的绝技。<hex:02100103>冒险者在听闻这些之后造访了剑术师行会，邂逅了剑豪无双斋，并被要求一试身手。<hex:02100103>战斗结束后，冒险者了解到无双斋似乎是来艾欧泽亚寻找弟子的。<hex:02100103>就这样，冒险者成为了他的弟子，踏上了惩恶扬善的修行之旅。
111,武士任务 2,,无双斋在冒险者之前曾经还收过一个弟子。<hex:02100103>其名为雨月，以颠覆远东之国的幕府为目标，至今依然在暗中活动着。<hex:02100103>冒险者从黄金港治安维持组织赤诚组的真琴那里了解了情况，<hex:02100103>继承了师父的志向，为了阻止雨月，启程奔赴东方。
112,武士任务 3,,为第一世界夺回了黑夜的冒险者在原初世界与熟人重逢。<hex:02100103>在无双斋的墓前，赤诚组的真琴向他讲述了征讨雨月的经过。<hex:02100103>随后，她与冒险者一起来到了乌尔达哈。<hex:02100103>在那里，他们看到了老武士的信条在后世流传的模样。
113,吟游诗人任务 1,,在战场上，为了鼓舞同伴而吟唱战歌的人就是吟游诗人。<hex:02100103>身为吟游诗人，同时也是曾经在神勇队拥有着“强弓”称号的<hex:02100103>善于用弓之人让泰尔，久违地回到了黑衣森林。<hex:02100103>听闻了其事迹的冒险者，为了接受弓术的指导而前去造访了他。
114,吟游诗人任务 2,,在冒险者的帮助下，让泰尔成功克服了自己的心理阴影，<hex:02100103>决定留在神勇队进行指导，培养新人。<hex:02100103>吟游诗人的队伍不断壮大，而为其力量所倾倒的年轻军官桑松，<hex:02100103>则希望成立一支以吟游诗人为核心的部队。
115,吟游诗人任务 3,,桑松和吉德洛以及冒险者<hex:02100103>在寻求“终焉的战歌”的旅途中建立了坚实的友情。<hex:02100103>之后，桑松在双蛇党设立吟游诗人的部队，实现了梦想。<hex:02100103>而他们的首个任务，将会揭露埋藏在红叶战争中的真相。
116,吟游诗人任务 4,,为第一世界夺回了黑夜的冒险者在原初世界与熟人重逢。<hex:02100103>冒险者和让泰尔来到了吟游诗人部队，<hex:02100103>桑松却告诉他们吉德洛已经不再指导后辈。<hex:02100103>为了触动吉德洛的心灵，大家想出了一个合奏计划……
117,机工士任务 1,,在皇都伊修加德的天钢机工房中，除了开发生产对龙兵器以外，<hex:02100103>还会涉及融合了帝国的魔导技术和现有以太学的机工兵器。<hex:02100103>冒险者受到机工房的主人斯特凡尼维安的邀请，成为了操纵机工兵器的机工士，<hex:02100103>而他们将要面对的是来自保守派贵族们的阻碍。
118,机工士任务 2,,天钢机工房在模拟战中获得了胜利，向教皇厅展示了自己的实力。<hex:02100103>接下来的目标是要在实战中取得战果。<hex:02100103>不过与泽梅尔家的共同作战当前，<hex:02100103>出色的机工士乔伊却离开了天钢机工房，可谓是状况不断。
119,机工士任务 3,,击退黄龙斯瓦拉之后，机工士的名号轰动了整个皇都。<hex:02100103>希尔达带领的警备团也因此开始考虑配备枪支和机工兵装。<hex:02100103>某天，斯特凡尼维安拜托冒险者对警备团进行枪术指导。<hex:02100103>为此，冒险者需要找到自己从前的教官罗斯特恩斯塔尔。
120,机工士任务 4,,为第一世界夺回了黑夜的冒险者在原初世界与熟人重逢。<hex:02100103>据天钢机工房的斯特凡尼维安所说，<hex:02100103>最近机工士乔伊经常无端消失，不知去向，让人很是担心。<hex:02100103>接受了调查委托的冒险者，目击到了乔伊和警备团团长希尔达私下见面的场景……
121,舞者任务 1,,舞蹈剧团“法尔夏姆舞团”来自于近东岛国拉札罕。<hex:02100103>冒险者被其团长娜休梅拉相中，受邀与舞团的招牌舞者拉娜·米果一起，<hex:02100103>以舞者的身份站到舞台上。<hex:02100103>就这样，冒险者开始以习得武之舞蹈“战舞”为目标。
122,舞者任务 2,,为第一世界夺回了黑夜的冒险者在原初世界与熟人重逢。<hex:02100103>结束了艾欧泽亚五国巡演的法尔夏姆舞团，<hex:02100103>开始以海洋之都利姆萨·罗敏萨为据点，作为纯粹的舞者剧团进行活动。<hex:02100103>在听冒险者描述完近况之后，团长娜休梅拉说……
123,黑魔法师任务 1,,黑魔法师库库鲁卡·塔塔鲁卡曾被关押在码拉萨加收容所中长达100年。<hex:02100103>这位自称听到过纳尔札尔神谕的怪人与冒险者相遇，并托付魔石，<hex:02100103>使冒险者成为了破坏之力“黑魔法”的继承者。<hex:02100103>虽然这股危险的力量正是讨伐从虚无界出现的妖异的关键，不过……
124,黑魔法师任务 2,,曾经以生命为代价封印的妖异再次出现，好在冒险者将其讨伐，如今库库鲁卡也可以安息了。<hex:02100103>之后，库库鲁卡的弟子——菈菈伊在师父留于牢房的纸片中<hex:02100103>发现了师父生前写的两本书，上面记有其毕生的研究成果。<hex:02100103>而另一方面，心怀不轨之人也盯上了库库鲁卡的书。
125,黑魔法师任务 3,,冒险者与菈菈伊在格里达尼亚的幻术师扎伊·阿·尼尔哈的协助下，<hex:02100103>成功摧毁了可怕集团“叛逆法师”。<hex:02100103>就这样，库库鲁卡留下的两本书再次汇集到了一起。<hex:02100103>虽然书在菈菈伊的管理之下严密保管着，可是……
126,黑魔法师任务 4,,为第一世界夺回了黑夜的冒险者在原初世界与熟人重逢。<hex:02100103>黑魔法师菈菈伊把有关黑魔法的内容都总结到了一本书中。<hex:02100103>不过围绕着书本的管理和研究问题，菈菈伊与咒术师行会的<hex:02100103>上级组织“纳尔札尔教团”之间产生了分歧。
127,召唤师任务 1,,秘术师行会收到了来自学术组织“圣寇伊纳克财团”的协助请求。<hex:02100103>因秘术师拥有讨伐蛮神的经验，所以对方希望行会可以派人协助研究。<hex:02100103>冒险者接受了这一请求，并遇到了所属于财团的古代亚拉戈文明的研究者，<hex:02100103>同时也是雅·修特拉的妹妹雅·蜜特拉。
128,召唤师任务 2,,不择手段寻求召唤魔法的敌人特里斯坦，在火焰的包围中消失了。<hex:02100103>不过冒险者却发现了暗藏在其身后的无影，认为依然需要提高警觉。<hex:02100103>有一天，冒险者从恒辉队那里收到了特里斯坦依然活着的消息，<hex:02100103>于是便与雅·蜜特拉一起再次开始追寻他的足迹。
129,召唤师任务 3,,新发现了一本疑似古代亚拉戈时代的召唤魔法教材的书籍。<hex:02100103>冒险者和雅·蜜特拉对其进行解读之后，发现竟然是书型的使魔“原理”。<hex:02100103>冒险者遵照教材原理的指示，通过试炼，<hex:02100103>觉醒了作为召唤师的新能力，不过……
130,召唤师任务 4,,为第一世界夺回了黑夜的冒险者在原初世界与熟人重逢。<hex:02100103>雅·蜜特拉告诉冒险者，恒辉队新设立的召唤师部队成员加加萨姆<hex:02100103>正好在格里达尼亚活动，<hex:02100103>听说他想和冒险者讨论一下召唤师的战斗方式。
131,赤魔法师任务 1,,乌尔达哈的街角，一位眼泪汪汪的少女向冒险者求助。<hex:02100103>她刚从人贩子的手中逃了出来，但她的姐姐却慢了一步。<hex:02100103>冒险者急忙赶往现场，<hex:02100103>在那里遇到了从恶汉手中保护了少女的赤魔法师西·如恩·提亚。
132,赤魔法师任务 2,,冒险者和西·如恩·提亚一起打败了曾与他志同道合，<hex:02100103>后却加入了帝国军的叛徒——赤魔法师兰巴德。<hex:02100103>原以为生活已经恢复了平静，没想到师妹艾莉亚却出现了异常。<hex:02100103>冒险者与西·如恩·提亚能否拯救她呢？
133,赤魔法师任务 3,,为第一世界夺回了黑夜的冒险者在原初世界与熟人重逢。<hex:02100103>和师妹艾莉亚一起被师父西·如恩·提亚叫来的冒险者，<hex:02100103>了解到他曾经待过的赤魔法师集团“赤红疾风”的同伴的遗物被盗了。<hex:02100103>就这样，为了抓住盗墓者，冒险者一行又将再次进行共同作战。
134,青魔法师任务 1,,青魔法既不是黑魔法，也不是白魔法，而是一种全新的魔法体系。<hex:02100103>有一名男子表示会毫无保留地传授这一魅惑技术。<hex:02100103>他自称马丁，表示愿意特价出售作为青魔法师之证的灵魂水晶<hex:02100103>和装有特制武具的轻松入门套装，不过……
135,青魔法师任务 2,,身为蓝色假面的青魔法师马丁和作为其第二代的冒险者，<hex:02100103>一同作为新兴斗技场天青斗场的招牌斗士赢得了大量的人气。<hex:02100103>此时，沙蝎众的一员菲厄盖斯来访，并表示愿意为天青斗场出资。<hex:02100103>但是其背后似乎另有目的……
136,防护职业职能任务：暗影之章,,义德是独行食罪灵四使徒之一。<hex:02100103>剑士格兰逊的故乡曾经遭义德袭击，而其恋人也被变成了食罪灵。<hex:02100103>冒险者在了解了这些之后，决定帮他复仇。<hex:02100103>最终发现了曾是英雄的罪人——魔剑士布兰登的真相……
137,治疗职业职能任务：暗影之章,,节德是独行食罪灵四使徒之一。<hex:02100103>为了挽回一族的名誉，战士吉奥图发誓要将拥有惊人治愈能力的节德打倒。<hex:02100103>他离开了故乡，与冒险者结伴而行，<hex:02100103>最终发现了曾是英雄的罪人——导师拉蜜图的真相……
138,物理进攻职能任务：暗影之章,,勇德是独行食罪灵四使徒之一。<hex:02100103>出身于游末邦的年轻赏金猎人芦·利柯<hex:02100103>为了讨伐这一神出鬼没的食罪灵，向冒险者寻求了帮助。<hex:02100103>最终发现了曾是英雄的罪人——猎人任妲·芮的真相……
139,魔法进攻职能任务：暗影之章,,智德是独行食罪灵四使徒之一。<hex:02100103>老练的赏金猎人凯瑞格认为只有与能够应对“空洞”的魔法师一起，<hex:02100103>才能讨伐这一恶名昭彰的食罪灵，因此他向冒险者寻求了帮助。<hex:02100103>而最终发现了曾是英雄的罪人——魔人奈贝尔特的真相……
140,职能剧情任务：暗影之章,,水晶都酒馆“彷徨阶梯亭”的女服务员塞埃拉<hex:02100103>十分欣赏打倒了四使徒的冒险者，并表示有事相商。<hex:02100103>她告诉冒险者，虽然一切看似尘埃落定，但仍有邪恶残留于世，亟待战胜。<hex:02100103>冒险者接受了她的邀请，两人开始追寻曾经“光之战士”们的冒险。
141,拂晓回归,,在幻影都市亚马乌罗提的最深处，暗之战士与无影爱梅特赛尔克<hex:02100103>展开决战并最终获得胜利，为第一世界夺回了黑暗。<hex:02100103>同时，水晶公的获救，令水晶都也恢复了稳定。<hex:02100103>回到原初世界后，冒险者向同伴们讲述了自己在异界的旅程。
142,末日序曲,,打倒自称光之战士的艾里迪布斯后，<hex:02100103>暗之战士与拂晓众人终于回到了原初世界，重新展开活动。<hex:02100103>他们的面前将落下一片小小的希望，<hex:02100103>他们的耳边将奏响一首末日的序曲。
143,寄叶异闻：暗黑天启,,古姆拉村的地下隐藏着一座神秘的机械遗迹。<hex:02100103>冒险者与矮人族的阿诺古、科诺古姐弟，<hex:02100103>一起遇见了自称是2P的神秘女性，得知了新的威胁即将降临。<hex:02100103>在这场战斗的尾声，等待着他们的究竟是什么呢？
144,伊甸希望乐园,,空无大地包围着唯一没有被光吞噬的诺弗兰特，<hex:02100103>在这片没有任何生命存在的白色大地上，似乎出现了某种东西。<hex:02100103>琳感知到其中蕴含着光之力，于是便和暗之战士们一同展开了调查。<hex:02100103>他们究竟能否到达空无大地深处的希望乐园呢？
145,维尔利特战役,,帝国正在开发究极神兵的后继机体，并准备将其投放至艾欧泽亚。<hex:02100103>带来这个坏消息的，正是曾经的帝国军军团长盖乌斯·巴埃萨。<hex:02100103>冒险者将与曾经的敌人并肩作战，联手对抗“神兵”这一巨大威胁。<hex:02100103>面对敌方充满了悲剧色彩的计划，冒险者和盖乌斯会何去何从……
146,青魔法师任务 3,,身为第二代蓝色假面击败了齐格弗里德的冒险者，<hex:02100103>也作为青魔法师开始协助培养新人了。<hex:02100103>原本以为一帆风顺的青魔法师行会，却收到了在东方的黄金港<hex:02100103>有人使用与青魔法类似的法术举行比赛的情报。
147,虚无界再生计划,,席尔瓦曾经与阿尔博特共同踏上旅程，之后却自称“影之王”与众人反目。<hex:02100103>少年蛇心在故乡化为虚无界后，跟随无影艾里迪布斯来到了原初世界。<hex:02100103>两人都曾经是第十三世界的英雄候补，<hex:02100103>当他们的人生轨迹再次交错时，又会发生什么样的故事呢？
148,拂晓回归外传,,冒险者结束了在第一世界的旅行之后，<hex:02100103>将敏菲利亚的结局转告给了她的母亲芙·拉敏。<hex:02100103>静静听完的芙·拉敏向冒险者提出了一个请求。<hex:02100103>就这样，始于一封信的小小的旅途开始了。
149,晓月之终途 1,,妄图将星球推向末日的终末使徒正式向全世界宣战了。<hex:02100103>终末使徒建造末日塔的目的是什么，被掳走的异族人又将走向怎样的命运……<hex:02100103>世界陷入了末日危机，可知识之都竟还是拒绝了艾欧泽亚各国的求援。<hex:02100103>从中感到蹊跷的拂晓血盟决定前往萨雷安一探究竟。
150,晓月之终途 2,,无影法丹尼尔的奸计得逞了，为了阻止末日而诞生的佐迪亚克因此消失。<hex:02100103>最古老蛮神的缺位，意味着他作为星球意志重塑的行星之理产生了破绽，<hex:02100103>曾经毁灭古代世界的末日随之再度降临。<hex:02100103>这个世界还有足以打破末日绝望的希望吗？……光之战士的旅途还在继续。
151,,,
152,贤者任务,,贤学，一门综合了医学、以太学、魔法学的复合学科，钻研贤学到极致的人被称为“贤者”。<hex:02100103>冒险者与来自萨雷安的菈菈·基恩加尔相遇，与她一同踏上了追捕逃犯的旅程。<hex:02100103>围绕着数名贤者发生的种种事件，哲学家议会的命令背后的真意。<hex:02100103>3名逃犯是否真的罪大恶极……冒险者将和菈菈·基恩加尔一起在旅程中解开这个谜团。
153,钐镰客任务,,“夜游魂”是隐藏在乌尔达哈地下社会中的组织，<hex:02100103>冒险者在偶然间与夜游魂的头目德鲁西拉达成了一场交易。<hex:02100103>德鲁西拉将教授冒险者传承多年的暗杀术，而冒险者则要为她狩猎某个妖异。<hex:02100103>这场交易将带来怎样的新朋友，又会牵扯出怎样的感情……这一切都在等待冒险者去发掘。
154,防护职业职能任务：晓月之章,,因为心怀最为深刻的绝望，所以最先被击溃。化为末日野兽的它们，被称为伪神兽。<hex:02100103>黑衣森林的伪神兽格莱普尼尔是播散剧毒，为它触及的一切都带去死亡的邪魔。<hex:02100103>冒险者协助嘉恩·艾·神纳等人奔走各地，试图解开伪神兽剧毒背后的谜团。<hex:02100103>格莱普尼尔背后的真相和绝望是什么，人们又将作何反应……冒险者将在这里找到答案。
155,治疗职业职能任务：晓月之章,,因为心怀最为深刻的绝望，所以最先被击溃。化为末日野兽的它们，被称为伪神兽。<hex:02100103>基拉巴尼亚的伪神兽是从扭曲的温柔中诞生的阴影，是侵略者的迫害导致的悲剧。<hex:02100103>冒险者将与阿雷恩瓦尔德还有芙朵拉一起探索无奈的自责中诞生了何等的绝望，<hex:02100103>并由此推动阿拉米格人找到他们通往未来的前路。
156,近战职能任务：晓月之章,,因为心怀最为深刻的绝望，所以最先被击溃。化为末日野兽的它们，被称为伪神兽。<hex:02100103>拉诺西亚的伪神兽是从多种族融合之路上跌落的鱼人族变化而成的，<hex:02100103>冒险者将携手梅尔维布提督等人，一同找到并解决绝望的根源。<hex:02100103>特立独行的精锐们将再次重聚，成为冒险者战胜强大的伪神兽途中强而有力的帮手。
157,远程物理职能任务：晓月之章,,因为心怀最为深刻的绝望，所以最先被击溃。化为末日野兽的它们，被称为伪神兽。<hex:02100103>赢得了自由赢得了未来，百废待兴的多玛也出现了末日野兽的踪迹。<hex:02100103>冒险者协助飞燕和夕雾一同寻找遇难者和变成野兽的人有何共同点。<hex:02100103>途中，黄泉女神伊邪那美降临在众人的眼前，它的到来解开了隐藏在过去的悲剧与真实。
158,远程魔法职能任务：晓月之章,,因为心怀最为深刻的绝望，所以最先被击溃。化为末日野兽的它们，被称为伪神兽。<hex:02100103>转变成伪神兽的青年是谁，这是拦在伊修加德人解决伪神兽问题道路上的第一道难题。<hex:02100103>冒险者与艾默里克和阿图瓦雷尔一起探寻来路，破解萦绕在兽化者身上的谜团，<hex:02100103>最终，他们将目光聚焦于一群被扭曲的教典和虚伪的教义折磨至今的人。
159,万魔殿,,毁灭世界的危机正在逼近万魔殿……<hex:02100103>冒险者从神秘的水晶中得到了警告，<hex:02100103>为此前往了遥远的过去，在厄尔庇斯与一位青年相遇，<hex:02100103>冒险者决定与青年一同奔赴化为魔窟的万魔殿……会有什么在那里等待着他们呢。
160,职能剧情任务：晓月之章,,在冒险者等人的努力之下，出现在世界各地的伪神兽被逐个击破。<hex:02100103>然而正在此时，已摆脱末日危机的加雷马帝都却传来了伪神兽现身的消息。<hex:02100103>冒险者集合从各地齐聚而来的朋友们的力量，一同找出应对之策。<hex:02100103>覆盖在帝都之上的阴影褪去之后，人们能找到通往未来的道路吗？
161,欧米茄时空狭缝外传,,诸神黄昏号魔导船在归来时，接收到了一条神秘讯息。<hex:02100103>就连知识之都萨雷安的学者们，都没能解读这条讯息。<hex:02100103>然而，人们在意外的地方发现了解谜的契机。<hex:02100103>就这样，冒险者开始了“终结”与“心”的小小旅途。
162,崭新的冒险 1,,
163,十二神的祝福,,
164,非著名调查员：晓月之章,,
165,塔塔露的大繁荣商店,,
166,希拉狄哈水道,,拾穗人总会送到的一封信，<hex:02100103>让冒险者接受了乌尔达哈女王——娜娜莫·乌尔·娜莫发起的秘密委托。<hex:02100103>女王拿着父母托付给自己的钥匙，与冒险者前往了希拉狄哈水道的神秘大门……<hex:02100103>二人的冒险，将发现深埋已久的历史真相。
167,崭新的冒险外传,,在冒险者等人开展新的冒险之时，邂逅了潜伏在多彩之都暗影之中的异界来客——小型的眼球妖异。<hex:02100103>作为交易的报酬，这些不起眼的弱小妖异开始向冒险者讲述虚无界各位强者的故事。
168,,,
169,六根山,,拾穗人总会送到的一封信，<hex:02100103>让冒险者接受了东阿尔迪纳德商会的掌柜汉考克发起的委托。<hex:02100103>于是，冒险者便前往化为魑魅魍魉巢穴的灵山“六根山”，开启了搜索名品之旅……<hex:02100103>引发这次骚动的“不祥之物”的究竟是……？
170,青魔法师任务 4,,第二代蓝色假面打败了模仿师格格。<hex:02100103>然而招牌斗士过于强大也影响了斗技的趣味性，天青斗场的来客日渐稀少。<hex:02100103>为了改变门庭冷落的现状，天青斗场急需一场让人冷汗直流的激烈死斗！<hex:02100103>于是冒险者便与马丁辗转各地，踏上了寻找独特又强大的对手的旅途。
171,崭新的冒险 2,,
172,,,
173,路易索瓦传说,,
