key,0,2,8
#,Name,,Description
offset,0,4,8
int32,str,str,str
0,0,0,
1,渡渡鸟,0,原产自马兹拉雅岛的大型鸟类，因为过于肥胖而失去了飞行的能力。当初一部分卢恩人将渡渡鸟的蛋带到了大陆上，后来一部分没有被吃掉的蛋孵化成功，从此不会飞的渡渡鸟成功跨越了大洋走进大陆。渡渡鸟的胸肉特别美味，现在在艾欧泽亚的各大城邦都有饲养。不过家养并不意味着没有危险，渡渡鸟口中的催眠分泌物特别强劲，在遭到攻击时会吐向对方以求自保。
2,冬贝利,0,谜一般的生物，集体生活在第五星历时代繁荣兴盛的尼姆文明的遗迹里。和人一样穿着衣服，并且从它们能驾驭各种道具来看，想必拥有着较高的智能。在尼姆时代的石板上，有着“病魔搬运者”等不吉利的记载。
3,仙人刺,0,生活在干燥地区且会移动的仙人掌。因能在体内存留水分来长期抵御干燥而被人广泛知晓。为了能在残酷的环境中生存下去，它们会积极采取自卫行动，从体内射出针刺来攻击它们的敌人。
4,魔石精,0,出没于石场和矿山的黑色魔物。它们一直小心翼翼地抱着一块珍贵的石头，所以也被采矿工们敬称为“财宝守护者”。不过根据古籍«百石大鉴»中的记载，其实魔石精是被石头支配了。于是后人根据这一点将其在物种上划分到了咒具纲中。
5,软糊怪,0,虚无界中满是污水的沼泽里产生的异形魔物。它们能够模仿人类的声音吸引猎物，不过自身的智慧却很低。根据妖异学者分出的“妖异十二阶”来看，软糊怪在其中也就排第十阶级，属于下级妖异。
6,爆弹怪,0,“妖异十二阶”中排名第十一阶级的火球状气体生物。它们只要一见到体内含有油脂的生物，无论是动物植物还是人类，就会为了让油脂成为自身的燃料而无差别地发起攻击。而其中一类温度更高的爆弹怪被称作“榴弹怪”，可排进“妖异十二阶”的第十阶级。
7,蔓德拉,0,第七灵灾后突然出现的类似植物的生物。具体是从哪里来的，至今未能解明。它们好像有着特殊的智能，可以不通过语言就相互进行交流，因还在研究途中，所以具体情况还不是很了解。
8,矿爬虫,0,这种奇妙的魔物会四处爬行寻找能够形成自己甲壳的矿物。关于这种魔物有两种截然不同的解释：格里达尼亚的学者认为这是一种为了自保而在背上植入矿石的动物；乌尔达哈的学者则认为这是一种为了增殖而寄生并控制动物行动的矿石。
9,魔界花,0,利用卷须爬行的大型食兽植物。为了引诱猎物同时也为了让猎物昏厥，它们会从捕食器官放出强烈的香气。捕食器官里大量牙状的棘不是为了将猎物咬碎，而是为了固定住猎物并将其完全消化。
10,长须豹,0,一种四足肉食兽，其凶猛的模样让人畏惧。它们的触须十分灵活，捕猎时会用触须放出电击将猎物麻痹后进行捕食。原栖息地为近东地域。艾欧泽亚栖息的长须豹是那些用于战斗被引进而后回归野性的长须豹。
11,冥鬼之眼,0,一种虚无界的魔物，通过依附动物的眼球出现在物质界。有着较强的魔力，可以通过划动空中的以太让自己浮在空中，擅长石化之术。在妖异学的阶级分类中，大概能排到第四至第五阶级的样子，属于中级妖异。
12,古菩猩猩,0,如小山一样的巨型两足兽。与头部的苔藓是共存关系，苔藓会给予古菩猩猩伪装，而在干燥期的时候，古菩猩猩会用长长的手臂给头部的苔藓浇水保湿。平时移动很缓慢，在饿了的时候会用那大大的嘴将会动的东西全部吃掉。
13,陆行鸟,0,利用强壮的脚在大地上奔跑的陆生大型鸟。在艾欧泽亚，陆行鸟自古就用来驮物、拉车以及骑乘。已知库尔札斯是陆行鸟的一大产地，除此之外，在阿巴拉提亚山脉的秘境“陆行鸟之森”里也有着大量野生的陆行鸟。
14,蜥蜴人,0,生活在帕戈尔赞草原的游牧之民，平日赶赶羊和蜥蜴，是乌尔达哈的宿敌。从小就接受各种军事训练，无论男女老幼，全都是优秀的兵士。另外，蜥蜴人擅长火法冶金技术，他们制作的武具也很有价值。
15,鸟人,0,非常好战的山岳之民，生活在暴风肆虐的大溪谷。残留在他们手臂上的羽翼是曾在空中翱翔过的证明，也是他们的骄傲。他们希望夺回曾经居住过的黑衣森林，将林木献给他们信仰的风神。因此与格里达尼亚之间的关系非常不好。
16,坏妖精,0,住在黑衣森林深处的幽谷之民，是一种非常小的兽人。外表非常可爱，像是裹着树叶的人偶。他们之中虽然幻术高手有很多，可是却经常会用幻术做一些非常过分的恶作剧，闹得鸡飞狗跳。如果旅行途中经过他们的栖息地，可一定要多加留意周围的一切可疑事物。
17,地灵,0,一种被称作地底之民的兽人，居住在威尔布兰德岛山岳地带的坑道里。他们将矿物献给土神，并从土神的法则中孕育出了高度发达的炼金术。与利姆萨·罗敏萨签订了不可侵犯的条约，可谁在乎呢。
18,鱼人,0,以苍茫洋为根据地的水栖之民。他们在水中也能呼吸，且柔软的四肢让他们游起泳来非常优雅。鱼人族是由一只雌性鱼人以女王的身份进行管理的，建立起像金字塔一样的阶级社会。与利姆萨·罗敏萨是敌对关系。
19,塔塔露·塔露,0,“哼哼～哼哼～哼。<hex:02100103>沙之小屋～开满了～鲜花。”<hex:02100103>拂晓血盟接待员：塔塔露·塔露
20,莫古力,0,生活在黑衣森林中谜一般的种族。有着强大的魔力，平时会用魔法将自身隐藏起来生活。因此，没有魔法素养的人想看见他们是极其困难的。众所周知，莫古力们非常喜欢歌舞。
21,塞壬,0,一种海上的魔物，会用优美的歌声迷惑船员，使船只遇难。传闻在很久以前，所有的塞壬都被大海盗雾须王讨伐掉了，可是近几年，却又有了塞壬的目击情报。据说塞壬会吸取遇难船上船员的阳气，使他们变成一具行尸走肉。
22,奥尔特罗斯&提丰,0,咒术师行会进行妖异召唤实验时召唤出来的谜一样的生物。虽然看似是虚无界的妖异，可具体情况一概不明。奥尔特罗斯就职于斗技场财团，而提丰就职于金碟游乐场。
23,恶魔墙,0,一种古代魔法的产物，用血在墙面刻上花纹，为其注入生命，让其成为建筑物的守护者。在失去了主人之后，恶魔墙依旧忠诚地守护着遗迹，将贸然闯入的冒险者们送上悲惨的末路。
24,梦魔,0,借助依附女性的身体而显现于物质界的妖异。拥有着神秘而美丽的容姿。有时甚至会将依附主生前的思想继续继承下去。可排进“妖异十二阶”的第三至第四阶级，属于上级妖异。
25,奇美拉,0,有着狮子、山羊以及龙头的异形魔物。背上长着如蝙蝠一样的翅膀，尾巴又与蝎子的尾巴极其相似，奇美拉拥有着多种魔兽的特征。有人说它是诸神无聊所创造出来的，也有人说它是邪恶魔法师的研究成果……
26,蓝龙,0,与尘世幻龙和幻龙之子的七大天龙相关联的种族。它们拥有上千年的寿命，而在成长过程中也会有着各种不同的“进化”。所以就算是同一种族，个体之间也会有着极大的差异。
27,美男子布迦加,0,“啊、啊……啊、喔……激动、起来了！”<hex:02100103>佣兵：美男子布迦加
28,莫莫蒂·莫蒂,0,“……不过，畅谈人生就免了。<hex:02100103>恋爱咨询的话我或许可以帮你。嘻嘻。”<hex:02100103>流沙屋老板娘：莫莫蒂·莫蒂
29,十指巴德龙,0,“就算是海豚也会溺水，想要成为一名合格的冒险者，就不要忘记自己的初衷。”<hex:02100103>沉溺海豚亭老板：十指巴德龙
30,缪恩,0,“欢迎来到魔女咖啡馆，喝点东西放松一下吧。”<hex:02100103>魔女咖啡馆店主：缪恩
31,莉维亚·萨斯·尤尼乌斯,0,“你要是再磨蹭的话……我就杀了你。”<hex:02100103>第十四军团军政官：莉维亚·萨斯·尤尼乌斯
32,里塔提恩·萨斯·阿维纳,0,“里塔提恩·萨斯·阿维纳！<hex:02100103>愿为盖乌斯阁下出生入死！”<hex:02100103>第十四军团阵营官：里塔提恩·萨斯·阿维纳
33,比格斯&魏吉,0,“还不快道谢？！”<hex:02100103>“谢谢你救了我们！”<hex:02100103>加隆德炼铁厂：比格斯&魏吉
34,盖罗尔特·布拉克索恩,0,“啧……听好了，<hex:02100103>别看我现在在给酒馆做破水壶，<hex:02100103>可我就算再怎么堕落，都是个一流武器工匠。”<hex:02100103>流浪的武器工匠：盖罗尔特·布拉克索恩
35,弗里克希奥,0,“那里面太闷了，我差点就变成基萨尔野菜了呼啾！”<hex:02100103>暂留地的族长：弗里克希奥
36,缪塔米克斯,0,“呼哧……呼哧……<hex:02100103>人心 寄宿于物品中 化为魔晶石 放出光辉。”<hex:02100103>窑炉搬运者：缪塔米克斯
37,梅梅卢恩,0,“梅梅卢恩，最喜欢，闪闪金币。<hex:02100103>梅梅卢恩，交易站，变更大！”<hex:02100103>梅梅卢恩交易站：梅梅卢恩
38,贝希摩斯,0,一种肌肉异常发达的肉食兽。自第七灵灾后，在库尔札斯山脉地区相继发现了有关其的目击情报，人们将它称为蛮神巴哈姆特之子，并起名“贝希摩斯”。有关贝希摩斯的生存状态尚有许多未解之迷，有待研究。
39,吉尔伽美什&恩奇都,0,“我是流浪的剑豪……吉尔伽美什！”<hex:02100103>吉尔伽美什&恩奇都
40,伊弗利特,0,蜥蜴人族召唤的火神。外表狰狞的伊弗利特可谓凶猛狂暴，其吐息如业火一般，其爪可融化钢铁，其角能燃烧天空。挑战它的人必定会被“地狱之火炎”燃身烧心。
41,泰坦,0,地灵族召唤的土神。泰坦本身性格非常温和，对待自己的信徒地灵族如子嗣般疼爱。不过战斗中的泰坦却截然不同。那巨大如山的身躯加上“大地之怒”，能让整个大地都摇晃起来。
42,迦楼罗,0,鸟人族召唤的风神。虽然其在空中飞舞的姿态非常优雅，可本质则嗜血成性，无比残忍。信徒们畏惧地称她为“无情女王”。性情变得狂躁后，会放出暴风“大气爆发”。
43,贤王莫古尔·莫古十二世,0,莫古力族召唤的传说中的王。在故事中，他曾引领莫古力族从天界来到地上，是莫古力族最后的国王。他对部下关照有加，并因此被称赞为贤王。
44,拉雅·奥·神纳&阿·卢恩·神纳,0,“嘉恩·艾·神纳是我的姐姐。<hex:02100103>我还有个弟弟叫阿·卢恩·神纳，<hex:02100103>我们三人被称为幻术三皇。”<hex:02100103>幻术三皇：拉雅·奥·神纳&阿·卢恩·神纳
45,戈德伯特·曼德维尔,0,“我戈德伯特身为艾欧泽亚最强的雕金匠……<hex:02100103>竟搞成这样，真是惭愧……”<hex:02100103>曼德维尔家族及曼德维尔集团代表：戈德伯特·曼德维尔
46,桑克瑞德,0,“关键时刻闪亮登场，<hex:02100103>也是展现个人魅力的好机会！”<hex:02100103>拂晓血盟：桑克瑞德
47,尼禄·托尔·斯卡艾瓦,0,“加隆德……我要让你知道，<hex:02100103>我的魔导技术才是更好的。”<hex:02100103>第十四军团幕僚长：尼禄·托尔·斯卡艾瓦
48,帕帕力莫&伊达,0,“伊达！来得太晚了！”<hex:02100103>“嘿嘿，你们没事就好啦。”<hex:02100103>拂晓血盟：帕帕力莫&伊达
49,雅·修特拉,0,“那么就干掉眼前的敌人吧。<hex:02100103>我们两个人联起手来。”<hex:02100103>拂晓血盟：雅·修特拉
50,于里昂热·奥居雷,0,“月明流散，拂晓驱暗……<hex:02100103>这是我已故友人的遗文……感谢我们的这次相会。”<hex:02100103>拂晓血盟：于里昂热·奥居雷
51,究极神兵,0,加雷马帝国军第十四军团用来对抗蛮神的兵器。原本是第三星历时期古代亚拉戈帝国建造的兵器，却因某种原因被长期埋藏在阿拉米格边境的山中。后来由帝国军将其挖掘出土，并进行了修复。
52,奥丁,0,彷徨于黑衣森林的上古蛮神。无人知晓究竟是谁、何时将其召唤出来的。传闻奥丁骑着爱马“斯莱普尼尔”阔步于黑衣森林，是为了找出自己的仇敌并将其打倒。
53,拉姆,0,妖精族信仰的雷神。传说拉姆是通晓古代知识且非常理智的“森林长老”，可是他也有着严厉审判者的一面。对于侵犯森林圣域的敌人，会毫不留情的劈下“制裁之雷”。
54,利维亚桑,0,鱼人族召唤的水神。潜藏在无光深海，能吞噬海上的一切，非常可怕。从前靠海生活的人们认为巨浪和海啸都是利维亚桑的怨念所致，他们曾献上活祭祈求利维亚桑的怒火平息。
55,希瓦,0,降临于库尔札斯的冰神。伊修加德正教圣典记载说希瓦与龙族私通，是历史上第一个异端者。而异端者则将其推崇为圣女，认为希瓦是与龙族友好的象征。
56,敏菲利亚,0,“我们的目的只有一个，<hex:02100103>那就是拯救艾欧泽亚这片众神眷顾的大地。”<hex:02100103>拂晓血盟盟主：敏菲利亚
57,无影拉哈布雷亚,0,“所以和那颗水晶一起……就此消失吧！”<hex:02100103>暗之使徒：无影拉哈布雷亚
58,西德·加隆德,0,“这艘企业号，<hex:02100103>是为了将英雄送上战场而造出来的船！”<hex:02100103>加隆德炼铁厂代表：西德·加隆德
59,阿尔菲诺&阿莉塞,0,“目标都是一致的。以后一定会互相理解的吧。”<hex:02100103>“能理解倒好了！”<hex:02100103>阿尔菲诺·莱韦耶勒尔&阿莉塞·莱韦耶勒尔
60,路易索瓦·莱韦耶勒尔,0,“你是用自己的双手开拓道路的人。<hex:02100103>道路上会聚集人群……<hex:02100103>人聚集到了一起，也就自然有了城邦。”<hex:02100103>贤者：路易索瓦·莱韦耶勒尔
61,巴哈姆特,0,封印于卫月的古代蛮神。因封印解除，使得巴哈姆特结束了长达数千年的沉睡，它用烈焰“百万核爆”将艾欧泽亚烧尽，引发了第七灵灾。
62,希尔迪布兰德&娜修·玛卡拉卡,0,“天知地知事件知，我乃漂泊的调查员……<hex:02100103>希尔迪迪迪迪迪迪布兰德！！”<hex:02100103>调查员：希尔迪布兰德&助手：娜修·玛卡拉卡
63,娜娜莫·乌尔·娜莫,0,“人民的智慧、人民的勇气、人民的笑颜。<hex:02100103>只有人民的生命，才是乌尔达哈无与伦比的至宝。”<hex:02100103>乌尔达哈第十七代国王：娜娜莫·乌尔·娜莫
64,盖乌斯·范·巴埃萨,0,“为什么愚昧的人民会依赖这些伪神？<hex:02100103>原因很简单，就是因为那些长者、王者、执政者都是一群软弱无能之辈！”<hex:02100103>第十四军团军团长：盖乌斯·范·巴埃萨
65,梅尔维布·布鲁菲斯维因,0,“胜利就像那变幻莫测的海面一般……<hex:02100103>只有熟知天候、读懂潮汐变化，<hex:02100103>并能将其驯服支配化为己用的人才能得到眷顾。”<hex:02100103>黑涡团提督：梅尔维布·布鲁菲斯维因
66,嘉恩·艾·神纳,0,“我们要时而如柳枝般柔韧，时而如栎木般强韧。<hex:02100103>经历过风雨后，一定可以迎来和风拂面。”<hex:02100103>幻术三皇：嘉恩·艾·神纳
67,劳班·阿尔丁,0,“哈哈哈哈！战场是个好地方……<hex:02100103>你不知道会碰到什么。眼前的敌人可能会成为自己的老师，而与自己并肩作战的战友则可能成为你的敌人。”<hex:02100103>恒辉队局长：劳班·阿尔丁
68,光之战士,0,“光明是不会消失的！”<hex:02100103>传说中的英雄：光之战士
69,弗利奥尼尔,0,“走自己认为正确的路！仅此而已！”<hex:02100103>传说中的英雄：弗利奥尼尔
70,洋葱剑士,0,“不要仅凭外表就下结论呀！”<hex:02100103>传说中的英雄：洋葱剑士
71,塞西尔·哈维,0,“我不是说过吗？这也是我们的战斗。”<hex:02100103>传说中的英雄：塞西尔·哈维
72,巴兹·克劳泽,0,“我老爸临终前告诉我，<hex:02100103>要我到世界各地旅行，增长见识……<hex:02100103>而且……风在呼唤我！”<hex:02100103>传说中的英雄：巴兹·克劳泽
73,蒂娜·布兰福德,0,“别担心，和平的未来一定已经近在咫尺了……”<hex:02100103>传说中的英雄：蒂娜·布兰福德
74,克劳德·斯特莱夫,0,“幻想已经结束了……我要活在我的现实中。”<hex:02100103>传说中的英雄：克劳德·斯特莱夫
75,斯考尔·莱昂哈特,0,“我可不想被当成过去式！”<hex:02100103>传说中的英雄：斯考尔·莱昂哈特
76,吉坦·特莱巴尔,0,“帮助他人需要理由吗？”<hex:02100103>传说中的英雄：吉坦·特莱巴尔
77,提达,0,“尤娜在那里！那就去救她！就这么简单！”<hex:02100103>传说中的英雄：提达
78,香托托,0,“哎呀！我可要爆发了哦！”<hex:02100103>传说中的英雄：香托托
79,梵,0,“不管强不强，我们都一起走过来，<hex:02100103>也会一起走下去！”<hex:02100103>传说中的英雄：梵
80,雷光,0,“不是能不能做到的问题。<hex:02100103>不做不行的话，就放手去做。”<hex:02100103>传说中的英雄：雷光
81,风筝猫,0,该生物有着蝙蝠一样的翅膀，以及猫一样的四肢，并且智能也不算很差，谜团非常多。博物学者认为它是所属百兽纲的魔物，而一部分妖异学者则认为它是排名第十一阶级的下级妖异。
82,瓦努族,0,在阿巴拉提亚云海浮岛上生活的居民。因长期居住在与大地隔绝的云海之上，所以与其他种族的交流几乎为零。近些年来，地上的人们借助飞空艇踏上了云海，使得他们的警戒心也有所增强。
83,骨颌族,0,在龙堡参天高地南部地区居住的狩猎民族，外貌与昆虫非常相似。他们发展出了独特的炼金术与冶金术，可以通过焚烧一种能够驱龙的香料来保护自己。在集体中有那么一个类似王的个体，他与其他个体都进行了精神连结，统率起来非常方便。
84,雾中行者夕雾,0,“多玛的忍者们，报恩的时候到了！”<hex:02100103>多玛忍者：夕雾
85,胖陆行鸟,0,在幼鸟时期就暴饮暴食，结果长大后身体变得巨大无比的陆行鸟。在哥布林族的民间传说中，这种胖陆行鸟在地底世界被称作神鸟，受人崇拜……也不知是真是假。
86,狮鹫,0,栖息在阿巴拉提亚山脉深处的一种有翼魔兽。在高空以出色的视力锁定猎物后，急速下落捕捉猎物的过程最为精彩。其凶猛的姿态早在古时就被作为勇猛的象征了，所以阿拉米格的纹章也设计成了狮鹫的模样。
87,刁曼,0,栖息在索姆阿尔灵峰山顶的大型龙族。因身上漆黑的鳞片，所以被伊修加德的人们称为黑龙，是条非常可怕的龙。它与七大天龙中的尼德霍格相互结伴成双成对，人们也恐惧地称它为尼德霍格的伴龙。
88,埃斯蒂尼安,0,“尼德霍格，给我等着，我一定会将你亲手了结……”<hex:02100103>苍天之龙骑士：埃斯蒂尼安
89,露琪亚,0,“沉溺在过去的恩怨中是无法放眼看向未来的。”<hex:02100103>神殿骑士团副骑士长：露琪亚
90,伊塞勒,0,“我们已被众神所抛弃，<hex:02100103>只有昔日的圣女能够为我们带来救赎！”<hex:02100103>冰之巫女：伊塞勒
91,希尔达,0,“这里可没有太多机会看到传说中的英雄，<hex:02100103>你们有什么事就直说吧。”<hex:02100103>反抗组织的领导人：希尔达
92,玛托雅,0,“你们专程到这个偏僻角落里来找我，<hex:02100103>肯定是遇到了你们这些小毛孩处理不了的问题了吧。”<hex:02100103>隐者：玛托雅
93,埃德蒙·德·福尔唐,0,“我作为历史悠久的福尔唐家族的一家之主，<hex:02100103>衷心欢迎各位的光临。”<hex:02100103>福尔唐家家主：埃德蒙·德·福尔唐
94,比布鲁斯,0,守护迦巴勒幻想图书馆禁书库大门的大型妖异，应该是萨雷安的魔法师们从虚无界召唤出来的。由于被盟约所拘束，所以只好忠实地守护书库。
95,奥尔什方,0,“……好……很好！<hex:02100103>啊……这久经锻炼的肉体！”<hex:02100103>福尔唐家的骑士：奥尔什方
96,艾默里克,0,“您就是那位德高望重的冒险者吧，果然一表人才。”<hex:02100103>神殿骑士团总骑士长：艾默里克
97,罗波那,0,骨颌族所召唤的尚武之神。性情豪放，以武为荣，以勇为耀，是位勇猛的蛮神。他将战斗看得非常神圣，每次都会手持变幻莫测的月光剑“明月之笑”进行决斗。
98,俾斯麦,0,瓦努族所召唤的丛云之神。在民间的传说中，云神的外形是一条在云海中游曳的巨大白鲸。而在瓦努族的神话中，正是云神引导他们的祖先到达了浮岛之上，“气泡吹息”则可以驱散世间的邪恶。
99,尼德霍格,0,尘世幻龙的七子之一，也就是七大天龙之一。在持续了千年的龙诗战争中，率领龙族的正是尼德霍格。因此，尼德霍格也是伊修加德人憎恨与恐惧的对象。
100,尘世幻龙,0,“无知之徒，休得猖狂。我乃原初之尘世幻龙！”<hex:02100103>尘世幻龙
101,深瞳,0,拥有巨大眼球的小型妖异。一般认为这种妖异是通过凭依在死不瞑目的生物的眼球上而诞生的。虽然根据妖异学者的分类，此妖异只是“妖异十二阶”中排第十二阶级的最下级妖异，但绝不可因此而轻视它的眼力和魔力。
102,古鸟,0,栖息于阿尔迪纳德次大陆北部的有翼兽。虽然长期和其它鸟类一样被分在有翼纲中，但在近年来，认为它们是继承了古代种血统的甲鳞纲的学说也逐渐受到重视。另外古鸟似乎经常受到龙族的影响而眷属化。
103,猴面雀,0,发现于阿巴拉提亚云海上的一种水桶腰金鱼眼的谜一般的生物。在博物学家之间流传的最为有力的一种说法是，猴面雀应该是奥猴等猿猴的近亲。另外，瓦努族似乎认为猴面雀是愚者的象征。
104,长颈驼,0,生息在阿巴拉提亚云海的浮岛上的百兽纲草食野兽，长长的脖子是其特征。有种说法认为它们的脖子如此发达是为了能吃到邻接浮岛的树木。或许是因为栖息在树木稀少的浮岛上，它们对进入自己领地的入侵者会采取非常过激的反应。
105,斑攫兽,0,栖息在森林地带的百兽纲肉食野兽。在狩猎陆行鸟等野生动物方面是极其优秀的猎人，弯刀一般的獠牙能够轻易撕裂猎物的皮肉。其性格非常凶猛，一旦发狂便会不顾一切，甚至可能去袭击龙族。
106,毛爬虫,0,栖息在龙堡内陆低地的大型百虫纲魔物。身体表面黑黄相间的警戒色格外显眼地向外界昭示着它身为有毒生物的事实。虽说其肉可以食用，但如果不进行适当的处理就入口，可能会引发强烈的腹痛。
107,智蛙,0,萨雷安的魔法师们通过在蟾蜍上施加魔法而创造的使魔。拥有可以和人类对话的智能，甚至可以使用魔法。缺陷是一旦停止和人类接触，便会逐渐丧失理性，最终回到原本的野生蟾蜍状态。
108,维德佛尔尼尔,0,继承了圣龙赫拉斯瓦尔格血统的高级龙族。与圣龙的大部分性格沉静的眷属不同，喜欢力量与力量的碰撞，性格刚猛。似乎与妄图袭击天极白垩宫的暗鳞黑龙是宿敌的关系。
109,长须豹女王,0,随着年龄的增长而不断积累，最终获得令人惊异的庞大魔力的雷兽长须豹女王。通过巨大的角向大气中散布的魔力，甚至能对周围的天气产生影响。作为传说中的妖兽，一直在当地的猎人之间口耳相传。
110,爆弹之母,0,由地灵族的炼金术士所发明的新型爆弹怪。要制造这种尺寸的爆弹怪，需要在能抗高压的超硬钴铁所制成的培育炉中压缩培养，并且伴随着爆炸的风险。相对的，它的火力也是普通爆弹怪的十倍以上。
111,剧毒美人,0,生长于奥恩原生林的恐怖食兽植物。这种植物会将花瓣拟态为野兽的形象，引诱猎物靠近并捕食。根据圣茉夏娜植物园的研究结果，这种植物甚至经常将人类识别为猎物。
112,艾奇德娜,0,被封印于魔航船虚无方舟内的大型妖异。第五星历时代兴盛一时的魔法城邦“玛哈”曾将其作为战略兵器而使役。据妖异学者的看法，在“妖异十二阶”中，该妖异相当于上级贵族级中的第二阶级。
113,皮平·塔鲁平,0,“我的养父劳班十分信任你们。<hex:02100103>因此，我也会相信你们，会尽全力帮助你们的。”<hex:02100103>恒辉队协耀将：皮平·塔鲁平
114,茱莉安·曼德维尔,0,“谢谢你一直那么关照我儿子！<hex:02100103>我是小希尔迪的妈妈，我叫茱莉安！”<hex:02100103>茱莉安·曼德维尔
115,莫古灵,0,“所以就趁这段时间把大家不想做的麻烦事交给你们处理了库啵！”<hex:02100103>云海莫古力族长老：莫古灵
116,沙里贝尔,0,“所以我才不喜欢和蠢货说话啊，<hex:02100103>头脑简单，一点就着。”<hex:02100103>苍穹骑士：沙里贝尔
117,朗德洛克斯,0,“巨人的体内 有很多机械哥布！<hex:02100103>好想 在那里 住一段时间哥布……”<hex:02100103>哥布林族小姑娘：朗德洛克斯
118,仙人刺先生,0,“招募性格开朗，<hex:02100103>喜欢给人们带来欢乐的拉拉菲尔族，待遇优厚。<hex:02100103>工作地点：金碟游乐场；保密协议：有。”<hex:02100103>摘自曼德维尔家族及曼德维尔集团的招聘广告
119,雷古拉·范·休著斯,0,“让我见识见识英雄的真正实力！”<hex:02100103>第六军团军团长：雷古拉·范·休著斯
120,托尔丹七世,0,“我们的目标是彻底解决千年来的祸根。<hex:02100103>为了这个，我已将生死置之度外。”<hex:02100103>伊修加德教皇：托尔丹七世
121,奥诺鲁瓦,0,“啊——我该怎么办才好……<hex:02100103>这个势头让我有种超级不好的预感，嗯。”<hex:02100103>埃马内兰的侍从：奥诺鲁瓦
122,赫利·博尔达&库尔特内,0,“赫利·博尔达！站起来！”<hex:02100103>“……是啊……我还……不能输！”<hex:02100103>拂晓血盟：赫利·博尔达&库尔特内
123,腕龙,0,云冠群岛中发现的古代生物。在云海与世隔绝的环境中存活至今，给了以为它们已经灭绝的博物学家一个大大的惊喜。拥有强大的魔力，能够操纵巨大的岩块让其像陨石般坠落。
124,暗鳞黑龙,0,继承了邪龙尼德霍格血统的高级邪龙眷属，拥有众多的下属。对不想参加龙诗战争的圣龙眷属很不满，屡屡与白龙维德佛尔尼尔发生冲突。
125,芬里尔,0,服从于异端者们的头目——冰之巫女伊塞勒的古狼。是一种名为“霜狼”的古代种生物，因其让人联想起清冷月光的鬃毛和凛然雄姿，被以传说中的幻兽芬里尔命名。
126,克拉肯,0,使无数船只沉没的海怪。几十年前败给大海盗雾须王以后，一直担任基地的看门人。后来，败给了来到岛上的冒险者……在海上徘徊游荡的时候，遇到了意气相投的麦迪逊船长。
127,审理神代言者,0,发掘喀恩埋没圣堂的过程中，由于操作失误被启动的古代守护者。作为被供奉在同一圣堂的太阳与审理的女神阿泽玛的代理人，为给盗墓者降下死刑的裁决，两手持有恐怖的断头刀。
128,光鳞兄弟莫拉加加,0,辉鳞人佣兵团光鳞战斗团的团长兼副团长。居住在西方新大陆的兽人种族辉鳞人中，会有稀少的拥有双头的个体出现。他们的才能和肉体总的来说比普通个体优秀，因此成为领导者和武将、做出一番事业的比较多。
129,弗迪亚,0,出现在无限城古堡的妖异。过去曾为魔法城邦玛哈的黑魔法师所召唤，听从其命令攻打无限城，然而在遭到反击后被封印了起来。是“妖异十二阶”中位列第3阶级的下级贵族级妖异。
130,卡尔克布莉娜,0,为守护萨雷安的魔法设施颠倒塔而创造出来的魔法人偶。为了给予其强大的力量，历代魔法师长时间地为其注入魔力，最终变成了现在这种令人不舒服的容貌。
131,基路伯,0,无限城的白魔法师们创造出的古都守护者。运用了制作巨像兵的技术，石像的胸口和两手中嵌入了作为核心的宝石。为了对抗妖异而生，会使用很多种白魔法。
132,提坦,0,第三星历末期为反抗亚拉戈帝国的支配而战的英雄。被亚蒙抓住后，他坚韧的肉体成为了长生不老计划的实验材料。失去了生前的记忆，变成了水晶塔防卫用的傀儡。
133,阿图瓦雷尔·德·福尔唐,0,“我叫阿图瓦雷尔·德·福尔唐，<hex:02100103>是福尔唐家的长子，<hex:02100103>光荣的伊修加德骑士。”<hex:02100103>福尔唐家长子：阿图瓦雷尔·德·福尔唐
134,埃马内兰·德·福尔唐,0,“不必再担忧，无需再恐惧，<hex:02100103>你的骑士埃马内兰来了！”<hex:02100103>福尔唐家次子：埃马内兰·德·福尔唐
135,赞德,0,被魔科学家亚蒙从永远的沉睡中唤醒的亚拉戈帝国初代皇帝。为了实现长生不老计划，他在赞德灵庙的遗体被巨大化了。并且在不死化以后被克隆出了替身。
136,残暴正义号,0,守卫机神城的神秘合体士兵。是以防卫参谋突击者为中心的魔法兵环旋者、算术兵欺诈者、忍术兵爆破者、武装兵争斗者的合体。虽缺乏主体性，但忠诚于统帅万事通奎克辛克斯。
137,萨菲洛特,0,三斗神之一。被认为是世界最初的圣树神化后的存在，受到居住在南方大陆美拉西迪亚的树状种族的崇敬。其操纵生命，使自己成长、巨大化的所作所为，很符合魔神之名。
138,芙·拉敏,0,“呵呵，孩子真是在不知不觉间就长大了啊。<hex:02100103>那个小小的阿希莉亚竟然变得这么成熟了……”<hex:02100103>乌尔达哈的明星：芙·拉敏
139,维德弗尼尔,0,继承了圣龙赫拉斯瓦尔格血统的龙族。连人类与龙族和平时期都了解的古老的龙，约束圣龙眷属的长老般的存在。因其美丽的羽翼，又有白翼这一美称。
140,暗黑之云,0,统治虚无界的魔王之一。其实力深不可测，在妖异十二阶中位列最强的第1阶。与古代亚拉戈帝国的皇帝赞德结下了鲜血的契约，图谋入侵物质界。
141,罗罗力特·纳纳力特,0,“人民与金钱都是国家的支柱，巩固国家的基础无法<hex:02100103>依靠风化的支柱，所以我们如今需要保存的应该是金<hex:02100103>钱财富。”<hex:02100103>东阿尔迪纳德商会会长：罗罗力特·纳纳力特
142,吉布里隆,0,“要想把酒馆经营好，<hex:02100103>秘诀就是不要随便把客人的事情透露给他人。”<hex:02100103>忘忧骑士亭老板：吉布里隆
143,拉妮艾特·德·艾因哈特,0,“原来你在呀？不好意思，我没注意到。<hex:02100103>现在我正忙，你能把嘴闭上吗？”<hex:02100103>蔷薇骑兵团团长：拉妮艾特·德·艾因哈特
144,罗丝温,0,“我们红血圣女团最为注重的就是海盗的传统。<hex:02100103>不为任何事物所束缚，自由地生存。<hex:02100103>我们认为这才是海盗应有的生活方式。”<hex:02100103>红血圣女团头领：罗丝温
145,卡尔瓦兰·德·戈尔加涅,0,“这种自由感让我热爱着这个城市，<hex:02100103>也是我成为百鬼夜行头领的理由。”<hex:02100103>百鬼夜行头领：卡尔瓦兰·德·戈尔加涅
146,卡尔·米克,0,“没办法，从现在开始你就是我的朋友了！<hex:02100103>我叫卡尔·米克，多关照！”<hex:02100103>圣龙眷属：卡尔·米克
147,招雷巨蛇,0,栖息在瓦努族的圣域不获岛的巨大腾云蛇。它的鳞如同滋润浮岛的细雨一般，散发着温润的光泽。如果能够从它身上剥下一片鳞带回来，就可以做出一面如群云般的面具了。
148,博物总管,0,博物战舰无限回廊中配备的无人机械。通过使用现实增强系统，让来馆者体验亚拉戈充满威胁性的技术，以此作为教育体感游乐设施的一部分。不过除此之外，还拥有针对入侵者的防卫功能。
149,大海盗雾须王,0,“我正是大海盗雾须王！<hex:02100103>就让传说从海底苏醒一天吧！”<hex:02100103>传说中的大海盗：雾须王
150,乌内&多加,0,“我们想要阻止赞德。<hex:02100103>那是真正的乌内与多加托付给我们的使命。”<hex:02100103>诺亚成员：乌内&多加
151,提亚马特,0,尘世幻龙的七子之一，也就是七大天龙之一。与光龙巴哈姆特一起飞往南方大陆美拉西迪亚，并在那里繁衍后代。至今仍在后悔将与亚拉戈抗争而死去的巴哈姆特作为蛮神召唤一事。
152,卡洛菲斯提莉,0,在魔法城邦玛哈的金字塔中，看守与妖异之间的契约石的守护者。曾经是玛哈一名伟大的大魔法师，但自愿使用将妖异血液注入到身体中的邪术加上借助贮魔水晶的力量，让自己变异成了永远的守护者。
153,赫拉斯瓦尔格,0,尘世幻龙的七子之一，也就是七大天龙之一。曾经与圣女希瓦之间展开了一段超越种族的爱恋，并因此建立了人龙融合的契机。但是，人龙融合的岁月最终因人类的背叛而宣告结束。
154,碧企鹅,0,栖息在威尔布兰德岛沿岸的大型海鸟。虽然翅膀已经退化成鳍不再能飞行，但可以在海中自由游动捕食。为了将鱼带回去给小企鹅吃，能够自由调节胃液，遇到危机时还会吐出胃液进行攻击。
155,蜂鸟,0,南洋品种的羽毛色彩鲜艳的鸟类。为了吸食花蜜，长着形状独特的喙。对发光的物体感兴趣，还会将贝类等整个吞下去。此外，听说通过训练可以模仿人类说话。
156,魔导死亡爪,0,将亚拉戈的古代兵器钢铁之爪改进后设计出的魔导兵器。可以使用躯体内部的叶轮在空中飞行。勾爪状的肢体可以搬运各种各样的物资，战斗时还可以用来捕捉敌兵。
157,液态火焰,0,是萨雷安的炼金术士在得知地灵族培养低级妖异爆弹怪一事之后，尝试重现这种培养技术时偶然创造出的魔法生物。后来将其作为使魔使用。
158,迷途羊羔,0,大冰雪时代由高地之民驯化的羊。为了获取更多羊毛不断对其进行品种改良，最后变成了被棉花一样厚厚的羊毛包裹的状态。在拉诺西亚和库尔札斯还能看到野生的这种品种的羊羔。
159,邮差莫古力,0,“虽然走出森林，前往未知的土地有点害怕，<hex:02100103>但是不知不觉就迷上了旅行库啵！<hex:02100103>所以莫古就正式成为了邮递员库啵！”<hex:02100103>邮递员：邮差莫古力
160,魔导巨兵,0,一种无人机魔导装甲，融合了亚拉戈古代兵器铁巨人的设计和魔导先锋的机体控制技术。外形更加接近人型，使得更换武装也更加容易，从而大幅度提升了其泛用性。
161,博学林鸮,0,在迦巴勒幻想图书馆最上层的珍秘书库担任守护者的使魔。它和斯卡尼特一样，是被魔法赋予了知识的守卫者。其知识量相当惊人，甚至能够熟练使用高级魔法。
162,晴天霹雳托佐尔·法托特尔,0,统治鸟人族社会的四大“天降之人”家族之一——法托特尔家族的人。同时也是少数可以进行“请神”仪式的高位祭司之一，曾在塞尔法特尔尝试召唤迦楼罗。
163,至尊亚历山大,0,守护亚历山大机神城真正核心的最终要塞。它是控制核心的中枢机关的一部分，因此在一定条件下可以操纵时间。它会对给理想乡造成威胁之人降下神圣审判。
164,直爽的三兄弟,0,“你可要变成一名出色的冒险者，<hex:02100103>好让我今后为与你相遇而感到自豪啊！”<hex:02100103>直爽的三兄弟：布莱蒙达&布莱蒙迪&布莱蒙德
165,桑克瑞德（苍穹）,0,“我把黑曜石削尖来代替匕首，<hex:02100103>每天依靠魔物的皮和肉过着野外生活……”<hex:02100103>拂晓血盟：桑克瑞德
166,雅·修特拉（苍穹）,0,“玛托雅老师一生都在追求‘世界的真理’，<hex:02100103>在这条路上，我一定要比老师走得更远。” <hex:02100103>拂晓血盟：雅·修特拉
167,奈尔·范·达纳斯,0,“净化之时到来了……<hex:02100103>用我这绚丽的光芒将一切污秽燃烧殆尽吧！”<hex:02100103>第七军团军团长：奈尔·范·达纳斯
168,索菲娅,0,三斗神之一。曾被美拉西迪亚的多民族国家信仰，是掌管智慧的女神。神话中说，她为了让各个不同的种族和平相处，将“均衡”和“调和”的智慧灌输给了人们。
169,奥猴,0,栖息在森林地带的猴子。以首领奥猴为中心，由几十只奥猴组成集体过群居生活。用长长的尾巴和灵活的手掌在树木之间穿梭。原本的主食主要是水果，但近年爱吃豆子的奥猴越来越多，甚至会去糟蹋人类的田地。
170,精金龟,0,原产于萨维奈岛的巨大陆龟。在第六星历末期，用以庆祝祭典而引进的渡渡鸟蛋中混入了精金龟的蛋，其中一部分蛋成功孵化，长成了野生的精金龟。在格里达尼亚，人们对于该不该驱逐这种外来物种各执一词，争论不休。
171,魔导先锋,0,装备有陶瓷合金钻头，以攻城破壁为主要功能的无人机魔导装甲。除了上述用途，也能作为对抗攻城的兵器用于防卫。也有强化了装甲的重装型、增加了机动性的强袭型等其它型号。
172,魔导炮艇,0,加雷马帝国军制造的小型战斗用飞空艇。除了用于对地火力镇压，还可以利用机械臂辅助军事设施建设，也能用于运输数名士兵。从工兵队到运输队，几乎所有部队都配备了它。
173,兔女郎,0,“欢迎来到金碟游乐场。<hex:02100103>请在这美丽的梦幻世界中尽情享受吧！”<hex:02100103>曼德维尔金碟游乐场：兔女郎
174,熔岩蝎,0,栖息在索姆阿尔灵峰最深处岩浆里的大型生物。原本被龙族的魔力所封印，但由于一直守护着灵峰的龙族消失，熔岩蝎也变得活跃起来，受其影响，原本沉寂的灵峰火山也开始活动。
175,魔导猎手,0,加雷马帝国军开发的最新型骑乘用魔导装甲。在“死神”型的基础上安装了机械臂以增加近战能力。另外，为了投入量产，其装甲也被简化了。
176,魔导浮空装甲,0,加雷马帝国军开发的单人魔导浮空装甲。虽然至今为止的浮空装甲大多是像帝国魔导主宰一样的大型机，但最近通过引入“死神”型的技术，开发了这个灵活的单人浮空装甲。
177,铁面公卿,0,“这对眼睛不是人类可以触及的？<hex:02100103>那我就变成恶鬼！”<hex:02100103>铁面公卿：伊尔伯德
178,罗兰德,0,“是的……这里对所有人开放，是自由的天堂。<hex:02100103>客人们以今日的娱乐忘记忧愁，用最好的状态面对明天。”<hex:02100103>曼德维尔金碟游乐场副主管：罗兰德
179,虚空迪亚波罗斯,0,吸收影之女王斯卡哈的力量后变得更加强大的迪亚波罗斯。不仅用硬质化的影子武装了全身，还将影之手呈翼状展开，强化了飞行能力。其力量足以跻身妖异十二阶的最高阶。
180,武装重甲,0,加雷马帝国军配备的大型魔导装甲。采用多足步行方式，增强了平衡性并且可以携带更多武装。另外，驾驶席设置在装甲内部，从而也增强了对驾驶员的保护。
181,吉吉,0,“就算我还是魔法人偶的样子……<hex:02100103>父亲也愿意认我这个儿子吗？”<hex:02100103>魔法人偶：吉吉
182,祖尔宛,0,三斗神之一。南方大陆美拉西迪亚的人马族所信仰的代表无限的神明，相传其位于所有蛮神的顶点。其挥舞着战斧毫不留情斩杀邪恶的形象作为胜利的象征而受到崇拜。
183,鲶鱼精,0,生活在东方地域的兽人种族。身材矮胖，擅长游泳，主要靠刺鱼捕鱼为生。虽然有一部分鲶鱼精已经移居到其他种族的城市里生活并掌握了文明，但还是有不少鲶鱼精至今仍属于野生。
184,甲人,0,自古以来就生活在红玉海的海洋居民。擅长在水中活动，将丰富的海产当作日常食粮。信奉寄宿于万物之中的普天诸神，热衷收集能够寄宿神明的奇珍异宝。
185,阿难陀族,0,生活在基拉巴尼亚边区的原住民。特点是上半身为人形，下半身为蛇形，且种族之中只有女性。另外，这个种族代代相传着利用魔法使金属成型的技术，能够制出美丽的首饰。
186,梅·娜格,0,“明白！<hex:02100103>保证完成任务！”<hex:02100103>阿拉米格解放军：梅·娜格
187,琴风,0,“我会准备上好的美酒和佳肴，<hex:02100103>欢迎你们随时过来。”<hex:02100103>潮风亭老板娘：琴风
188,长毛象,0,生活在寒冷地带及寒冷山区的大型食草动物。基本上性情温和，但一旦有人贸然接近，它们就会陷入狂暴状态，晃动巨大的象牙到处破坏。因此，就连大型食肉兽也很少将它们作为狩猎的对象。
189,弗巴德,0,在盐湖等盐产丰富的地方自然形成的一种巨像。在基拉巴尼亚地区流传着一则轶事：很久以前破坏神告诫一位女子离开城市的时候不能回头，然而那名女子却没能遵守诺言，最后就沦为了弗巴德。
190,须佐之男,0,由甲人族召唤来的豪勇之神。是甲人族所信仰的普天诸神之一，寄宿于三神器中的神明，同时也被称为海神。将战争视为祭典般享受，任谁前来挑战，他都会毫不留情地挥下神剑“天之丛云”。
191,吉祥天女,0,阿难陀族召唤来的美艳之神。不仅美丽，还拥有丰收与治愈之力。据神话中记载，她还曾将自己的一部分力量赐予了阿难陀族。她是一位十分温柔的神明，会用“魅惑拥抱”治愈所有信徒的心。
192,格林瓦特,0,“哇哈哈哈哈！<hex:02100103>今天我是走了大运了！”<hex:02100103>第十二军团：格林瓦特
193,罗生,0,“……虽然有许多地方需要纠正，<hex:02100103>不过我们这些人本来就没那么多讲究。”<hex:02100103>海贼众头领：罗生
194,其日娜,0,“我们模儿部<hex:02100103>是遵从神谕来生活的。”<hex:02100103>模儿部少女：其日娜
195,玛格奈,0,“我们奥罗尼部乃是太阳神之子。<hex:02100103>仅凭一纸契约无法获得神之子的身份。”<hex:02100103>奥罗尼部的长兄：玛格奈
196,纱都,0,“没错，朵塔儿部都是最勇敢的战士，<hex:02100103>我们对死亡没有任何恐惧。”<hex:02100103>朵塔儿部族长：纱都
197,神龙,0,不依附于信仰的破坏之神，是伊尔伯德为了消灭帝国用同胞的牺牲与龙眼召唤来的。它的外表之所以呈现龙形，据推测是由于它能够超越巴哈姆特。
198,夜露,0,“我的仇恨是永无止境的，<hex:02100103>现在这些还远远不够……”<hex:02100103>多玛代理总督：夜露
199,可露儿·巴尔德西昂,0,“哎呀呀，<hex:02100103>有求于人怎么能用这种口气呢？”<hex:02100103>拂晓血盟：可露儿·巴尔德西昂
200,莉瑟,0,“这还用说吗？！<hex:02100103>我一定全力以赴来完成这个任务！”<hex:02100103>拂晓血盟：莉瑟
201,芝诺斯·耶·加尔乌斯,0,“尽全力取悦我吧！<hex:02100103>这样还可以让你多活一会儿！”<hex:02100103>第十二军团军团长：芝诺斯·耶·加尔乌斯
202,飞燕,0,“那么，你们要作何选择？<hex:02100103>是取走我的首级……还是成为我的利刃？”<hex:02100103>多玛国主：飞燕
203,苔小妖,0,偏爱湿润土地的草木纲魔物。外表如同球形的苔藓并长有双脚，在水分充足时会变得比平时更活跃。具有在察觉到即将变干燥时，复数的个体会聚在一起防止水分蒸发的奇特习性。
204,洽普利蚱蜢,0,栖息于基拉巴尼亚等地的百虫纲魔物。头部长有刀片状的角，用来切割作为食物的植物枝条和叶子。基本上属于草食魔物，但是也具有兴奋时会袭击人畜的野性。超级发达的后脚能够产生非常强力的跳跃力。
205,卢恩人食肉者,0,居住在基拉巴尼亚的卢恩族生性凶猛，有袭击人类并食用的习惯。加雷马帝国认为卢恩族并非人族而只是野生动物，因此卢恩族虽然是当地居民的威胁，但仍然被长期放置无人管理。
206,直言不讳赫罗德里克,0,曾经是阿拉米格最后的王——泰奥德里克的表兄弟、王位继承权第5位的大贵族。正义感非常强烈，曾反复谏言给失控的国王。但是反而被安上了叛国的罪名从而被幽禁，最终被咒术变成了怪物。
207,芙朵拉·雷姆·卢普斯,0,“我……不是阿拉米格人，是加雷马帝国人！”<hex:02100103>骷髅连队千夫长：芙朵拉·雷姆·卢普斯
208,人马王洛弗卡勒,0,在拉巴纳斯塔的地下深处等待着冒险者们到来的异形生物。应该是被“圣石”所变异的古代将军，但是详细经过不明。其外观有如驾驭双轮战车驰骋于战场的老将。
209,冷血剑阿加斯,0,手持“圣石”的贵族风貌的青年变异后的形态。会分别使用真实的面具与虚假的面具，举动有如神明一样尊大狂傲。原本应该是被封印在王都勒萨利亚的遗迹里，看来是因为某种原因而觉醒了。
210,劳班&皮平,0,“哼……你长进了不少啊，皮平！”<hex:02100103>“您又拿我开玩笑……<hex:02100103>分明是您想考考我的身手，才故意给敌人留出可乘之机。”<hex:02100103>恒辉队局长劳班/皮平协耀将
211,高加颅,0,将暂时的生命赋予给泥塑的身体而制作出来的东方式巨像。一般都是阴阳师或风水师用来使役的式神。据说其脸部造型源自身为古代宦官的初代发明者，但详细不得而知。
212,安居鮟鱇,0,栖息于东方的鬼鮟鱇的近亲。因其身体十分柔软，又有一张一直张着大口的脸，所以看起来十分愚钝，因此又得名暗愚鱼。叫着叫着叫法就变成了鮟鱇鱼。
213,导航系统,0,用来指引魔大陆设施的导航系统。其操作系统采用的乃是统合了军用与民用规格的初代通用规格“系统2000”，但是据说其计算数值如果超过2的16次方就会引发系统出错。
214,湛水,0,“身为海贼众，我也不指望会遇到什么好脸色。<hex:02100103>但是，我们收不到红玉钱，<hex:02100103>可不能保证你们在海上的安全。”<hex:02100103>海贼众副首领：湛水
215,玄武,0,“嚯嚯嚯。<hex:02100103>不愧是打败豪神须佐之男的人。”<hex:02100103>四圣兽：玄武
216,白虎,0,“来镇抚我的荒魂吧！”<hex:02100103>四圣兽：白虎
217,阿雷恩瓦尔德·伦提努斯,0,“阿巴和奥莉……为了救我而牺牲了。<hex:02100103>即使是为了这些拂晓的同伴，我也要好好战斗。”<hex:02100103>拂晓血盟：阿雷恩瓦尔德·伦提努斯
218,狼人族,0,起源为东洲奥萨德大陆的拥有狼头的兽人种族。作为尚武之民而闻名，在战乱时期部分部族与地方豪族结下了主从关系，最终成为了多玛重要的成员。在帝国统治期，有相当一部分的狼人族被征兵带走了。
219,汉考克,0,“失敬、失敬。<hex:02100103>我们乌尔达哈人就是心直口快，<hex:02100103>我在这边也因为这个坏毛病碰到了不少麻烦。”<hex:02100103>东阿尔迪纳德商会掌柜：汉考克
220,翡翠&红,0,“如果不信，就离近点看看吧。<hex:02100103>看看我究竟是红……还是翡翠？”<hex:02100103>红玉公主：红<hex:02100103>红的友人：翡翠
221,轮入道&片轮车,0,在东方地域被制造出来的一种魔法人偶。其奇妙的外形之所以会是贴着男女两张面具的牛车车轮，是因为再现了当地“会夺走看到之人的灵魂的妖怪”的传说。似乎也有为了恐吓非法入侵者的意图。
222,旗本,0,战死沙场的铠甲武士的死灵。旗本原本是远东之国的一种武士阶级，战乱时期常作为贵族们的近卫兵战斗，很多人会因此死在战场上。据说东方地域时常能见到身着铠甲的亡灵。
223,雪童子,0,叶小妖的近亲。雪童子会收集禾本科植物的茎并将其盖在身上，以此来抵挡积雪和严寒。这种行为被称作围席。顺便一提，东方的人们模仿雪童子的习性，发展出了冬季用来保护树木的园艺技术。
224,齐天大圣,0,活过千年得到了神通力的猿形瑞兽。为了防止其师制造出来的操控时间的神器——风水玉手箱被坏人恶用，一直住在岩燕庙周边。另外，其名字似乎有“与天同高”的意思。
225,蛭子,0,天之御柱30层中的敌人。为了培育能够对抗灵灾规模的灾厄的英雄，作为测试候选人实力的一关挡在了他们的面前。其生成过程似乎使用了已经失传的禁忌之术。
226,幸福兔,0,传闻中能够带来幸福的奇妙的小动物。虽不知其选择标准为何，但据说会指引中意的人前往财宝所在之处。参加优雷卡调查的人们之间流传着数条目击情报，可其生态依然成谜。
227,娄希,0,在极寒的恒冰地带被确认到的大型妖异。活用巨量魔力收束了环境以太，以此做出冰刃来武装自己。妖异学者的研究还在进行中，但由于其率领着大量部下，可以认为其身份高于下级贵族。
228,月读,0,降临于多玛的蛮神。借助帝国军从红甲族那里得到的神器“白铜镜”的力量得以现世。不过，根据东方传说，月读是统治夜晚和月亮之神，传说中多是男性的姿态。
229,鬼龙雅兹玛特,0,出现于机工都市高古的遗迹中的怪物。其真身是被度玛圣石变为异魔的邦加莫南。虽然不知道圣石究竟反映了邦加莫南怎样的愿望，才能让他变为可怕的鬼龙。
230,豪雪,0,“老夫乃是多玛国武士大将豪雪！”<hex:02100103>多玛国武士大将：豪雪
231,机关般若,0,应用了多玛自古传承下来的技术，由远东之国的人偶师设计的武装机关人偶。特征是装饰着有着强烈嫉妒和怨恨之心的女鬼的面具。不仅装备有弩弓和金棒，部分个体还拥有自爆功能。
232,姆德斯德,0,浑身肌肉的大型妖异。在加雷马帝国入侵的时候，阿拉米格的宫廷魔法师孤注一掷，将战死的高地之民和红焰之民男性士兵作为媒介召唤出了姆德斯德，因此经常能在基拉巴尼亚地区目击到其身影。
233,枯腐泥妖,0,在圣茉夏娜植物园确认到的个体，真身其实是受到特殊泥土影响而异常活性化的叶小妖。头上的叶子枯萎掉落，导致看起来像是戴着一顶王冠，因此又被称为污泥王。
234,雾龙,0,被古代亚拉戈文明拘束并接受了魔科学改造的龙族。至今仍然被束缚在终末焦土地带。并且早已失去了理性，仅仅顺着防卫本能在运用魔力操纵迷雾，袭击任何来往的活物。
235,朱雀,0,“典膳……<hex:02100103>请你守望着我吧……”<hex:02100103>四圣兽：朱雀
236,帕祖祖,0,出现在常风地带的大型妖异。因其擅长操控风属性魔力，在那里调查的冒险者们将其称为暴风魔王。但究竟是怎样显现在物质界的，至今仍没有结论。
237,彭忒西勒亚,0,出现在涌火地带的大型妖异。因其擅长操控火属性魔力，被人们称为火焰女王。看来它是垂涎涌火之地具有强烈火属性之力的以太，而想要在这里完成更进一步的进化。
238,朝阳·萨斯·布鲁图斯,0,“难道你要为了那个女人对我动手吗？<hex:02100103>她可是你们的敌人！而我是帝国的全权大使！”<hex:02100103>全权大使：朝阳·萨斯·布鲁图斯
239,保镖&大五郎,0,“景山身上已经抽不出油水……<hex:02100103>那也没必要继续为他卖命了……恕不奉陪！”<hex:02100103><hex:02100103>保镖&大五郎
240,欧米茄,0,从外星飞来的自我进化型自律兵器。在与强敌战斗中不断积累战斗数据，有着利用数据进行自我强化、扩充兵装的功能。据记载古代亚拉戈帝国通过研究这个坠落的兵器，在技术方面得到了飞跃般的提升。
241,塔塔露·塔露（红莲）,0,“就交给我塔塔露来负责收集情报吧！<hex:02100103>我得活用在伊修加德积累的经验！”<hex:02100103>拂晓血盟接待员：塔塔露·塔露
242,矮儒,0,在妖异十二阶中位居第四的高级妖异。在锻冶和雕金上有着十分深厚的知识，在虚无界中也凭借出色的工匠技术声名远扬。妖异们所使用的武器有很多都是矮儒一族制作的。
243,艾吉卡·岑吉卡,0,“所以我就说艾欧泽亚的野蛮人是……<hex:02100103>别管那么多了快带我去那座岛！”<hex:02100103>巴尔德西昂委员会：艾吉卡·岑吉卡
244,普罗米修斯,0,加雷马帝国军开发的魔导兵器。原本是设计成用来破坏城墙的攻城兵器的，后来其挖掘能力被发掘，最终被用来挖基姆利特暗区的战壕和迎击敌军。
245,起源守望者,0,在丰水地带被发现的水晶龙。外形与高级龙族相似，生物种类则和泛光晶体之类的聚集了环境以太的魔法生物相同。推测其外形为拟态。
246,青龙,0,“因此我立下了誓言。<hex:02100103>总有一天我要变得比典膳还要强大，<hex:02100103>守护他想要守护的事物。”<hex:02100103>四圣兽：青龙
247,阿尔法,0,“咕哎……咕哎！”<hex:02100103>加隆德炼铁厂新人员工
248,金鲶大王,0,金色的鲶鱼精族。金色的鲶鱼精人偶被人们当成吉祥物而被近东地域的人所追捧，于是一只鲶鱼精为了过上不用工作的生活远航拉札罕。他用炼金药将自己变成了金色并自称福神，成功获得了宝物殿守护神的地位。
249,吉尔伽美什（红莲）,0,“为了再次挑战冒险者，力量和名刀很重要吧？<hex:02100103>所以我就漫游诸国，一边修行一边收集武器。”<hex:02100103>吉尔伽美什
250,圣天使阿尔蒂玛,0,阿尔蒂玛因她招牌的最强破坏魔法“究极”而得名。虽然最初的她纯粹是只知道破坏的怪物，但随着时间的流逝，人们对她的感情渐渐从恐惧转变成了敬畏，这种感情中蕴含的力量使她逐渐诞生了自我。这一诞生自我的过程和人们通过愿望召唤蛮神的机制基本一致。
251,阿尔菲诺&阿莉塞（红莲）,0,“但是组织人们团结起来，共同抗敌的话，我想我还是能帮上一些忙的。”<hex:02100103>“……唉，好吧。<hex:02100103>我知道我是拦不住你的，那你就自己多加小心。”<hex:02100103>阿尔菲诺·莱韦耶勒尔&阿莉塞·莱韦耶勒尔
252,诺克提斯·路西斯·切拉姆,0,“等一切都结束后，我们一起把路西斯变成一个人人平等、出身不分贵贱的国家吧！”<hex:02100103>传说中的英雄：诺克提斯·路西斯·切拉姆
253,阿马罗,0,在诺弗兰特全域最为广泛运用的骑乘用飞行兽。原本是类似卡玛的兽类，古代隆卡帝国魔法师用魔法将其品种进行了改良。虽然此种技法已经失传，可是偶尔还会出现继承了古代血统表现出高度知性的个体。
254,恶魔兵装,0,有着矮矮的胖胖的身体，在其头上飘浮着剑的奇妙魔物。其真实身份是将魔法赋予给剑后产生的魔法生物，其本体是头上飘浮的剑。在拿巴示艾兰王国，曾经特别流行使用这种使魔，因此至今仍有许多无主的个体彷徨在荒野之中。
255,采夫妇,0,“他是代达罗斯公司的继承人！<hex:02100103>专门负责研发安穆·艾兰开矿用的塔罗斯！”<hex:02100103>游末邦市民：杜丽雅·采&采·努兹
256,巨人掌,0,主要栖息在安穆·艾兰之类的沙漠地带的草木纲魔物。比起一般的仙人刺还要巨大，成长时会形成许多分枝。顺便一提，其果实非常甜美，可是因为内含很多种子，所以吃起来非常麻烦。
257,菲奥·乌儿,0,“所以，从现在开始我们就像大树和树枝一样没有任何隔阂了！<hex:02100103>我就是你的<hex:021A020203>‘美丽的小树枝’<hex:021A020103>，<hex:02100103>你是我的<hex:021A020203>‘可爱的小树苗’<hex:021A020103>！”<hex:02100103>美丽的小树枝：菲奥·乌儿
258,鲁纳尔,0,“当然可以！<hex:02100103>玛托雅大姐的客人就是我们的客人。”<hex:02100103>夜之民导师：鲁纳尔
259,盖雷诺尔特,0,“呜喔喔喔喔喔！<hex:02100103>制作欲望与灵感都源源不断地涌上来了！<hex:02100103>现在的我一定能行！肯定能行！”<hex:02100103>孤高的工匠：盖雷诺尔特
260,斐利亚,0,雷克兰德地区的灵光卫。原本是被收监在责罚监狱的菁灵族囚犯，其四肢上的铁锁仿佛就是在证明这一点。斐利亚这个名字的含义是“友谊之爱”，因为它袭击了邻里和睦的村落，并吞食了那里的人们，所以人们给它起了这个讽刺的名字。
261,妖灵王缇坦妮雅,0,管理居住在伊尔美格妖灵们的妖灵王。过去曾经为了守护妖灵们而与灵光卫战斗过，并获得胜利。可是却受到了强烈的光之力影响，最终自身变成了灵光卫。从那以后，就一直被幽禁在梦羽城中。
262,艾洛斯,0,拉凯提卡大森林的灵光卫。让人联想起合成兽一样的姿态，推测是在光之泛滥时复数的野兽被吞噬并结合在了一起。艾洛斯的含义是“情欲之爱”，这个名字主要因其无节制的繁殖行为而得。
263,斯托尔戈,0,安穆·艾兰的灵光卫。推测可能是元精之类的妖灵纲生物食罪灵化后的产物。斯托尔戈的含义为“家庭之爱”，这个灵光卫占据了马利卡大井并吞食了王妃献给已故国王的爱，或许可以说这是一个再合适不过的名字。
264,畏惧装甲,0,古格家族的矮人族们运用了所有的技术制造出的超大型自走人偶。只为了夸示自己能够造出不输给图尔家族的东西，而将自走人偶一味地进行了巨大化，其最终结果就是诞生出了完全失控的机器。
265,莱楠,0,“……胜利与黑暗常伴身边。<hex:02100103>我们绝对要救出光之巫女！”<hex:02100103>水晶都卫兵团团长：莱楠
266,游末邦的小丑,0,“游末邦欢迎你！<hex:02100103>请你在这个幸福之城尽情发挥实力！”<hex:02100103>游末邦的小丑
267,无瑕灵君,0,游末邦元首沃斯里大王变异成的灵光卫。出生前便被植入的食罪灵因子终于觉醒，使他变成了与从前判若两人的姿态。其力量远远凌驾于现存的灵光卫之上。完美无瑕，万灵之君。
268,雅·修特拉（暗影）,0,“退？我可从来没有临阵脱逃的习惯。<hex:02100103>在<hex:02080DE905FF04>她<hex:FF04>他<hex:03>回来之前，我会守住这里！”<hex:02100103>魔女玛托雅：雅·修特拉
269,于里昂热（暗影）,0,“无论是反抗命运还是接受命运，<hex:02100103>我们都无路可退了。”<hex:02100103>拂晓血盟：于里昂热
270,兰吉特,0,“不需要理由，更无需妖术，<hex:02100103>我只是赞同沃斯里的理想。”<hex:02100103>游末邦军将军：兰吉特
271,哈迪斯,0,其究竟应该被视为是无影爱梅特赛尔克的本体呢？还是因他背负了众多古代人的心愿而生出的异形呢？不管怎样，为了达成使灭绝后的同胞重新复活这一大愿，他一直在战斗着。
272,阿尔博特,0,“这个世界现在还不能结束。<hex:02100103>我的冒险之旅今后也会继续走下去！”<hex:02100103>光与暗的战士：阿尔博特
273,大哥布林,0,栖息在诺弗兰特的兽人种族。拥有进行对话和使用简单道具的智慧，大多数大哥布林都很粗暴且没有伦理观念，依靠抢夺为生。此外，“你个大哥布林养的丑八怪！！”是对矮人族最大的侮辱。
274,仙子猪,0,恩莫族创造的使魔。用优质的泥土和水捏成的小猪，通过赋予含有仙子族魔力的仙子油灯，可以使其成为能够自主行动的魔法生物。虽然吃起来味道不错，不过别忘记它原本是用泥土捏制而成。
275,鬣蜥,0,栖息在珂露西亚岛的爬虫类生物。能够灵活使用长长的舌头捕捉猎物。随着年龄增长食欲越强，因此也会变得更加喜欢狩猎，有时甚至会一口吞下一个矮人族。
276,恩莫,0,一种住在妖灵乡伊尔美格的妖灵。是喜欢与人类打交道的温和种族，曾与孚布特王国有着深厚的友谊。他们有着独特的价值观，将公平交易视为自身的名誉，所以被称为等价的收藏家。
277,水妖,0,一种住在妖灵乡伊尔美格的妖灵。它们将水边视为自己的地盘，会对接近的人进行恶作剧，因此被称为水妖。它们恶作剧的程度就连仙子族都觉得很过分。
278,凉南希,0,一种外观像是人类女性的可移动性植物。这些能力都是为了将森林中的猎人和伐木工引诱到自己身边，这样才能吸收他们生命力。有时也会用自己的歌声引诱猎物。
279,漆黑导师,0,生活在废弃的菁灵族宫殿——宇宙宫的恩莫族隐者。一名灵魂研究者，擅长制作魔法生物。为了不让人们靠近，他穿了一身令人惧怕的装束，可实际上长得非常可爱。
280,光之巫女,0,“看来我的愿望由你继承了。<hex:02100103>我为你感到十分自豪。”<hex:02100103>光之巫女
281,古塔尼亚,0,出现在黑风海海底的大嘴巨兽。它的真实身份是曾经使古代文明毁灭的末日野兽之一。这是爱梅特赛尔克为了再现当时的灾厄与恐怖而创造出来的吗？其真相无人知晓。
282,9S,0,在复制工厂废墟遇到的一身黑色装束的少年。真实身份是仿照人类制作的自动步兵人偶，也就是人造人。他操控着机械生物，目前无法得知其真正目的。
283,花束篮筐,0,曾经孚布特王国的魔法师们为整理牧草地而创造的一种巨像。由于残留下来的巨像周边都变成了花田，所以仙子们对巨像进行了加工，使得它变成了会动的花篮。
284,奇塔利,0,藏身在拉凯提卡大飞流地区生活的如同老鼠的兽人。平均年龄仅为25岁，所以它们非常看重记忆的传承。也正因为如此，在古代隆卡帝国时代，它们就作为记录员为皇帝工作。
285,异豺,0,在光之泛滥之前的时代，侍奉于守旧派菁灵族贵族的骑士们的末路。想要使菁灵族在诺弗兰特恢复权利的骑士们被影之王所骗，最后因魔法变成了狼一样的姿态。
286,莉兹贝丝,0,“这里没有库啵果哦！<hex:02100103>不过这里倒是有库啵好运道！”<hex:02100103>库啵好运道接待员：莉兹贝丝
287,大脚野蝠,0,误入奇坦那神影洞的巨大蝙蝠被驱逐盗墓者的机关抓住，就此被困在了神影洞中。因为被光之泛滥的无尽光烧毁了双眼，所以听觉变得异常发达，可以通过回音进行定位以及操控超声波。
288,得到宽恕的猥亵,0,沃斯里大王手下的上级食罪灵。有人说它是沃斯里的情妇变的，也有人说是蜂箱的明星变的，不过没人知道真相。因为人们更倾向于前者，所以称它为得到宽恕的猥亵。
289,华迦斯,0,古代隆卡帝国的魔法师为保护神殿创造出来的杰作。虽然看起来只是个普通的石像，但如果检测到有人想要打开封印之门，便会成为魔法生物，对入侵者发起试炼，确定入侵者的真实身份。
290,不明物体,0,完全不知道是什么。如果在这里进行说明的话，就代表至少知道了些东西，就算不上不明物体了。非要说些什么的话，那就只能说没有比这更让人摸不透的东西了。
291,红宝石神兵,0,作为究极神兵的后继机开发出来的试作型魔导兵器。除了能够吸收蛮神外，还搭载了构造不明的“人造圣石系统”。为此，它拥有着和原型机完全不同的外观，以及截然不同的战斗力。
292,至大灾兽,0,于终末灾难时出现，将壮丽的亚马乌罗提变为火海的灾兽之一。这些灾兽之所以有着让人们生理上产生厌恶的外观，是因为它们是用人们的恐惧之心创造出来的。
293,瓦厉斯·耶·加尔乌斯,0,在西德的记忆中出现的登上皇位之前的瓦厉斯。虽然他当时处于统领各军团的大将军地位，但并没有事实证明他与博兹雅堡垒蒸发事件有关。这只不过是对此事件有心理阴影的西德幻想出的一个幻影而已。
294,矮人,0,生活在珂露西亚岛山岳地带的矮小种族。擅长采掘、冶炼还有酿酒。戴着头盔生活，绝不会让家人以外的人看到自己的脸，因其独特的习俗而广为人知。
295,艾尔·图,0,“像这样只要龙与人类继续交流，<hex:02100103>就会不断地缔造出新的龙诗吧。”<hex:02100103>“制作”的龙族：艾尔·图
296,矮人战车,0,沃茨之锤的爆款产品。跨世代的设计！匠心制作，多次改良！配备自动驾驶自走人偶和超大容量后备箱！现为您推出超值优惠套餐，快来抢购吧！
297,卢格斯,0,恩莫族的隐者拜克·拉各创造的火之使魔。为了提高仙子猪的生产速度，拜克·拉各改良了仙子油灯，结果从中冒出了舞动的火焰。卢格斯似乎就是他为了保护宇宙宫，将那团火焰进行调整之后的产物。
298,达温,0,率领第四军团魔兽大队的千夫长莱昂·雷姆·赫尔索斯使役的魔兽。原产于伊尔萨巴德大陆中央山脉的野生种，性情极为凶暴。莱昂在征服这头魔兽后获得了兽王的称号。
299,阿德拉梅里克,0,率领第四军团术师大队的千夫长萨德尔·雷姆·阿尔贝雷欧使役的召唤兽。似乎是利用从达尔马斯卡遗迹中发掘的圣石的力量召唤出来的。古代碑文中将其记载为“愤怒的灵帝”。
300,无影艾里迪布斯,0,“如果你要结束一切，<hex:02100103>那么我也会全力反抗。”<hex:02100103>调停者：艾里迪布斯
301,桑克瑞德（暗影）,0,“你是我们的骄傲，无论我在哪里，<hex:02100103>都会为你的幸福祈祷。”<hex:02100103>琳的家人：桑克瑞德·沃特斯
302,蓝宝石神兵,0,第七军团开发的试作型魔导兵器。虽然使用红宝石神兵的实战数据进行了修改，但尚未调整完毕便出击迎敌，最终被击败。它之所以拥有如同深海生物一般的外形和能力，似乎是因为吸收了科尔沃海峡的海洋居民召唤的蛮神。
303,2P,0,在机械遗迹坑道遇到的一身白色装束的女性。自称是自动步兵人偶，也就是人造人。率领着白色人造人，似乎和黑色人造人处于敌对关系，但其言行中充满了谜团。
304,光之战士（暗影）,0,艾里迪布斯将想要拯救世界的纯粹愿望聚集于自己的灵魂之中，形成了英雄“光之战士”的总体。其样貌应该和在某个时代拯救了某个世界的英雄非常相似吧。亦或者他认为英雄就应该是这种形象。
305,蓝色假面,0,“比苍空还要鲜艳……比碧海还要深沉……<hex:02100103>就将今夜为你们渲染成此等青色吧。<hex:02100103>蓝色假面登场！”<hex:02100103>天青斗场人气斗士：蓝色假面
306,仙子猪之母,0,在玛托雅工作室烧制成的使魔。这个使魔是为了量产出能够治疗信徒的仙子猪而设计出来的。身上穿配的王冠以及奢华的衣服都是玛托雅在捏黏土时根据自己的喜好加入的。
307,求道之三位一体,0,被斗神天佑女王精炼后的女王之刃们。原本是同属于翠青门的热气拳阿姬、豪情剑韦利博尔、慈悲为怀布拉兹三人，如今肉体已经发生变异并融合在了一起。
308,誓约之三位一体,0,被斗神天佑女王精炼后的女王之刃们。三位一体，同时具有魔天将泽文、风花舞伊索尔德、不动罗刹斯塔尼克的特性。
309,启示者,0,出现在斗技场“天青斗场”的斗士。宣传语是“来自地狱的邪恶青魔法师”。其真实身份是秘术师行会的魔法学研究员瓦斯特拉哈，他已经掌握了从瓦拉其族学到的青魔法。
310,齐格弗里德,0,活跃在斗技场的明星剑斗士，有着超高的人气。他的战斗风格独特，会利用帝国制的武器进行战斗，有着不凡的实力。其真实身份则是沙蝎众菲厄盖斯的长子，同时也是铁灯团团长的吉恩贝尔克。
311,模仿师格格,0,在黄金港举办的表演活动——蒙面斗将大会中拥有着超高的人气，在当地被人称为黄金头巾。只凭一眼就能看穿对战对手的动作以及招数的本质，并用模仿这一独特的战斗技术进行战斗。
312,绿宝石神兵,0,第七军团开发的试作型魔导兵器。吸收了伊尔萨巴德大陆中央山脉的山岳民族所召唤的未知蛮神，能够操控复数的腕状攻击终端。此外据说还搭载了漆黑的王狼盖乌斯的战斗数据。
313,琳,0,“盖娅，我就在这里！<hex:02100103>就在这里等着你！<hex:02100103>我们不是约定好了吗？！”<hex:02100103>迈向明日之人：琳
314,盖娅,0,“那是当然，我什么时候忘记过约定呢？”<hex:02100103>迈向明日之人：盖娅
315,伊甸之约,0,无影米特隆与无影阿洛格里夫的融合体利用伊甸的属性操控能力创造出的“永远的理想乡”的守护者。为了避免再次离别，基于曾经许下的约定而被创造了出来。
316,不死鸟,0,加尔提诺战役刚结束后有人目击到了传说中的不死鸟。虽然灵灾后遗症引起了记忆混乱，导致没有一致的证词，不过有一部分人主张是重生的象征——不死鸟拯救了艾欧泽亚。
317,宝库守护者,0,在梦羽城的迷宫内徘徊的巨大魔物。水妖族占领了梦羽城的地下空间，并改造成了宝物库。这个魔物有可能是被水妖族留下用来看守宝物的。不知是不是因为受到水妖族诅咒的影响，它的皮毛颜色变得十分异常。
318,真月巴哈姆特,0,终末使徒在南方大陆捕获龙族并利用它们的祈祷，在异形之塔内召唤出的异形蛮神。但其外形十分怪异扭曲，与第七灵灾时出现的龙神并不相同。 
319,瓦伦斯·范·瓦罗,0,“加油！加油！”<hex:02100103>第七军团军团长：瓦伦斯·范·瓦罗
320,真月伊弗利特,0,终末使徒绑架蜥蜴人族并利用他们的祈祷，在异形之塔内召唤出的异形蛮神。虽然拥有不逊于火神伊弗利特的战斗力，但却无法像火神一样精炼他人。
321,第四军团谢米哈扎,0,第四军团魔导僧兵大队的异端僧兵在圣石碎片的影响下，外表变成了神似伊瓦利斯传说中登场的告密者谢米哈扎。据记载，谢米哈扎拥有操控飘荡在异界中的灵魂的能力。
322,第四军团丘库雷因,0,第四军团魔导僧兵大队的异端僧兵在圣石碎片的影响下，外表变成了神似伊瓦利斯传说中登场的不净王丘库雷因。顺便一提，有个同名的大妖异也是因这则伊瓦利斯传说而得名，但和这个僧兵所化的丘库雷因并没有什么关系。
323,究极战士G型,0,亚拉戈帝国在进行“究极兵器开发计划”的途中开发出了对蛮神兵器“究极战士”。加隆德炼铁厂以“究极战士”为基础，将其改修后制作出了究极战士G型。在维尔利特强袭作战中，解放者乘坐这架机体打败了蓝宝石神兵。
324,钻石神兵,0,第七军团开发的试验型魔导兵器。钻石神兵是神兵计划中最初也是最完美的机体，它统括其他3架神兵的数据，搭载了名为“超负荷思维系统”的新型控制系统。 
325,迪亚布罗魔兵,0,梅内纽斯率领的圣遗物搜寻队在扎杜诺尔高原挖掘出来的遗物。看起来像是古代亚拉戈帝国从虚无界中召唤出高位贵族级大妖异后，再将其进行了魔科学改造。据推测很可能是当时用来作为攻略南方大陆时的杀手锏而开发出的兵器。
326,2B,0,自称是“寄叶机体二号B型”的人造人。其外表与2P十分相似，不过却穿着黑色的装束并与白色人造人和机械生物处于敌对关系。与同为黑色人造人的9S关系密切。
327,巨魔,0,原产北洋原初岛的巨兽。上半身覆盖着蓬乱硬质毛发的同时，下肢却是没有体毛的松果状皮肤。在北洋当地的鲁加族传统中，鲁加族的成年礼就是独身一人打倒巨魔，只有完成这项壮举的鲁加族人才能获得大家的认可，被允许登上长船出海。
328,毕舍遮,0,栖息在萨维奈岛的甲鳞纲魔物。毕舍遮是一种非常凶猛，攻击性极强的野兽，在当地经常发生毕舍遮袭击人类的事故。它们的全身都覆盖着札甲一般的坚硬鳞片，爪子尖锐锋利，舌头则像是皮鞭一般细长危险。在萨维奈岛的神话里，人们把毕舍遮描绘成了一种恐怖的恶鬼。
329,异亚,0,梅蒂恩在天外天垓重现的智慧种族之一。异亚曾拥有极其发达的文明，甚至连“永生”这个究极课题对他们来说也只是小菜一碟。然而无尽的研究和探索之后，异亚们发现他们穷尽所有努力都无法阻止宇宙走向终结。这个残酷事实击溃了异亚，在绝望中他们选择了自我销毁，走向了灭亡。
330,悌阳象族,0,体型较大的种族，形似大象，是象魔族中的一个派系。悌阳象族的祖先作为萨维奈岛的原住民，通过与之后移居至岛上的敖龙族合作，将与他们对立的派系魔邪象族驱逐。后来这两个种族又与人类移民缔结了友好关系，共同兴建了现在的拉札罕。
331,兔兔族,0,生活在叹息海，拥有兔子样貌的种族。他们其实是海德林作为“月球”这艘移民船的船员而创造出来的魔法生物。多年以来，兔兔族都与萨雷安人保持联系，时刻戒备着末日卷土重来。
332,阿尔戈斯,0,古代人维涅斯创造的使魔。阿尔戈斯看似是一只拥有金黄色毛皮，毛发顺滑的大型犬，实际上它的身体却是由纯粹的以太构成的。世界被分为十四个之后，它一直生活在月亮上，作为使魔协助月面上的管理者。
333,赫尔墨斯,0,掌管厄尔庇斯的古代人赫尔墨斯变身之后的姿态。擅于创造飞行生物的他最为擅长的就是使用各种各样的风属性魔法。赫尔墨斯手中持有的权杖被称为“使者权杖”，他依靠这柄手杖与他送往星空深处的使者梅蒂恩进行联系。
334,邪执外道的亚蒙,0,沉淀在星海的最深处，曾经的魔科学者亚蒙的灵魂碎片。这份灵魂在遥远的过去曾属于古代人赫尔墨斯，后来则随着世界在海德林的一击之下分裂为了十四份，这一份经历了无数次的转生，最终成为了魔科学者亚蒙。然而你要记得的，出现在你眼前的他既不是古代人赫尔墨斯，也不是无影法丹尼尔，只是当年的那个亚拉戈的亚蒙本人。
335,埃里克特翁尼亚斯,0,万魔殿的狱卒埃里克特翁尼亚斯变身后的样子。看到前来调查万魔殿异变的特弥斯和光之战士后，他突然发起了攻击。埃里克特翁尼亚斯似乎很擅长使用镣铐魔法，然而……
336,梅加斯三姐妹,0,潜藏于萨维奈岛佐特塔中的终末之兽。人们猜测兽的原型取自萨维奈岛传统神话中人趣诸神的三姐妹神，是基于对多格神、马格神、拉格神的信仰而形成的。
337,梅蒂恩,0,古代人赫尔墨斯创造的生物，拥有在宇宙中翱翔的能力。作为拥有自我意识的圆满实体，她能够干涉潜能量，将情感转化为切实的现象。梅蒂恩在赫尔墨斯的指示下前往星空中探求生命的意义，因此不幸地目睹了无数蔓延在宇宙中的绝望。
338,富尔什诺·莱韦耶勒尔,0,“身为哲学家议会的一员，<hex:02100103>我当时已经知晓了末日的预言。<hex:02100103>我不想让这灾难夺走你们的未来……”<hex:02100103>哲学家议会议员：富尔什诺·莱韦耶勒尔
339,阿尼玛,0,占据了巴别塔的蛮神。以加雷马帝国的末代皇帝瓦厉斯·佐斯·加尔乌斯的遗骸为媒介，以帝国市民的爱国心为“食粮”召唤出来的蛮神。阿尼玛是终末使徒建立的以太收集系统的中枢，他们正是通过阿尼玛实现了对世界各地的“末日塔”控制。
340,昆图斯·范·秦纳,0,“这些差异必然会引发争执和冲突，<hex:02100103>而建立在妥协上的和平本质<hex:02100103>就是为了消除差异而限制自由。<hex:02100103>这个世界无法令所有人都获得幸福，<hex:02100103>只有胜利者才能制定规则。”<hex:02100103>第一军团军团长：昆图斯·范·秦纳
341,阿尔菲诺&阿莉塞（晓月）,0,“因此，我们才能继续前进！”<hex:02100103>阿尔菲诺·莱韦耶勒尔&阿莉塞·莱韦耶勒尔
342,希斯拉德,0,“你自己的战斗还在未来等着你，<hex:02100103>而且没有任何人能代替你。”<hex:02100103>古代人：希斯拉德
343,弗栗多,0,尘世幻龙的七子之一，也就是七大天龙之一。弗栗多虽然在萨维奈岛隐居，却并非不问世事。它作为中间人协调了萨维奈岛的三大种族和平共处，也参与了拉札罕这个城邦的建立。自那时以来，它就与总督一族合作，默默地守护着拉札罕人。
344,佐迪亚克,0,为了应对末日之劫，古代人们创造出来的最古老最强大的蛮神。召唤佐迪亚克是为了编织新的行星之理，从末日中拯救这个星球，而佐迪亚克的召唤也确实成功阻止了末日蔓延。之后，海德林的一击导致佐迪亚克的力量被分割，至今仍未完全觉醒。
345,海德林,0,由维涅斯率领的一派古代人为了与佐迪亚克对抗而创造出来的蛮神。尽管献祭给海德林的古代人灵魂要远远少于佐迪亚克，但海德林精妙至极的一击还是成功地将佐迪亚克连同世界一同分割，并且顺势地将佐迪亚克封印在了月亮上。海德林呈现出的外貌与化作了它核心的维涅斯十分相似。
346,芝诺斯·加尔乌斯,0,“有觉得，开心吗？<hex:02100103>我……”<hex:02100103>渴望挚友的人：芝诺斯·加尔乌斯
347,铁壁,0,阿尔扎达尔海底遗迹群配备的全自动传送装置。尽管铁壁实际上是萨维奈炼金术的产物，但从博物学的角度判断，鉴于铁壁的动力主要仰赖它的核心辉石，它应当被分在咒具纲而非机关纲。铁壁本身并没有战斗力，在面对入侵者时，它会将附近的生物传送到身边，驱使这些生物击退敌人。
348,河马车,0,值得信赖的只有河马！河马骑手团的配送服务能安全准时送达任何贵重物品，解决您的烦恼。我们会小心翼翼地运送您重要的包裹。现在可以免费沐浴祝福的色粉，同时还有开业大吉优惠活动哦！
349,魔邪象族,0,曾经生活在萨维奈岛的象魔族。在输给敖龙族与悌阳象族的联盟后，被赶出了萨维奈岛。之后由于心怀对敖龙族的憎恨，他们在大陆各地闹事，最终流落至太阳神草原，成了当地敖龙族的心腹大患。
350,拉尔戈,0,拉尔戈是司掌彗星与破坏的男神，他有着雷属性的神力。他经常被描绘为一位手持黄铜手杖的聪慧魔法师。冒险者在神域遇到的这位拉尔戈之所以表现出这般虎背熊腰的形象，可能是受到了拉尔戈星导教武僧信仰的影响。
351,阿泽玛,0,阿泽玛是司掌太阳与审理的女神。她经常被描绘为一位手持黄金扇的贵妇。冒险者在神域遇到的这位阿泽玛女神有着与神话传说中相当的美貌，同时却也表现出了神话中鲜有的勇猛。她的这种战斗力可能是由于她还司掌审理，因此对试炼这件事格外严肃严格。
352,纳尔,0,纳尔札尔是司掌地底与商贸的男神，同时也是乌尔达哈城邦的守护神。他们有着火属性的神力。纳尔和札尔有时被视为一位神的不同化身，有时则被视为二位一体的双子神。神域中纳尔札尔称量人类灵魂的这一行动，从一个直观的角度上展现出了其作为商贸神的神性特征。
353,札尔,0,纳尔札尔是司掌地底与商贸的男神。根据纳尔札尔教团的教义，现世神纳尔守望着活人的世界，而来生神札尔则掌管死者的世界。冒险者在神域遇到的这两位神来回交替的姿态，也从某种程度上呼应了纳尔札尔教团信奉的“轮回转生”的观念。
354,希,0,希是阿尔法坦星人创造的侵略兵器之一。它在屠戮了无数生命后脱离了阿尔法坦星指挥系统的控制。在那之后，失控的希一直在星空中独自徘徊寻找侵略目标。阿尔法坦星人认为希的内存文件中保留了大量的资料，甚至有可能包含了奥密克戎继续进化的关键，但这种可能性具体是什么尚未有定论。
355,明灯天王,0,明灯天王是从佐特塔中出现的异形之神之一。明灯天王在神话中属于兽道诸神，原本是一条拥有三个头的大蛇，神话中，明灯天王为了寻求智慧，将三个蛇头中间的那个换成了人趣诸神的头颅。出现在若那海上智坛的这个明灯天王，恐怕和梅加斯三姐妹一样，只是末日塔伪造的蛮神而已。
356,讴歌终结之物,0,遨游星空的群鸟见证了无数星球的灭亡，这其中无数的绝望在旅途的尽头将她们扭曲成了如今的模样。在天外尽头筑巢的群鸟怀揣最后的温柔向着群星讴歌所见所闻。她们的思绪与受到感情推动的能量扭结于一处，她们的绝望乘着潜能量的风为群星与万物带去终结。
357,N-7000,0,“沙沙沙……全身毛绒绒的有机生命体的提案<hex:02100103>真是莫名其妙。”<hex:02100103>奥密克戎：N-7000
358,征服者革律翁,0,百臂巨人族过去曾被萨纳兰地区的执政者当做奴隶驱使。它便是那些巨人奴隶的后代。革律翁胸怀大志，渴望有朝一日建立自己的帝国，因此流浪在乌尔达哈的地下寻找实现野心的机会。在这个过程中，它不幸地在希拉狄哈水道深处遭遇了冒险者。它短暂的征服之路因此夭折。
359,希拉狄哈剑斗士,0,于希拉狄哈遗迹中发现的古代角斗士雕像。其外观与阿泽玛神殿中的守护者十分相似，或许是使用了与贝拉哈迪亚时代相同的技术制造的。不过，二者的用途并不相同。这座雕像似乎并非用于守护神殿，而是被制作出来参与剑斗的。
360,索恩自走人偶,0,这台以讨伐僵尸为目的的魔法兵器建造于索恩朝时代。它有着极强的火属性亲和力，体内融合了死去的蜥蜴人族战士的手臂。又及，虽然它的外观与魔法人偶十分相似，但其实是更为古老的咒术造物，从本质上来看更像是巨像兵。
361,贝雅特丽齐,0,冒险者在第十三世界遇到的上级妖异。根据某个妖异提供的消息，贝雅特丽齐似乎曾是掌管特罗亚这个国家的8名神官之首，成为妖异之后，她在自己的领域里重建了当时的特罗亚城堡，赋予了自己城主的身份继续统治这个“国家”。
362,比尔格,0,执掌建筑及工艺的男神。他有着雷属性的神力，经常被描绘为一位手持双头铁锤的老实铁匠。冒险者在神域中遇到的比尔格是一位劲骨丰肌的大个子男人，考虑到建筑和制造业的相关人士对于肌肉都有一种迷信般的狂热，这种形象也可以视为对比尔格和肌肉信仰的佐证。
363,鬼阴火泽雷斯·夏,0,死于约230年前的蜥蜴人族勇士。擅长独特的结界术。泽雷斯·夏自愿远赴乌尔达哈加入讨伐僵尸的救援任务。它在掩护友军的行动中不幸负伤，自己也成了僵尸的一员。
364,斯卡米留尼,0,高贝扎四天王中的土天王。他的贪婪驱使他吞噬了无数的妖异，也导致了他肉体的扭曲变形。如今有着无比丑恶身姿的斯卡米留尼以他可怕的恢复力和毒气为武器，迫使冒险者一行陷入了苦战，幸而有零挺身而出用忆晶封印了他。
365,巴尔巴莉希娅,0,高贝扎四天王中的风天王。她最大的武器就是那些充满魔力的头发。那些头发不但能用来攻击，还能转化为铠甲缠在身上，令巴尔巴莉希娅的力量大幅增强。不过在头发缠身的时候，她的性格和语气也都会发生巨大变化，这一点好像和她身为人类时的一些经历有关。
366,拉哈布雷亚,0,“那个家伙所说的全都是他臆想出来的。<hex:02100103>他被负面感情支配，早就失去了理性。<hex:02100103>目前的所作所为，也不过是源于本性的冲动罢了。”<hex:02100103>十四人委员会：创造者之座拉哈布雷亚
367,赫淮斯托斯,0,诞生自拉哈布雷亚分离出的记忆和感情，也可以说是拉哈布雷亚的半身。赫淮斯托斯曾被拉哈布雷亚所封印，但后来被神秘的帮手解救了出来。重获自由之后，他就一直在图谋掌控万魔殿，复活爱妻雅典娜。半神化之后的赫淮斯托斯掌握了创造魔法的真理，暂时拥有了直接操控生物概念的强大能力。
368,机关阴阳师＆机关保镖,0,远东之国设计制造的机关人偶。艾欧泽亚城邦军事同盟以训练用机关人偶的名目订购了这批机关人偶。制造方为了避免技术泄露，安装了防盗设施，如果不经过管理者认证就打开人偶的心脏部位，人偶就会直接自爆。
369,梦明威,0,“人类大人太温柔了！<hex:02100103>我一定会找到一个最棒的梦想的！”<hex:02100103>追梦的兔兔族：梦明威
370,猫耳小员,0,“嘿哟……喵……嗯……这下就都准备好了喵。”<hex:02100103>猫型魔法人偶：猫耳小员
371,安登,0,“嗯？对头部进行外部刺激？<hex:02100103>可是我现在没有手啊，只能拜托你了。”<hex:02100103>会说话的草人：安登
372,超威卢格,0,魔导技师卢格的末路。在将自己机械化又败于冒险者手下之后，又经历了这样那样的事故，最终只剩下一个脑袋的卢格将自己与他最爱的儿子巴尔纳伯的身体组合在一起，从卢格摇身一变成了超威卢格。
373,蜜言妖,0,蔓德拉魔科学改良后诞生的小妖种。蜜小妖是这些改良品种被选做队长培育的个体。然而，可能是它的智力被培育得过于优秀了，蜜小妖竟然产生了赞同革命参与叛乱的想法。因此，它被重新教育，并贬谪至正统优雷卡担任守卫。
374,梅茵菲娜,0,梅茵菲娜是司掌双月与慈爱的女神。有着冰属性的神力的她经常被描绘为一位手持平底锅的侍女。神域中出现的这位梅茵菲娜女神身边还跟着一条巨大的猎犬，这条猎犬大概是源于传说中月球的卫星达拉伽布是梅茵菲娜的忠实猎犬这个说法。
375,凯纳槽,0,高贝扎四天王中的水天王。从他的举动中不难看出他粗鲁好战的鲁莽性格。他在率领妖异大军从冥魂石洞袭击加雷马的过程中，与他眼中的强者即冒险者进行了一场殊死搏斗后，被冒险者消灭。
376,卢比坎特,0,高贝扎四天王中的火天王。他有着威风凛凛的武者般的身姿，即使肩负使命也不会焦躁，有着非凡的耐力的同时却也有着狂热之心。在冒险者与他的对峙过程中，他将潜藏在心底的炼狱具现出来，以其中的烈火为武器与冒险者战斗。
377,维涅斯,0,“人类已经得到了足以对抗绝望的力量……<hex:02100103>那我们就去击败那讴歌终结之物吧。<hex:02100103>去告诉她人类的回答——我们的旅途还远没有结束！”<hex:02100103>前任阿谢姆：维涅斯
378,妖怪提灯,0,人们若是经常使用一个提灯，又对它足够爱惜，提灯就会获得灵性变成付丧神。这个妖怪提灯就是高僧豪雷收集来的有名提灯之一，它受到六根山灵气的影响，大量分裂增殖。同时，受到被主人抛弃的怨念影响，它变成了渴望吞噬人类灵魂的妖怪。
379,铁鼠豪雷,0,这可怖的妖怪曾经是一位名叫豪雷的高僧。豪雷在紫州的著名寺庙圣净院中修行，他有着堪称执念的可怕的收集欲，据说只要远远看一眼自己弄来的古董珍宝，豪雷就会咧嘴笑个不停。他后来不幸被收藏品中的不祥之物蛊惑，变成了可怖的妖怪。
380,怨灵猛虎,0,猛虎是一名武将的怨灵，寄宿在一套被视为不祥之物的铠甲之中。猛虎活着的时候是战国时代天下闻名的勇猛武将，瞬息之间拔刀收回的居合之术曾帮助他斩落了无数敌将的头颅。然而他却因此功高震主有了谋反之嫌，猛虎的主君派出刺杀者用猛虎的爱刀斩落了他自己的头颅。
381,八足巨妖,0,形似章鱼的大型水栖生物，经从海中的地下洞窟来到了哈姆岛，并将喷出以太的间歇泉附近作为了自己的领地。在被冒险者讨伐后，近海的海难事故明显下降，于是有人推测部分海难事故的原因与该生物有关。
382,原型宝石兽,0,被收监于万魔殿的创造生物。其创造理念是可以将部分身体结晶化转换成刚玉状，并借此储存更为浓密以太的生物。但由于其具有异常的狂暴性以及无尽的食欲，而被烙上了失败作的烙印。
383,金德尔,0,于天青斗场飒爽登场的迷之黄金斗士。其真身乃是初代蓝色假面马丁本人，马丁在比赛中施展了种类繁多的魔法，辅以花样百出的特殊装置，以全新的身份作为对手为观众们奉上了精彩对决。
384,狮子王,0,远东之国的最可怕的大妖怪之一，历史文献中遍布人们对它的恐惧。关于它的来历有数百种不同说法，一些传说中，它是瑞兽奴延们的王，另一些传说中，它被认为是人们恐惧之心的化身。当你行走在夜间的深山之中，身边窸窸窣窣的诡异声响诱生的畏怖之心化为实体之后就成了狮子王。
385,特弥斯,0,“但在无数的繁星之中，<hex:02100103>出现在我面前的是你，我觉得我很幸福。”<hex:02100103>古代的引导者：特弥斯
386,烟烟罗,0,想给主人带来前所未有的幸福，却也导致了主人走向家破人亡的不幸。大烟管的付丧神烟烟罗就诞生在这样的矛盾之中。然而说到底，幸运与否不过是思考方式的不同而已。面对那些渴望为自己的下场寻找借口的人，烟烟罗会毫不留情地用烟雾吞噬他们，显然烟烟罗的立场就像是它的烟雾一般善变。
387,高贝扎,0,谜团重重的黑铠骑士。他带领着以四天王为首的众多手下，蹂躏并吞并了多个领域，扩大了自身在虚无界的势力。其目的似乎是打算进攻原初世界……
388,雅典娜,0,初代万魔殿的管理者，雅典娜的记忆在得到了被称为“神的素材”——克劳狄恩的肉体后显现的超常生命体。她妄图成为可以自由创造灵魂的“神”，但其野心在最后关头被冒险者阻止。
389,凯图嘟凯,0,在阿罗阿罗岛遇到的海洋生物。南洋群岛上流传着众多像是能飞在天上的鲸鱼“肖科莫”等传说，凯图嘟凯也是其中之一。传说云，其乃神使，将驮着善良的人们跨过远古之水与狂风之夜前往新的天地。
390,拉拉鲁,0,在阿罗阿罗岛遇到的守护像。通常这类巨像都是用坚固的石材制作而成，但拉拉鲁却是由木材制成。由此推断拉拉鲁应该是源于秘术的前身——算术的产物，特点是具备利用魔纹进行复杂控制的机关。
391,斯塔缇丝,0,喜欢恶作剧的无主小仙女。在其主人死后以太却未消散，一个人孤独地流浪了很长时间。她本质上十分喜欢和人类相处，但在相处的方式上却存在不少的问题。她总是会从收集到的遇难船的货物或者漂流物中找到称心的东西来表现自己扭曲的喜爱之情。
392,可幽可幽,0,“可幽可幽……我……可幽可幽……<hex:02100103>从很远的星球……可幽……来到这里。”<hex:02100103>外星朋友：可幽可幽
393,罗库罗库伊,0,在阿罗阿罗岛供奉着的“被遗忘之民”的神子像。据推测是以负责传达神谕的神子为形象制作的。但任何记录中都没有留下这究竟是怎样的一种信仰，后来到访岛上的人们心怀敬意用意味着“诉说之人”的名字称呼它为罗库罗库伊。
394,诺菲卡,0,诺菲卡是司掌大地与丰饶的女神，她经常被描绘为一位手持钢铁镰刀的开朗农民。森都当地居民对这位神明的信仰尤其广泛而深厚。其作为双蛇党募兵海报上的形象也广为人知。此外部分版本的神话中描述她与战争神哈罗妮相处并不融洽，但实际上在神域遇见的两位神明并没有丝毫这类迹象。
395,阿尔基克,0,阿尔基克是司掌重力与光阴的男神，他有着土属性的神力，经常被描绘为一位手持秘银大斧的帝王。在神域遇见的这位神明虽然第一印象的确和神话传说中的一样，静静地散发着神明应有的威严，但他对于妹妹行星神妮美雅却表现出十分溺爱的态度。
396,妮美雅,0,妮美雅是司掌行星与命运的女神，她经常被描绘为一位披戴着白色面纱的纺织人，在神域内与光阴神阿尔基克一起对人类发起了试炼。此外被冠以妮美雅之名的妮美雅百合是由于这种花的花瓣形似白色面纱而得名。
397,哈罗妮,0,哈罗妮是司掌冰河与战争的女神，她经常被描绘为一位装备着青铜巨盾的强大战士。在伊修加德正教中被视为绝对的主神。她在神域中充分发挥了勇猛战神的本领，灵活运用锐利的尖枪享受着与冒险者们的激战。
398,沙利亚克,0,沙利亚克是司掌河流与知识的男神，他经常被描绘为一位手持白蜡木手杖的学者。此外，在萨雷安，人们经由票选将沙利亚克选为了守护神后，还为他建造了兼顾美观与雄伟的巨大石像。在神域显现时的风貌也与该石像十分相似。
399,利姆莱茵,0,利姆莱茵是司掌海洋与航海的女神，她经常被描绘为一位手持长尖鱼叉的健壮渔民。神话中被描述为放浪神奥修昂的恋人。虽然也有传说提到她在沐浴时，曾遭到奥修昂的偷窥，于是奋力将剑扔向了奥修昂，不过我们宁愿相信这是后世之人捏造的故事。
400,奥修昂,0,奥修昂是司掌山岳及放浪的男神，他经常被描绘为一位手持紫杉木弓的悠闲猎人，神话中是他创造了美丽的群山，让世界有了流动的风。同时奥修昂也是探险家迪里克的真正姿态，为了实现众神的愿望，引导冒险者来到了翁法洛斯。
401,杜兰特,0,在高贝扎记忆中对峙过的忆晶师剑士。一直与黑铠魔法师高贝扎一起为了拯救世界而四处旅行，但最终他们的愿望还是破灭了。之后他为了阻止因敌人的奸计而失去理智的好友，不得不挥下手中的利刃。
402,欧罗基亚,0,十二神融合后的样子。其本质是深爱着人类的众神，打算将祝福赐予人类的决意。在至高神域星天，欧罗基亚赋予了人类最后的试炼。今后将是一个不存在神明的世界，活在这个世界上的人们的坚定意志让其感受到了无比的喜悦。
403,阿修罗,0,萨维奈的人们自古以来所信仰的人趣诸神之一，拥有着三头六臂的外形。因为其司掌“斗争”以及严酷的一面被人们熟知，市民之中信奉阿修罗的人并不多。但将“人生就是一场围绕着金钱的斗争”奉为信条的梵胡狄却经常向阿修罗献上祈祷。
404,泽罗姆斯,0,在遥远的古代，佐迪亚克被分割并封印在第十三世界月球的一部分以太，从其剩余的残渣中诞生的超魔王级大妖异。通过吞噬了阿珠达雅，获得了想要回归原初世界的思乡之念，最终拥有了破坏次元壁的力量。
405,克莱夫·罗兹菲尔德,0,“那一定是……<hex:02100103>要创造一个‘人人都能活得有尊严的地方’吧。”<hex:02100103>传说中的英雄：克莱夫·罗兹菲尔德
406,佩鲁佩鲁族,0,体格矮小的种族，主要生活在奥阔帕恰山。因骑着羊驼在图拉尔大陆各地行商而被人们所熟知。全族都戴着一款很有特点的面具，据说是以幻兽艳翼蛇鸟为原型设计的。
407,羊驼,0,原产于图拉尔大陆山岳地带的四足动物。好奇心旺盛，但同时也很胆小。如果不经意靠近的话，有可能会被吐一身臭气熏天的口水。在溪谷地带的野生种群的警戒心更强。
408,莫布林,0,栖息在克扎玛乌卡湿地的密林地带，与哥布林族有着共同祖先的种族。作为擅长采集的种族，他们会与其他种族的工匠签订契约，为采集到的素材寻找用武之地。那些签订契约的工匠被称为“罐子工”，不但会得到莫布林族提供的绝佳创作环境，还会得到生活上的照顾。罐子工制作出的成品是莫布林族的主要收入来源。
409,拟鸟枝,0,出现在亚克特尔树海低地的奇异魔物。远远望去像是有翼纲陆鸟，但仔细观察的话会发现它其实是草木纲的移动性植物。它拟态成鸟类，吸引肉食性动物靠近，上钩的狩猎者反而会变成猎物的养分。
410,犎牛,0,栖息在萨卡图拉尔草原区域的大型食草动物。平时动作迟缓，但一旦兴奋起来就很难驯服。巨大的躯体会将任何挡在面前的东西撞倒。脸上长着鲜明的纹样，据说是在同族间用来识别个体的标志。
411,哨兵R,0,新生亚历山德里亚联合王国引以为傲的机器兵。最新的哨兵系列中存在代号为“G”的枪手型和代号为“S”的剑士型等多种型号。代号为“R”的是骑手型，可以乘坐军用飞梭。
412,外勤机,0,新生亚历山德里亚联合王国制造的多功能自控机器。战争及灾难导致人口骤减，为了补充缺失的劳动力，人们开发出了这种机器。从日常清扫到维护等杂务均能胜任，甚至还能充当卡牌游戏的对战对手。
413,古鲁加加,0,“无知引发冲突，理解建立友谊。”<hex:02100103>图莱尤拉初代联王：古鲁加加
414,瞌睡怪,0,巨魔的近亲呜噜怪的其中一员。它会刻意将粘液怪吞入腹中在体内饲养。因为会被粘液怪夺走营养，所以它大多数时候都处于强烈的睡意之中。只有在感知到危险时会将粘液怪吐出来一同战斗。
415,辽刻特特雪精,0,栖息在灵峰沃刻佐莫山的雪精。人们偶尔会看到它与同伴一起快乐玩耍的情景，甚至还会邀请人们一起玩雪。辽刻特特雪精这个名字在尤卡巨人族的语言的含义为“从月亮上飘下，向人们诉说的雪精”。
416,锤颅巨兵,0,镇守深空天坑最深处的巨像。从锤状的头部可以推测出这是尤卡巨人族制造的挖掘用巨兵。但不知出于何人之手，控制巨兵的部分魔纹遭到篡改，让它变成了迎击入侵者的守护者。
417,安布罗斯,0,在灵魂工厂“创生设施”中遇到的实验体。从安布罗斯的状态可以推测出，研究人员似乎想要尝试将灵魂资源过量注入到尸体中，以实现一种具有实用性的死灵操控技术。此外，被用于实验的人好像是遭到逮捕的忘断军成员。
418,艳翼蛇鸟,0,无人不畏惧的蛇鸟，人称“拥有生命的天灾”。它在漫长的生命中获得了强大的力量，长期在图拉尔大陆横行霸道。大约80年前，古鲁加加一行人将其封印，但如今却在继位仪式的过程中苏醒了过来。
419,佐拉加,0,“这场战斗将会决出真正的王者！”<hex:02100103>新生亚历山德里亚联合王国武王：佐拉加
420,永恒女王,0,中央终端内生成的机器单元，继承了斯菲因的所有权限。斯菲因选择了从其他镜像世界夺取生命的道路，于是她抹去自己的记忆，化作毫无感情的机器，只为维持永久人继续存在下去。
421,黑猫,0,在九号解决方案最大的娱乐场所——登天斗技场中大放异彩的新锐斗士。她将有着锐利爪子的黑色怪猫——凯西·帕鲁格的灵魂注入到了自己体内，以惊人的速度在场内纵横驰骋。
422,欧提斯,0,“为了守护斯菲因大人和亲爱的人民，<hex:02100103>我绝不会让你通过这里！”<hex:02100103>亚历山德里亚王国骑士团长：欧提斯
423,喀赫奇瓦,0,“所以，把头抬起来吧。<hex:02100103>带上我的记忆，继续走下去！”<hex:02100103>忘断军首领：喀赫奇瓦
424,乌克·拉玛特,0,“一定要再见啊！我们永远都是同伴！”<hex:02100103>图莱尤拉武王：乌克·拉玛特
425,斯菲因,0,“我是继承了亚历山德里亚斯菲因女王记忆之人。<hex:02100103>我的人民就是我的家人，我守护他们的心愿超过一切！”<hex:02100103>新生亚历山德里亚联合王国理王：斯菲因
